﻿﻿﻿﻿﻿﻿﻿﻿idx,card_name,company,card_type,brands,annual_fee,pre_month_money,pre_month_condition,top_benefit_summary,benefit_categories,only_online,release_dt,card_img,detail_url,detailed_benefits
2863,디지로카 Travel,롯데카드,신용,AMEX,"국내전용 [20,000]원 / 해외겸용 [20,000]원",0,없음,적립: 1.2% | 여행/숙박: 3% | 적립: 15000원,"모든가맹점, 무실적, 항공마일리지, 여행/숙박, 해외",false,2025-05-28,https://d1c5n4ri2guedi.cloudfront.net/card/2863/card_img/43838/2863card.png,https://www.card-gorilla.com/card/detail/2863,"적립: 국내 가맹점 1% 트래블마일 적립 | 여행/숙박: 기본/특별 적립 혜택 제공 공통기준 | 적립: 트래블마일 15,000마일 적립 (연 1회)"
2864,디지로카 Travel 프리미엄,롯데카드,신용,AMEX,"국내전용 [100,000]원 / 해외겸용 [100,000]원",0,없음,적립: 1.5% | 여행/숙박: 5% | 적립: 70000원,"모든가맹점, 무실적, 항공마일리지, 공항라운지/PP, 여행/숙박, 해외",false,2025-06-27,https://d1c5n4ri2guedi.cloudfront.net/card/2864/card_img/43839/2864card.png,https://www.card-gorilla.com/card/detail/2864,"적립: 국내 가맹점 1.2% 트래블마일 적립 | 여행/숙박: 기본/특별 적립 혜택 제공 공통기준 | 적립: 트래블마일 70,000마일 적립 (연 1회) | 공항라운지: 공항라운지(THE LOUNGE) 무료 이용 서비스"
2862,MG+ S 하나카드,MG새마을금고,신용,Mastercard,"국내전용 [17,000]원 / 해외겸용 [17,000]원",300000,"300,000원",간편결제: 10% | 디지털구독: 50% | 디지털구독: 50%,"쇼핑, 푸드, OTT/영화/문화, 간편결제",false,2025-06-18,https://d1c5n4ri2guedi.cloudfront.net/card/2862/card_img/43837/2862card.png,https://www.card-gorilla.com/card/detail/2862,"간편결제: 네이버페이, 카카오페이, 토스페이, SSG페이, 11pay, 스마일페이 10% 청구할인 | 디지털구독: 유튜브, 디즈니플러스, Wavve, 넷플릭스, 티빙 50% 청구할인 | 디지털구독: 네이버플러스멤버십, 컬리멤버스, 쿠팡와우멤버십 50% 청구할인"
2762,THE iD. TITANIUM (아시아나),삼성카드,신용,VISA,"국내전용 [700,000]원 / 해외겸용 [700,000]원",0,없음,바우처: 무제한 | 항공마일리지: 500원 | 항공마일리지: 무제한,"무실적, 레저/스포츠, 항공마일리지, 공항라운지/PP, 프리미엄, 여행/숙박, 해외",false,2024-08-26,https://d1c5n4ri2guedi.cloudfront.net/card/2762/card_img/37841/2761card.png,https://www.card-gorilla.com/card/detail/2762,"바우처: GIFT (택2) | 아시아나항공: 아시아나 마일리지 적립 | 아시아나항공: 아시아나항공 50,000원 할인 | 프리미엄 서비스: 공항 라운지 서비스(The Lounge)"
2732,토스뱅크 하나카드 Wide,하나카드,신용,Mastercard,"국내전용 [20,000]원 / 해외겸용 [20,000]원",400000,"400,000원",할인: 2%,모든가맹점,false,2024-04-19,https://d1c5n4ri2guedi.cloudfront.net/card/2732/card_img/37974/2732card_1.png,https://www.card-gorilla.com/card/detail/2732,할인: 국내외 모든 가맹점 어디서나 결제해도 할인
2736,현대홈쇼핑 현대카드,현대카드,신용,VISA,"국내전용 [10,000]원 / 해외겸용 [10,000]원",0,없음,홈쇼핑: 3% | 적립: 1%,"쇼핑, 무실적",false,,https://d1c5n4ri2guedi.cloudfront.net/card/2736/card_img/36643/2736card_1.png,https://www.card-gorilla.com/card/detail/2736,홈쇼핑: 현대홈쇼핑 특화 혜택 H.Point 최대 3% 적립
2718,모바일엔디지로카,롯데카드,신용,Mastercard,"국내전용 [20,000]원 / 해외겸용 [20,000]원",400000,"400,000원",통신: 20000원,통신,false,2024-05-02,https://d1c5n4ri2guedi.cloudfront.net/card/2718/card_img/35577/2728card.png,https://www.card-gorilla.com/card/detail/2718,"통신: SKT, KT, LG U+ 및 알뜰폰 월 최대 20,000원 결제일 할인"
2551,카드의정석 EVERY 1,우리카드,신용,Mastercard,"국내전용 [12,000]원 / 해외겸용 [12,000]원",500000,"500,000원",국내외가맹점: 1% | 할인: 20000원,모든가맹점,false,2023-07-13,https://d1c5n4ri2guedi.cloudfront.net/card/2551/card_img/29587/2551card.png,https://www.card-gorilla.com/card/detail/2551,무실적: 국내외 가맹점 1% 청구할인 | 할인: 전월실적에 따라 매월 최대 2만원 청구할인 | 선택형: 플레이트 2종 선택
2518,컬리카드,BC 바로카드,신용,"BC, AMEX","국내전용 [12,000원] / 해외겸용 [12,000원]",0,없음,기타: 5% | 기타: 2% | 기타: 1%,"모든가맹점, 무실적, 해외",false,,https://d1c5n4ri2guedi.cloudfront.net/card/2518/card_img/28798/2518card.png,https://www.card-gorilla.com/card/detail/2518,멤버십포인트: 컬리 적립금 5% 적립 | 멤버십포인트: 해외 가맹점 컬리 적립금 2% 적립 | 멤버십포인트: 국내 가맹점 컬리 적립금 1% 적립 | 선택형: 플레이트 5종 선택
2522,KT NU우리카드,우리카드,신용,"BC, Mastercard","국내전용 [20,000원] / 해외겸용 [20,000원]",400000,"400,000원",KT: 20000원 | KT: 무제한,통신,false,,https://d1c5n4ri2guedi.cloudfront.net/card/2522/card_img/28847/2522card.png,https://www.card-gorilla.com/card/detail/2522,KT: KT 통신서비스 요금 청구할인 | KT: KT 단말기 장기할부 서비스
2523,LG U+ 우리카드,우리카드,신용,"BC, Mastercard","국내전용 [10,000원] / 해외겸용 [15,000원]",300000,"300,000원",LGU+: 15000원 | 패밀리레스토랑: 10% | 카페: 20%,"통신, 푸드, 카페/디저트, 레저/스포츠, OTT/영화/문화",false,,https://d1c5n4ri2guedi.cloudfront.net/card/2523/card_img/28848/2523card.png,https://www.card-gorilla.com/card/detail/2523,LGU+: LG U+ 유무선 통신요금 할인 | 패밀리레스토랑: 패밀리레스토랑 10% 청구할인 | 카페: 커피 20% 청구할인 | 영화: 전국 영화관 3천원 청구할인 | 테마파크: 주요 놀이공원 자유이용권 50% 현장할인
2525,만나 우리카드,우리카드,신용,"VISA, BC","국내전용 [12,000원] / 해외겸용 [12,000원]",0,없음,주유소: 100원 | 대중교통: 10% | 카페: 10%,"교통, 주유, 카페/디저트, 무실적",false,,https://d1c5n4ri2guedi.cloudfront.net/card/2525/card_img/28884/2525card.png,https://www.card-gorilla.com/card/detail/2525,주유소: [Daily 할인] 주유 리터당 60~100원 청구할인 | 대중교통: [Daily 할인] 대중교통 10% 청구할인 | 카페: [Daily 할인] 커피 10% 청구할인 | 할인: [Simple 할인] 국내 가맹점 1.0%~0.7% 청구할인
2502,UPTURN카드,BC 바로카드,신용,BC Global,"해외겸용 [7,000원]",300000,"300,000원",KT: 14000원 | 온라인쇼핑: 5% | 주유소: 무제한,"주유, 통신, 마트/편의점, 쇼핑, 푸드, OTT/영화/문화, 여행/숙박",false,,https://d1c5n4ri2guedi.cloudfront.net/card/2502/card_img/28620/2502card.png,https://www.card-gorilla.com/card/detail/2502,"KT: KT이동통신요금 월 7,000원~ 최대 14,000원 할인 | 온라인쇼핑: BC UPTURN 모바일카드로 모든 온라인 가맹점 및 모바일쇼핑몰 결제 시 이용금액의 5% 할인 | 주유소: GS칼텍스 리터당 60원 할인 | 편의점: 전국 주요 편의점 10% 할인 | 영화: 영화 인터넷 예매 시 1,500원 할인 | 패밀리레스토랑: 전국 주요 외식업체 10% 할인 | 기타: KT고객등급에 따라 &#39;별&#39;을 2만~ 최대 5만개 연간 적립 | 무이자할부: 전국 대형할인점, 백화점에서 최대 3개월 무이자 | 렌터카: 롯데렌터카(구. 금호렌터카) 35% 할인"
2503,키자니아 에듀카드,BC 바로카드,신용,"VISA, Mastercard, BC","국내전용 [12,000원] / 해외겸용 [15,000원]",300000,"300,000원",교육/육아: 10% | 주유: 무제한 | 테마파크: 무제한,"주유, 통신, 푸드, 카페/디저트, 교육/육아, 레저/스포츠, OTT/영화/문화",false,,https://d1c5n4ri2guedi.cloudfront.net/card/2503/card_img/28621/2503card.png,https://www.card-gorilla.com/card/detail/2503,"교육/육아: 전국 모든 학원 및 유치원 10% 할인 | 주유: 전국 모든 주유소 최대 60원 할인 | 테마파크: 키자니아 무료입장 세트권(대인+소인) 무료제공 | 무이자할부: 전국 모든 백화점, 할인점, 자동차판매, 의류, 학원, 레져업소, 레져용품, 학원 업종에서 2~3개월 무이자할부 | 테마파크: 키자니아 및 전국 주요 테마파크 무료입장 또는 최대 50% 할인 | 영화: 전국 주요 영화관 3천원 할인 | 패밀리레스토랑: 전국 주요 외식업체 10% 할인 | 베이커리: 전국 주요 베이커리 10% 할인 | 통신: 이동통신요금 3% 할인 | 기타: 자녀 인터넷 멘토 프로그램 &ldquo;하이멘토 유료회원 서비스&rdquo; 무료제공"
2358,삼성 iD EDU 카드,삼성카드,신용,VISA,"국내전용 [30,000원] / 해외겸용 [30,000원]",500000,"500,000원",교육/육아: 10% | 공과금/렌탈: 5000원 | 배달앱: 5%,"쇼핑, 푸드, 공과금/렌탈, 교육/육아, 해외",false,,https://d1c5n4ri2guedi.cloudfront.net/card/2358/card_img/27724/2359card.png,https://www.card-gorilla.com/card/detail/2358,학원: 서비스안내 | 공과금: 서비스안내 | 온라인쇼핑: 서비스안내 | 배달앱: 서비스안내 | 해외: 서비스 안내 | 선택형: 삼성 iD EDU 카드
2316,차이 신용카드,차이,신용,VISA,"국내전용 [12,000]원 / 해외겸용 [12,000]원",0,없음,대중교통: 2% | 기타: 80%,"모든가맹점, 교통, 무실적",false,,https://d1c5n4ri2guedi.cloudfront.net/card/2316/card_img/23743/2316card.png,https://www.card-gorilla.com/card/detail/2316,대중교통: 대중교통 2% 캐시백 | 기타: [특별 혜택 기간: 2022.06.01 ~ 2022.08.31]
2326,해피포인트 해피리워드 카드,KB국민카드,신용,Mastercard,"국내전용 [15,000원] / 해외겸용 [15,000원]",300000,"300,000원",멤버십포인트: 35% | 생활: 5% | 디지털구독: 10%,"푸드, 뷰티/피트니스, 병원/약국, 레저/스포츠, OTT/영화/문화",false,,https://d1c5n4ri2guedi.cloudfront.net/card/2326/card_img/23881/2326card.png,https://www.card-gorilla.com/card/detail/2326,"해피포인트: 해피포인트 가맹점 이용시 해피포인트 최대 35% 적립 | 생활: 학원, 골프/골프연습장, 약국, 미용실 5% 적립 | 디지털구독: 넷플릭스, 웨이브, 멜론, 지니 10% 해피포인트 적립 | 선택형: 해피포인트 해피리워드 카드 디자인 선택"
2291,메리어트 본보이™ 더 클래식 신한카드,신한카드,신용,VISA,"국내전용 [144,000]원 / 해외겸용 [147,000]원",0,없음,적립: 15000원 | 적립: 무제한 | 적립: 무제한,"모든가맹점, 무실적, 공항라운지/PP, 프리미엄, 여행/숙박",false,,https://d1c5n4ri2guedi.cloudfront.net/card/2291/card_img/20676/2291card.png,https://www.card-gorilla.com/card/detail/2291,"적립: 연간 기프트 | 적립: 기본적립 | 적립: 연회비 주기 내 이용 실적에 따른 메리어트 본보이&trade; 보너스 포인트 적립 | 프리미엄 서비스: 메리어트 본보이&trade; 엘리트 멤버십 제공 | 호텔: 메리어트 본보이&trade; 엘리트 숙박 크레딧 제공 | 호텔: 국내 메리어트 참여 호텔 라운지 무료 음료 서비스 (월 최대 2잔, 연 4잔) | 공항라운지: The Lounge Members 모바일 앱을 통한 전세계 공항 라운지 무료 이용 (연 2회)"
2292,현대카드 MY BUSINESS ZERO Food&Drink,현대카드,신용,"VISA, Mastercard","국내전용 [30,000]원 / 해외겸용 [30,000]원",0,없음,모든가맹점: 0.7% | 비즈니스: 1.5% | 마트/편의점: 1.5%,"마트/편의점, 쇼핑, 무실적, 공과금/렌탈, 비즈니스",false,,https://d1c5n4ri2guedi.cloudfront.net/card/2292/card_img/22779/2292card.png,https://www.card-gorilla.com/card/detail/2292,비즈니스: 사업지원서비스 2.0 | 비즈니스: 사업성 경비 영역에서 이용 시 1.5% 할인 | 모든가맹점: 모든 가맹점에서 이용 시 0.7% 할인 | 기타: 사업구매전용 플레이트(2021. 11. 25 ~ 2022. 11. 24)
2293,현대카드 MY BUSINESS ZERO Retail&Service,현대카드,신용,"VISA, Mastercard","국내전용 [30,000]원 / 해외겸용 [30,000]원",0,없음,모든가맹점: 0.7% | 비즈니스: 1.5% | 통신: 1.5%,"통신, 무실적, 공과금/렌탈, 비즈니스",false,,https://d1c5n4ri2guedi.cloudfront.net/card/2293/card_img/23896/2293card.png,https://www.card-gorilla.com/card/detail/2293,비즈니스: 사업지원서비스 2.0 | 비즈니스: 사업성 경비 영역에서 이용 시 1.5% 할인 | 모든가맹점: 모든 가맹점에서 이용 시 0.7% 할인 | 기타: 사업구매전용 플레이트(2021. 11. 25 ~ 2022. 11. 24)
2294,현대카드 MY BUSINESS ZERO Online Seller,현대카드,신용,"VISA, Mastercard","국내전용 [30,000]원 / 해외겸용 [30,000]원",0,없음,모든가맹점: 0.7% | 비즈니스: 1.5% | 온라인쇼핑: 1.5%,"쇼핑, 무실적, 공과금/렌탈, 해외, 비즈니스",false,,https://d1c5n4ri2guedi.cloudfront.net/card/2294/card_img/23897/2294card.png,https://www.card-gorilla.com/card/detail/2294,비즈니스: 사업지원서비스 2.0 | 비즈니스: 사업성 경비 영역에서 이용 시 1.5% 할인 | 모든가맹점: 모든 가맹점에서 이용 시 0.7% 할인
2300,내맘대로 쁨 카드,하나카드,신용,Mastercard,"국내전용 [12,000]원 / 해외겸용 [12,000]원",500000,"500,000원",주유: 20% | 쇼핑: 5% | 간편결제: 1.5%,"모든가맹점, 교통, 주유, 마트/편의점, 쇼핑, 병원/약국, 애완동물, 교육/육아, 레저/스포츠, 간편결제, 항공마일리지, 여행/숙박",false,,https://d1c5n4ri2guedi.cloudfront.net/card/2300/card_img/28825/2300card.png,https://www.card-gorilla.com/card/detail/2300,모든가맹점: 국내외 전 가맹점 0.5% 하나머니 적립 | 간편결제: 페이결제 건 1% 하나머니 적립 | 쇼핑: [&#39;쁨&#39; 서비스 쇼핑] | 쇼핑: [&#39;쁨&#39; 서비스 트렌디쇼핑] | 주유: [&#39;쁨&#39; 서비스 모빌리티] | 교육/육아: [&#39;내맘대로 서비스&#39; 에듀 서비스] | 골프: [&#39;내맘대로 서비스&#39; 골프서비스] | 여행/숙박: [&#39;내맘대로 서비스&#39; 여행 서비스] | 병원/약국: [&#39;내맘대로 서비스&#39; 케어 서비스]
2306,L.PAY by 롤라카드(신용),롯데카드,신용,Mastercard,"국내전용 [15,000]원 / 해외겸용 [15,000]원",0,없음,적립: 2% | 디지털구독: 무제한,"무실적, OTT/영화/문화",false,,https://d1c5n4ri2guedi.cloudfront.net/card/2306/card_img/23706/2306card.png,https://www.card-gorilla.com/card/detail/2306,적립: 지난달 40만원 이상 이용 시 1~2% L.POINT 적립 | 디지털구독: 클럽롤라 서비스
2347,BC 바로 리워드 플러스,BC 바로카드,신용,"Mastercard, BC","국내전용 [10,000원] / 해외겸용 [10,000원]",300000,"300,000원",디지털구독: 30% | 쇼핑: 5% | 생활: 5%,"모든가맹점, 교통, 주유, 통신, 쇼핑, 교육/육아, 레저/스포츠, OTT/영화/문화",false,,https://d1c5n4ri2guedi.cloudfront.net/card/2347/card_img/32524/2347card.png,https://www.card-gorilla.com/card/detail/2347,
2348,BC 바로 페이백 플러스,BC 바로카드,신용,"VISA, BC","국내전용 [15,000]원 / 해외겸용 [15,000]원",400000,"400,000원",모든가맹점: 0.7% | 온라인쇼핑: 6.3% | 푸드: 6.3%,"모든가맹점, 주유, 통신, 쇼핑, 푸드, OTT/영화/문화, 간편결제",false,,https://d1c5n4ri2guedi.cloudfront.net/card/2348/card_img/25292/2348card.png,https://www.card-gorilla.com/card/detail/2348,모든가맹점: 전 가맹점 0.7% 기본 할인 | 쇼핑: 온라인쇼핑/간편결제 6.3% 추가 할인 | 일반음식점: 음식점 6.3% 추가 할인 | 기타: 교통/통신/스트리밍 6.3% 할인 | 프리미엄 서비스: VISA PLATINUM 등급 기본 서비스 제공
2353,NU Blanc,우리카드,신용,"Mastercard, BC","국내전용 [50,000]원 / 해외겸용 [50,000]원",0,없음,모든가맹점: 1.8% | 해외: 3% | 적립: 20000원,"무실적, 레저/스포츠, 공항라운지/PP, 여행/숙박, 해외",false,,https://d1c5n4ri2guedi.cloudfront.net/card/2353/card_img/24773/2353card.png,https://www.card-gorilla.com/card/detail/2353,"모든가맹점: 국내 전 가맹점 1~1.8% 포인트적립 | 해외: 해외 전 가맹점 3% 포인트적립 | 적립: 보너스 포인트 20,000점 적립 | 공항라운지: 전세계 공항라운지 무료 이용 | 대중교통: K리무진 버스 무료 이용 | 골프: 골프 서비스 | 호텔: 전국 부티크 호텔 무료 브런치 제공"
2354,NU Uniq,우리카드,신용,"Mastercard, BC","국내전용 [20,000원] / 해외겸용[20,000원]",400000,"400,000원",모든가맹점: 0.8% | 배달앱: 1.5% | 카페/디저트: 5%,"모든가맹점, 교통, 마트/편의점, 쇼핑, 푸드, 카페/디저트, OTT/영화/문화",false,,https://d1c5n4ri2guedi.cloudfront.net/card/2354/card_img/24965/2354card.png,https://www.card-gorilla.com/card/detail/2354,"모든가맹점: 국내 가맹점 0.5%할인 | 모든가맹점: 국내 가맹점 우리페이 결제시 0.3% 추가할인 | 소셜커머스: 쿠팡, G마켓, 11번가 1.5% 할인 | 배달앱: 배달의민족, B마트, 쿠팡이츠 1.5% 할인 | 대형마트: 이마트, 롯데마트, 홈플러스 1.5% 할인 | 교통: 대중교통, 택시, 전기차, 주유 1.5% 할인 | 적립: 가장 많이 이용한 영역 1.5% 한번 더 적립 | 디지털구독: 넷플릭스, 유튜브 프리미엄, 멜론, 디즈니플러스 5% 할인 | 카페: 스타벅스, 투썸플레이스, 폴바셋, 이디야, 커피빈, 탐앤탐스, 카페베네, 할리스, 엔제리너스 5% 할인"
2296,톡톡M 카드,KB국민카드,신용,"Mastercard, AMEX","국내전용 [12,000]원 / 해외겸용 [12,000]원",300000,"300,000원",디지털구독: 100% | 간편결제: 10% | 편의점: 5%,"교통, 마트/편의점, OTT/영화/문화, 간편결제",false,,https://d1c5n4ri2guedi.cloudfront.net/card/2296/card_img/22992/2296card.png,https://www.card-gorilla.com/card/detail/2296,디지털구독: 멤버십 100% 청구할인 | 간편결제: 온라인 간편결제 10% 청구할인 | 편의점: 편의점 5% 청구할인 | 대중교통: 대중교통 5% 청구할인
2297,톡톡F 카드,KB국민카드,신용,"Mastercard, AMEX","국내전용 [12,000]원 / 해외겸용 [12,000]원",300000,"300,000원",쇼핑: 50% | 간편결제: 10% | 편의점: 5%,"교통, 마트/편의점, OTT/영화/문화, 간편결제",false,,https://d1c5n4ri2guedi.cloudfront.net/card/2297/card_img/22991/2297card.png,https://www.card-gorilla.com/card/detail/2297,쇼핑: 패션플랫폼 50% 청구할인 | 간편결제: 온라인 간편결제 10% 청구할인 | 편의점: 편의점 5% 청구할인 | 대중교통: 대중교통 5% 청구할인
2298,톡톡O 카드,KB국민카드,신용,"Mastercard, AMEX","국내전용 [12,000]원 / 해외겸용 [12,000]원",300000,"300,000원",쇼핑: 100% | 간편결제: 10% | 편의점: 5%,"교통, 마트/편의점, OTT/영화/문화, 간편결제",false,,https://d1c5n4ri2guedi.cloudfront.net/card/2298/card_img/22990/2298card.png,https://www.card-gorilla.com/card/detail/2298,디지털구독: OTT 플랫폼 100% 청구할인 | 간편결제: 온라인 간편결제 10% 청구할인 | 편의점: 편의점 5% 청구할인 | 대중교통: 대중교통 5% 청구할인
2299,톡톡D 카드,KB국민카드,신용,"Mastercard, AMEX","국내전용 [12,000]원 / 해외겸용 [12,000]원",300000,"300,000원",배달앱: 50% | 간편결제: 10% | 편의점: 5%,"교통, 마트/편의점, 푸드, 간편결제",false,,https://d1c5n4ri2guedi.cloudfront.net/card/2299/card_img/22989/2299card.png,https://www.card-gorilla.com/card/detail/2299,배달앱: 배달앱 50% 청구할인 | 간편결제: 온라인 간편결제 10% 청구할인 | 편의점: 편의점 5% 청구할인 | 대중교통: 대중교통 5% 청구할인
2345,현대백화점 Fit카드,현대백화점,신용,,국내전용 [없음],0,없음,쇼핑: 5% | 백화점: 무제한 | 기타: 20%,"쇼핑, 무실적",true,,https://d1c5n4ri2guedi.cloudfront.net/card/2345/card_img/24462/2345card.png,https://www.card-gorilla.com/card/detail/2345,쇼핑: 현대백화점 5% 할인 | 백화점: 현대백화점 2시간 무료주차 | 기타: H.Point 20% 추가 적립
2483,IBK DC히어로즈 카드(신용),IBK기업은행,신용,Mastercard,"국내전용 [10,000]원 / 해외겸용 [12,000]원",500000,"500,000원",푸드: 1% | 병원/약국: 1% | 캐시백: 1%,"교통, 주유, 통신, 마트/편의점, 쇼핑, 푸드, 병원/약국",false,,https://d1c5n4ri2guedi.cloudfront.net/card/2483/card_img/28404/2483card.png,https://www.card-gorilla.com/card/detail/2483,생활: 6대 생활영역 이용금액 1% 기본캐시백
2489,K-FIRST (모바일전용),BC 바로카드,신용,"VISA, UnionPay","해외겸용 [5,000]원",0,없음,모든가맹점: 1% | 생활: 0.5% | 쇼핑: 5%,"모든가맹점, 교통, 마트/편의점, 쇼핑, 푸드, 무실적, 항공마일리지, 여행/숙박",false,,https://d1c5n4ri2guedi.cloudfront.net/card/2489/card_img/28439/2489card.png,https://www.card-gorilla.com/card/detail/2489,모든가맹점: 전 가맹점 1% 할인 | 생활: 생활 편의 업종 0.5% 추가 할인 | 쇼핑: 페이북 쇼핑 5% 할인 | 여행/숙박: 비씨투어 멤버스 서비스 무료 가입
2452,카카오뱅크 하나카드,하나카드,신용,"VISA, UnionPay","국내전용 [12,000]원 / 해외겸용 [12,000]원",0,없음,디지털구독: 50% | 간편결제: 1% | 모든가맹점: 0.5%,"모든가맹점, 무실적, OTT/영화/문화, 간편결제",false,,https://d1c5n4ri2guedi.cloudfront.net/card/2452/card_img/27779/2452card.png,https://www.card-gorilla.com/card/detail/2452,디지털구독: 디지털 구독 50% 할인 | 간편결제: 디지털 결제 1% 할인 | 모든가맹점: 국내외 전 가맹점 기본 0.5% 할인
2453,신한카드 구독 좋아요,신한카드,신용,VISA,"국내전용 [15,000]원 / 해외겸용 [18,000]원",400000,"400,000원",디지털구독: 100% | 통신: 1000원 | 생활: 10%,"통신, 마트/편의점, 쇼핑, 푸드, 공과금/렌탈, OTT/영화/문화",false,,https://d1c5n4ri2guedi.cloudfront.net/card/2453/card_img/27868/2453card.png,https://www.card-gorilla.com/card/detail/2453,디지털구독: 5개 영역 디지털 구독 가맹점 정기결제 이용 시 결제일 할인 | 할인: 서비스 대상 정기결제 자동이체 시 결제일 할인 | 생활: 서비스 대상 배달앱/생활편의 가맹점 이용 시 결제일 할인
2455,카카오뱅크 우리카드,우리카드,신용,VISA,"국내전용 [12,000]원 / 해외겸용 [12,000]원",400000,"400,000원",기타: 50% | 카카오페이: 10%,간편결제,false,,https://d1c5n4ri2guedi.cloudfront.net/card/2455/card_img/28009/2455card.png,https://www.card-gorilla.com/card/detail/2455,기타: 카카오톡 선물하기 50% 할인 | 카카오페이: 카카오페이 결제 10% 할인
2458,BC 바로 에어 플러스 스카이패스,BC 바로카드,신용,"Mastercard, BC","국내전용 [19,000]원 / 해외겸용 [19,000]원",0,없음,대한항공: 1000원 | 대한항공: 200원,"모든가맹점, 무실적, 항공마일리지, 프리미엄",false,,https://d1c5n4ri2guedi.cloudfront.net/card/2458/card_img/31078/2458card_1.png,https://www.card-gorilla.com/card/detail/2458,대한항공: 대한항공 마일리지 기본 적립: 1천원당 1스카이패스 마일리지 | 대한항공: 대한항공 마일리지 보너스 적립: 1백만원당 200스카이패스 마일리지 | 무이자할부: 전국 모든 가맹점 2~3개월 상시 무이자할부 | 프리미엄 서비스: MasterCard Platinum/ VISA Platinum 기본 서비스
2465,신세계 the Mile 하나카드,하나카드,신용,VISA,"해외겸용 [35,000]원",0,없음,항공마일리지: 무제한 | 모든가맹점: 무제한 | 면세점: 무제한,"모든가맹점, 쇼핑, 무실적, 항공마일리지, 해외",false,,https://d1c5n4ri2guedi.cloudfront.net/card/2465/card_img/28191/2465card.png,https://www.card-gorilla.com/card/detail/2465,아시아나항공: 아시아나항공 마일리지 적립 서비스 | 백화점: 신세계백화점 제휴 서비스 | 면세점: 신세계면세점 멤버십 우대 서비스
2677,"카드의정석 Dear, Shopper(디어쇼퍼)",우리카드,신용,Mastercard,"국내전용 [150,000]원 / 해외겸용 [150,000]원",500000,"500,000원",쇼핑: 5% | 적립: 1% | 공항라운지/PP: 무제한,"쇼핑, 공항라운지/PP, 프리미엄, 해외",false,2024-01-26,https://d1c5n4ri2guedi.cloudfront.net/card/2677/card_img/32696/2677card.png,https://www.card-gorilla.com/card/detail/2677,"바우처: 매년 기프트 바우처 중 1가지를 선택하여 이용하실 수 있습니다.(① - ④ 중 택 1, 연 1회) | 쇼핑: [퍼스널 쇼핑 적립] 패션/럭셔리/라이프/해외 5% 적립 | 적립: [기본 적립] 국내 가맹점 1% 적립 | 적립: [FLEX 적립] 국내 가맹점 건당 100만원 이상 결제 시 5% 적립 | 적립: [보너스 적립] 본인카드로 국내 가맹점 1천만원 이상 이용 시 5만점 적립 | 공항라운지: [더라운지 서비스] 국내외 공항라운지 무료 이용 (본인+동반 1인까지 제공)"
2678,"카드의정석 Dear, Traveler(디어트래블러)",우리카드,신용,Mastercard,"국내전용 [150,000]원 / 해외겸용 [150,000]원",500000,"500,000원",여행/숙박: 5% | 적립: 1% | 공항라운지/PP: 무제한,"교통, 공항라운지/PP, 프리미엄, 여행/숙박, 해외",false,2024-01-26,https://d1c5n4ri2guedi.cloudfront.net/card/2678/card_img/32701/2678card.png,https://www.card-gorilla.com/card/detail/2678,"바우처: 매년 기프트 바우처 중 1가지를 선택하여 이용하실 수 있습니다.(① - ④ 중 택 1, 연 1회) | 여행/숙박: 퍼스널 트래블(패키지/플랫폼/교통/해외) 5% 적립 | 적립: [기본 적립] 국내 가맹점 1% 적립 | 적립: [FLEX 적립] 국내 가맹점 건당 100만원 이상 결제 시 5% 적립 | 적립: [보너스 적립] 본인카드로 국내 가맹점 1천만원 이상 이용 시 5만점 적립 | 공항라운지: [더라운지 서비스] 국내외 공항라운지 무료 이용 (본인+동반 1인까지 제공)"
2653,010PAY 우리카드,우리카드,신용,Mastercard,"국내전용 [12,000]원 / 해외겸용 [12,000]원",0,없음,적립: 0.3% | 혜택 프로모션: 무제한 | 혜택 프로모션: 30000원,무실적,false,2023-11-28,https://d1c5n4ri2guedi.cloudfront.net/card/2653/card_img/32205/2653card.png,https://www.card-gorilla.com/card/detail/2653,"적립: 전월 실적 조건 없이 결제 금액 0.3% 010PAY 포인트 적립 | 혜택 프로모션: 결제할 때마다 최대 1억 당첨 가능 010PAY 리또 지급 | 혜택 프로모션: 리또 이용 고객 리워드 30,000 010PAY 포인트 100% 증정 | 혜택 프로모션: 응카 패밀리 모여라!"
2675,I-Mileage (아시아나),IBK기업은행,신용,"Mastercard, BC","국내전용 [41,000]원 / 해외겸용 [42,000]원",500000,"500,000원",항공마일리지: 무제한 | 공항라운지/PP: 무제한 | 카페: 4000원,"카페/디저트, 항공마일리지, 공항라운지/PP",false,2024-03-26,https://d1c5n4ri2guedi.cloudfront.net/card/2675/card_img/32668/2675card.png,https://www.card-gorilla.com/card/detail/2675,아시아나항공: 기본 마일리지 | 공항라운지: 전 세계 공항 라운지 무료 이용 서비스 | 공항: 공항 발레파킹 무료 이용 서비스 | 카페: 스타벅스 할인 서비스 | 프리미엄 서비스: 국제 브랜드 서비스
2642,에너지플러스카드 Edition3,현대카드,신용,VISA,"국내전용 [30,000]원 / 해외겸용 [30,000]원",500000,"500,000원",주유: 300원 | 적립: 1%,주유,false,2023-11-02,https://d1c5n4ri2guedi.cloudfront.net/card/2642/card_img/32040/2642card.png,https://www.card-gorilla.com/card/detail/2642,적립: GS칼텍스 주유소 및 국내외 가맹점 이용 시 M포인트 적립 | 바우처: [우대 서비스] 2만원 바로할인 보너스 카드* 제공(6개월마다 1만원씩 총 2만원) | 멤버십포인트: [프로모션] | 프리미엄 서비스: VISA 플래티넘 서비스
2644,GOAT BC 바로카드,BC 바로카드,신용,"VISA, Mastercard","국내전용 [12,000]원 / 해외겸용 [12,000]원",0,없음,적립: 1.5% | 적립: 3% | 적립: 10%,"모든가맹점, 무실적, 해외",false,2023-12-25,https://d1c5n4ri2guedi.cloudfront.net/card/2644/card_img/32094/2644card.png,https://www.card-gorilla.com/card/detail/2644,"적립: [페이북 머니 매일 적립] 국내 가맹점 최대 1.5%, 국외 가맹점 최대 3% 적립 | 적립: [페이북 머니 연간 적립] 연간 국내・외 카드사용액 3천만원 이상 시, 적립된 페이북 머니의 10% 추가 적립 | 프리미엄 서비스: [국제 브랜드 서비스] Mastercard/VISA Platinum 기본 서비스 제공"
2656,춘식이 모바일 로카,롯데카드,신용,AMEX,"국내전용 [20,000]원 / 해외겸용 [20,000]원",0,없음,통신: 20000원,"통신, 무실적",false,2024-01-23,https://d1c5n4ri2guedi.cloudfront.net/card/2656/card_img/32226/2656card.png,https://www.card-gorilla.com/card/detail/2656,"통신: SKT, KT, LG U+ 월 최대 20,000원 결제일 할인 | 멤버십포인트: L.POINT"
2436,the Red Stripe,현대카드,신용,VISA,"국내전용 [500,000]원 / 해외겸용 [500,000]원",500000,"500,000원",바우처: 700000원 | 적립: 무제한 | 프리미엄 서비스: 100000원,"모든가맹점, 주유, 자동차/하이패스, 항공마일리지, 공항라운지/PP, 프리미엄",false,,https://d1c5n4ri2guedi.cloudfront.net/card/2436/card_img/27667/2436card.png,https://www.card-gorilla.com/card/detail/2436,"바우처: 취향대로 선택하는 럭셔리 라이프 바우처 | 선택형: 항공 마일리지와 M포인트 중 선택 적립 | 선택형: 항공 마일리지와 M포인트 중 선택 적립 | 프리미엄 서비스: 메탈 플레이트 | 공항라운지: 전 세계 공항라운지 무료 이용 서비스 | 프리미엄 서비스: 무료 발레파킹 서비스 | 프리미엄 서비스: VISA Signature 서비스 | 프리미엄 서비스: MasterCard World 서비스 | 프리미엄 서비스: [로열티 보너스] 연간(카드 발급 확정일로부터 1년) 이용 금액 2,000만원 이상 시 로열티 보너스 제공(연 1회, 택1) | 선택형: the Red Stripe의 특별한 디자인을 소개합니다"
2403,NU I&U,우리카드,신용,"Mastercard, BC","국내전용 [12,000]원 / 해외겸용 [12,000]원",300000,"300,000원",할인: 1% | 주유: 100원 | 대중교통: 10%,"모든가맹점, 교통, 주유, 카페/디저트",false,,https://d1c5n4ri2guedi.cloudfront.net/card/2403/card_img/26478/2403card.png,https://www.card-gorilla.com/card/detail/2403,할인: 국내가맹점 1.0%~0.7% 청구할인 | 주유: 주유 리터당 60~100원 청구할인 | 대중교통: 대중교통 10% 청구할인 | 카페: 커피 10% 청구할인
2405,#any 하나카드,하나카드,신용,"VISA, UnionPay","국내전용 [12,000]원 / 해외겸용 [12,000]원",500000,"500,000원",디지털구독: 50% | 간편결제: 1% | 할인: 0.5%,"모든가맹점, OTT/영화/문화, 간편결제",false,,https://d1c5n4ri2guedi.cloudfront.net/card/2405/card_img/26454/2405card.png,https://www.card-gorilla.com/card/detail/2405,디지털구독: 디지털 구독 50% 청구할인 | 간편결제: 디지털 결제 1% 청구할인 | 할인: 국내외 전 가맹점 기본 0.5% 청구할인 | 선택형
2410,New 제주항공 하나카드,하나카드,신용,VISA,"국내전용 [17,000]원 / 해외겸용 [17,000]원",300000,"300,000원",여행/숙박: 1000원 | 적립: 1000원 | 적립: 1000원,"모든가맹점, 쇼핑, 레저/스포츠, OTT/영화/문화, 항공마일리지, 여행/숙박, 해외",false,,https://d1c5n4ri2guedi.cloudfront.net/card/2410/card_img/26582/2410card.png,https://www.card-gorilla.com/card/detail/2410,제주항공: 여행특화 1천원당 제주항공 리프레시 포인트 30p 적립 | 제주항공: 쇼핑/구독/레저 1천원당 제주항공 리프레시 포인트 20p 적립 | 적립: 국내 전가맹점 1천원당 제주항공 리프레시 포인트 5p 적립
2377,톡톡 my point카드,KB국민카드,신용,Mastercard,"국내전용 [12,000]원 / 해외겸용 [12,000]원",0,없음,모든가맹점: 0.5% | 간편결제: 5% | 적립: 12000원,"모든가맹점, 무실적",false,,https://d1c5n4ri2guedi.cloudfront.net/card/2377/card_img/25371/2377card.png,https://www.card-gorilla.com/card/detail/2377,적립: 국내가맹점 0.5% 적립 | 간편결제: KB Pay 5% 적립 | 적립: 연간 리워드 적립 | 선택형: 원하는 플레이트 디자인을 선택하세요!
2378,톡톡 my living카드,KB국민카드,신용,Mastercard,"국내전용 [12,000]원 / 해외겸용 [12,000]원",300000,"300,000원",쇼핑: 10% | 통신: 10% | 푸드: 10%,"통신, 마트/편의점, 쇼핑, 푸드, 카페/디저트, 공과금/렌탈, 교육/육아",false,,https://d1c5n4ri2guedi.cloudfront.net/card/2378/card_img/25374/2378card.png,https://www.card-gorilla.com/card/detail/2378,선택형: my living 선택 서비스 10% 적립(택 1) | 간편결제: KB Pay 5% 적립 | 선택형: 원하는 플레이트 디자인을 선택하세요!
2397,Diners Club MILEAGE,우리카드,신용,Diners Club,"해외겸용 [330,000]원",0,없음,모든가맹점: 무제한 | 해외: 무제한 | 공항라운지: 무제한,"모든가맹점, 무실적, 레저/스포츠, 항공마일리지, 공항라운지/PP, 프리미엄, 해외",false,,https://d1c5n4ri2guedi.cloudfront.net/card/2397/card_img/26138/2397card.png,https://www.card-gorilla.com/card/detail/2397,"적립: 국내 가맹점 1마일 적립 | 해외: 해외, 면세점 2마일 적립 | 공항라운지: 국내 공항 라운지 무료 이용 | 교통: K리무진 버스 무료 이용 | 골프: 통합 월 1회, 연 4회 제공 | 바우처: 프리미엄 기프트(연 1회, 택 1) | 바우처: 프리미엄 기프트(연 1회, 택 1) | 바우처: 프리미엄 기프트(연 1회, 택 1) | 바우처: 프리미엄 기프트(연 1회, 택 1) | 바우처: 프리미엄 기프트(연 1회, 택 1) | 적립: 보너스 마일리지 5,000마일 적립"
2401,NU Nature,우리카드,신용,"Mastercard, BC","국내전용 [12,000]원 / 해외겸용 [12,000]원",300000,"300,000원",충전소: 60% | 디지털구독: 10% | 간편결제: 1.6%,"교통, 주유, 카페/디저트, OTT/영화/문화, 간편결제",false,,https://d1c5n4ri2guedi.cloudfront.net/card/2401/card_img/26210/2401card.png,https://www.card-gorilla.com/card/detail/2401,충전소: 전기차 충전 60% 적립 | 대중교통: 대중교통 (버스/지하철) 10% 적립 | 기타: 공유 모빌리티 10% 적립 | 디지털구독: 스트리밍 10% 적립 | 디지털구독: 전자책 10% 적립 | 카페: 커피 10% 적립 | 간편결제: 주요 간편결제 1.6% 적립
2411,슈퍼쇼퍼카드,하나카드,신용,Mastercard,"국내전용 [15,000]원 / 해외겸용 [15,000]원",0,없음,할인: 0.7% | 온라인쇼핑: 1.7% | 해외이용: 1.7%,"모든가맹점, 쇼핑, 무실적, 해외",false,,https://d1c5n4ri2guedi.cloudfront.net/card/2411/card_img/26602/2411card.png,https://www.card-gorilla.com/card/detail/2411,할인: [국내 가맹점] | 온라인쇼핑: [국내 온라인] | 해외이용: [해외 가맹점]
2412,아멕스 플래티넘 아시아나클럽 롯데카드,롯데카드,신용,AMEX,"국내전용 [55,000]원 / 해외겸용 [55,000]원",500000,"500,000원",아시아나항공: 무제한 | 공항라운지: 무제한,"항공마일리지, 공항라운지/PP",false,,https://d1c5n4ri2guedi.cloudfront.net/card/2412/card_img/26720/2412card.png,https://www.card-gorilla.com/card/detail/2412,아시아나항공: 아시아나마일리지 1천원당 1마일리지 적립 | 공항라운지: 공항라운지 무료 이용 서비스(AMEX 브랜드 카드 발급 시 제공) | 멤버십포인트: L.POINT
2414,인플카 현대카드,현대카드,신용,VISA,"국내전용 [10,000]원 / 해외겸용 [10,000]원",400000,"400,000원",프리미엄 서비스: 무제한 | 배달앱: 10% | 편의점: 10%,"교통, 통신, 마트/편의점, 푸드",false,,https://d1c5n4ri2guedi.cloudfront.net/card/2414/card_img/26903/2414card.png,https://www.card-gorilla.com/card/detail/2414,프리미엄 서비스: 인플카 현대카드 보유 시 인플카 앱 서비스 이용 가능 | 생활: 생활 필수 영역 이용 금액의 10% M포인트 적립 | 선택형
2418,始發(시발)카드,BC 바로카드,신용,"VISA, BC","국내전용 [5,000]원 / 해외겸용 [8,000]원",0,없음,배달앱: 1800원 | 편의점: 1800원 | 모든가맹점: 0.7%,"모든가맹점, 마트/편의점, 쇼핑, 푸드, 카페/디저트, 무실적",false,,https://d1c5n4ri2guedi.cloudfront.net/card/2418/card_img/28128/2418card.png,https://www.card-gorilla.com/card/detail/2418,
2424,LOCA X 구독,롯데카드,신용,"Mastercard, AMEX","국내전용 [20,000]원 / 해외겸용 [20,000]원",300000,"300,000원",렌탈: 25000원 | 캐시백: 25000원,"공과금/렌탈, OTT/영화/문화",false,,https://d1c5n4ri2guedi.cloudfront.net/card/2424/card_img/27180/2424card.png,https://www.card-gorilla.com/card/detail/2424,"렌탈: 렌탈료 결제일 최대 25,000원 할인 | 캐시백: 장기할부 최대 25,000원 캐시백"
2381,신세계 BC 바로 아시아나 플러스,BC 바로카드,신용,"VISA, BC","국내전용 [10,000]원 / 해외겸용 [10,000]원",500000,"500,000원",항공마일리지: 무제한 | 제휴/PLCC: 무제한 | 프리미엄 서비스: 무제한,"마트/편의점, 쇼핑, 항공마일리지, 프리미엄, 해외",false,,https://d1c5n4ri2guedi.cloudfront.net/card/2381/card_img/25483/2381card.png,https://www.card-gorilla.com/card/detail/2381,아시아나항공: Asiana Club 마일리지 적립 서비스 | 제휴/PLCC: 신세계백화점 제휴 서비스 제공 | 프리미엄 서비스: VISA Platinum 서비스 제공
2388,넥슨 현대카드 UNLIMITED,현대카드,신용,Mastercard,"국내전용 [150,000]원 / 해외겸용 [150,000]원",0,없음,모든가맹점: 3% | 바우처: 60000원 | 게임: 3000원,"모든가맹점, 교통, 마트/편의점, 쇼핑, 푸드, 무실적, 레저/스포츠, OTT/영화/문화, 간편결제, 프리미엄",false,,https://d1c5n4ri2guedi.cloudfront.net/card/2388/card_img/25777/2388card.png,https://www.card-gorilla.com/card/detail/2388,"모든가맹점: 전월 이용금액에 따라 국내외 가맹점 이용금액 최대 3% 넥슨 현대카드 포인트 적립 | 바우처: 연간 6만 넥슨 현대카드 포인트 바우처(연간 1회 제공) | 생활: 생활 편의 영역 6대 업종 결제 시 연간 통합 6만원 청구 할인(결제 건당 3만원 한도) | 게임: PC방 이용 시 최대 3천원 청구 할인(월 1회) | 공연/전시: 넥슨컴퓨터박물관 메가티켓 2장 결제금액 청구 할인(연 1회) | 프리미엄 서비스: 본인 회원 신청 시 제공되며, 발급 수수료 10만원 별도 부과 (재발급 신청 시 동일 적용) | 프리미엄 서비스: MasterCard World서비스"
2611,신한카드 Applus,신한카드,신용,VISA,"국내전용 [15,000원] / 해외겸용 [15,000원]",300000,"300,000원",적립: 무제한 | 적립: 0.2% | 적립: 5%,"통신, 마트/편의점, 쇼핑, 푸드, 카페/디저트, 해외",false,2023-10-06,https://d1c5n4ri2guedi.cloudfront.net/card/2611/card_img/31283/2611card.png,https://www.card-gorilla.com/card/detail/2611,적립: Applus포인트 기본 적립 | 기타: iPhone for Life 프로그램 이용 시 | 적립: iPhone for Life 프로그램 미 이용 시 Applus포인트 특별 적립
2602,SPOTV NOW 신한카드 구독 좋아요,신한카드,신용,VISA,"국내전용 [15,000원] / 해외겸용 [18,000원]",400000,"400,000원",디지털구독: 100% | 할인: 1000원 | 할인: 10%,"통신, 마트/편의점, 푸드, 카페/디저트, 뷰티/피트니스, 공과금/렌탈, OTT/영화/문화",false,2023-07-24,https://d1c5n4ri2guedi.cloudfront.net/card/2602/card_img/31171/2602card.png,https://www.card-gorilla.com/card/detail/2602,디지털구독: 5개 영역 디지털 구독 가맹점 정기결제 이용 시 결제일 할인 | 할인: 서비스 대상 정기결제 자동이체 시 결제일 할인 | 할인: 서비스 대상 배달앱/생활편의 가맹점 이용 시 결제일 할인
2587,카드의정석 EVERY 1 (망그러진곰 Edition),우리카드,신용,Mastercard,"국내전용 [12,000]원 / 해외겸용 [12,000]원",0,없음,무실적: 1% | 할인: 20000원,"모든가맹점, 무실적",false,2023-07-13,https://d1c5n4ri2guedi.cloudfront.net/card/2587/card_img/31044/2587card_2.png,https://www.card-gorilla.com/card/detail/2587,무실적: 국내외 가맹점 1% 청구할인 | 할인: 전월실적에 따라 매월 최대 2만원 청구할인 | 선택형: 플레이트 2종 선택
2590,BC 바로 에어 플러스 아시아나,BC 바로카드,신용,"Mastercard, BC","국내전용 [19,000]원 / 해외겸용 [19,000]원",0,없음,아시아나항공: 1000원 | 아시아나항공: 300원,"무실적, 항공마일리지",false,2023-08-01,https://d1c5n4ri2guedi.cloudfront.net/card/2590/card_img/30911/2590card.png,https://www.card-gorilla.com/card/detail/2590,
583,우리 K-패스(신용),우리카드,신용,"Mastercard, BC","국내전용 [13,000]원 / 해외겸용 [15,000]원",300000,"300,000원",대중교통: 10% | 공과금/렌탈: 10% | PAYCO: 1%,"교통, 통신, 카페/디저트, 공과금/렌탈, 교육/육아, 레저/스포츠, 간편결제",false,,https://d1c5n4ri2guedi.cloudfront.net/card/583/card_img/33530/583card.png,https://www.card-gorilla.com/card/detail/583,대중교통: K-패스 사업 지역 안내 | 할인: 대중교통 및 주요 자동납부 업종 10% 청구할인 | 할인: 대형할인점 업종 2천원 청구할인
587,모두의 쇼핑,하나카드,신용,Mastercard,"국내전용 [15,000]원 / 해외겸용 [15,000]원",300000,"300,000원",온라인쇼핑: 10% | 쇼핑: 5% | 아울렛: 5%,"마트/편의점, 쇼핑",false,,https://d1c5n4ri2guedi.cloudfront.net/card/587/card_img/21344/587card.png,https://www.card-gorilla.com/card/detail/587,온라인쇼핑: 온라인 쇼핑 10% 적립 | 쇼핑: 생활 쇼핑 5% 적립 | 아울렛: 아울렛 쇼핑 5% 적립
593,카카오뱅크 씨티카드,씨티카드,신용,VISA,"국내전용 [6,000]원 / 해외겸용 [7,000]원",300000,"300,000원",카페: 50% | 기타: 50% | OTT/영화/문화: 25%,"교통, 통신, 마트/편의점, 푸드, 카페/디저트, OTT/영화/문화",false,,https://d1c5n4ri2guedi.cloudfront.net/card/593/card_img/21360/593card.png,https://www.card-gorilla.com/card/detail/593,카페: 스타벅스 | OTT/영화/문화: 스트리밍 | 교통: 교통 | 통신: 통신 | 생활: 공유자전거 | 기타: 전월실적 없어도 최대 5천원 보너스할인 | 수수료우대: 해외 서비스 수수료 전액 면제
558,카드의정석 MILEAGE Asiana Club,우리카드,신용,"VISA, Mastercard, BC","국내전용 [39,000]원 / 해외겸용 [39,000]원",500000,"500,000원",아시아나항공: 무제한 | 항공마일리지: 무제한 | 공항라운지: 무제한,"모든가맹점, 항공마일리지, 공항라운지/PP, 여행/숙박",false,,https://d1c5n4ri2guedi.cloudfront.net/card/558/card_img/23979/0588card.png,https://www.card-gorilla.com/card/detail/558,"아시아나항공: 이용금액 1,000원당 아시아나항공 마일리지 적립 | 공항라운지: 전 세계 공항라운지 무료 이용 서비스 | 기타: 국내 카라반/글램핑 2박 연박 시 1박 무료"
560,위 레아카드(아시아나클럽),NH농협카드,신용,Mastercard,"해외겸용 [330,000]원",500000,"500,000원",아시아나항공: 무제한 | 항공마일리지: 무제한 | 바우처: 200000원,"항공마일리지, 공항라운지/PP, 프리미엄",false,,https://d1c5n4ri2guedi.cloudfront.net/card/560/card_img/21265/560card.png,https://www.card-gorilla.com/card/detail/560,"아시아나항공: 기본 적립 : 국내 1마일리지, 해외 2마일리지 적립 | 바우처: 프리미엄 바우처 서비스(매년 1회, 택 1) | 적립: 보너스 포인트 적립 (매년 1회) | 공항라운지: 전세계 공항 라운지 무료 이용 | 프리미엄: MASTERCARD WORLD PREMIUM SERVICES"
521,카드의정석 베트남여행,우리카드,신용,"VISA, Mastercard, UnionPay","국내전용 [10,000]원 / 해외겸용 [12,000]원",300000,"300,000원",온라인쇼핑: 10% | 해외: 5% | 공항라운지/PP: 무제한,"주유, 마트/편의점, 쇼핑, 카페/디저트, 뷰티/피트니스, 간편결제, 공항라운지/PP, 해외",false,,https://d1c5n4ri2guedi.cloudfront.net/card/521/card_img/21206/521card.png,https://www.card-gorilla.com/card/detail/521,온라인쇼핑: [온라인 쇼핑 할인의 정석] | 쇼핑: [오프라인 쇼핑 할인의 정석] | 해외이용: 베트남 현지 오프라인 가맹점 5% 청구할인 | 공항라운지/PP: [해외 서비스의 정석] | 주유: [생활밀착 할인의 정석] | 카페/디저트: [생활밀착 할인의 정석]
529,the Red Edition4,현대카드,신용,"VISA, Mastercard","국내전용 [300,000]원 / 해외겸용 [300,000]원",500000,"500,000원",모든가맹점: 1% | 모든가맹점: 2000000원 | 바우처: 200000원,"주유, 쇼핑, 자동차/하이패스, 공항라운지/PP, 프리미엄, 여행/숙박",false,,https://d1c5n4ri2guedi.cloudfront.net/card/529/card_img/21218/529card.png,https://www.card-gorilla.com/card/detail/529,모든가맹점: 기본 적립 | 바우처: 총 5개 영역에서 최대 20만원까지 선택하여 사용(영역별 최대 2매) | 프리미엄 서비스: 특수 소재로 만들어진 카드 플레이트 제공 | 기타: 연회비 감면
538,Easy study 티타늄카드,KB국민카드,신용,Mastercard,"국내전용 [35,000]원 / 해외겸용 [35,000]원",500000,"500,000원",학원: 5% | 피트니스: 3% | 도서: 5%,"통신, 마트/편의점, 푸드, 뷰티/피트니스, 교육/육아",false,,https://d1c5n4ri2guedi.cloudfront.net/card/538/card_img/21237/538card.jpg,https://www.card-gorilla.com/card/detail/538,학원: [학습할인] | 뷰티/피트니스: [취미/자기계발 할인] | 도서: [서점/문구 할인] | 생활: [Easy study+ 서비스] | 프리미엄 서비스: Easy study 티타늄 서비스
539,샤롯데 비앤 롯데카드,롯데카드,신용,Mastercard,"국내전용 [47,000]원 / 해외겸용 [50,000]원",0,없음,바우처: 30000원 | 생활: 10% | 공항라운지: 무제한,무실적,false,,https://d1c5n4ri2guedi.cloudfront.net/card/539/card_img/21240/539card.png,https://www.card-gorilla.com/card/detail/539,"바우처: 스페셜기프트 제공(연 1회) | 생활: 주 생활 업종 할인 서비스 | 병원: 의료업종 2~3개월 무이자 할부 | 프리미엄 서비스: 국내 공항라운지 무료이용 서비스(연 2회) | 기타: 가족 여행, 외식, 교육, 건강 등의 정보를 담은 매거진 매월 발송"
540,I’m ACTIVE,롯데카드,신용,"Mastercard, AMEX","국내전용 [15,000]원 / 해외겸용 [15,000]원",400000,"400,000원",병원/약국: 5% | 보험사: 5% | 기타: 5%,"주유, 마트/편의점, 쇼핑, 뷰티/피트니스, 병원/약국, 애완동물, 여행/숙박, 해외",false,,https://d1c5n4ri2guedi.cloudfront.net/card/540/card_img/21243/540card.png,https://www.card-gorilla.com/card/detail/540,"병원/약국: 활력 UP! 의료,건강 관리혜택 | 뷰티/피트니스: 활력 UP! 의료,건강 관리혜택 | 선택형: 월 이용금액 TOP3 그룹 자동으로 5% 캐시백 | 기타: 보너스 캐시백"
541,I’m Wonderful Plus,롯데카드,신용,"Mastercard, AMEX","국내전용 [15,000]원 / 해외겸용 [15,000]원",400000,"400,000원",모든가맹점: 0.7% | 할인: 1.4%,모든가맹점,false,,https://d1c5n4ri2guedi.cloudfront.net/card/541/card_img/21245/541card.png,https://www.card-gorilla.com/card/detail/541,국내외가맹점: 국내외 가맹점 결제일 할인
542,갤러리아 우리카드,우리카드,신용,"VISA, Mastercard, UnionPay","국내전용 [10,000]원 / 해외겸용 [12,000]원",300000,"300,000원",백화점: 5% | 해외이용: 1% | 영화: 5000원,"주유, 마트/편의점, 쇼핑, 카페/디저트, OTT/영화/문화, 공항라운지/PP, 해외",false,,https://d1c5n4ri2guedi.cloudfront.net/card/542/card_img/21246/542card.png,https://www.card-gorilla.com/card/detail/542,"백화점: 갤러리아 백화점 / Mall 5% 현장(즉시)할인 | 해외이용: 해외 가맹점(해외직구 포함) 1% 청구할인 | 주유소: 4대 주유소 주말 주유시 리터당 60원 청구할인 | 카페: 커피(스타벅스, 폴바셋, 빈스앤베리스) 1천원 청구할인 | OTT/영화/문화: CGV, 롯데시네마 12,000원 이상 결제시 5,000원 청구할인 | 프리미엄 서비스: 브랜드사 제공 서비스"
566,위 테라카드(아시아나클럽),NH농협카드,신용,VISA,"해외겸용 [530,000]원",500000,"500,000원",아시아나항공: 무제한 | 항공마일리지: 무제한 | 바우처: 300000원,"카페/디저트, 항공마일리지, 공항라운지/PP, 프리미엄",false,,https://d1c5n4ri2guedi.cloudfront.net/card/566/card_img/21273/566card.png,https://www.card-gorilla.com/card/detail/566,"아시아나항공: 기본 적립 : 국내 1마일리지, 해외 2마일리지 적립 | 바우처: 프리미엄 바우처 서비스(매년 1회, 택 1) | 카페: 전세계 스타벅스 이용시 4천원 청구할인(월 1회) | 공항라운지: 전세계 공항 라운지 무료 이용 | 프리미엄: VISA SIGNATURE PREMIUM SERVICES"
569,현대카드 DIGITAL LOVER,현대카드,신용,VISA,"국내전용 [20,000]원 / 해외겸용 [20,000]원",500000,"500,000원",기타: 10000원 | 간편결제: 5%,"OTT/영화/문화, 간편결제",false,,https://d1c5n4ri2guedi.cloudfront.net/card/569/card_img/21302/569card.png,https://www.card-gorilla.com/card/detail/569,"생활: 넷플릭스, 유튜브 프리미엄, 멜론, 지니 중 1개를 선택하면 이용요금 최대 1만원 청구 할인 | 간편결제: 온라인 가맹점에서 삼성페이, 네이버페이, 카카오페이, SSG페이, 스마일페이, 쿠페이로 결제하면 5% 청구 할인 | 선택형: 현대카드DIGITAL LOVER는 서로 다른 매력이 있는 4종의 디자인 중에서 하나를 선택해 발급 받으실 수 있습니다."
581,I’m Powerful,롯데카드,신용,"Mastercard, AMEX","국내전용 [15,000]원 / 해외겸용 [15,000]원",400000,"400,000원",모든가맹점: 0.5% | 카페: 2% | 통신: 5%,"모든가맹점, 교통, 통신, 마트/편의점, 카페/디저트, 병원/약국",false,,https://d1c5n4ri2guedi.cloudfront.net/card/581/card_img/21322/581card.png,https://www.card-gorilla.com/card/detail/581,"모든가맹점: 국내외 가맹점 0.5% 결제일 할인 | 할인: 슈퍼, 병원, 커피, 편의점 최대 2% 결제일 할인 | 할인: 이동통신, 대중교통 최대 5% 결제일 할인"
582,I’m WONDERFUL platinum,롯데카드,신용,Mastercard,"국내전용 [35,000]원 / 해외겸용 [35,000]원",300000,"300,000원",모든가맹점: 0.7% | 할인: 1.4% | 공항라운지: 무제한,"모든가맹점, 공항라운지/PP, 프리미엄",false,,https://d1c5n4ri2guedi.cloudfront.net/card/582/card_img/21323/582card.png,https://www.card-gorilla.com/card/detail/582,국내외가맹점: 국내외 가맹점 0.7 % 결제일 할인 | 할인: 건별 10만원 이상 결제 시 1.4% 결제일 할인 | 프리미엄 서비스: Master 플래티넘 카드 혜택 안내 (Master 플래티넘 카드 발급 시 제공)
533,I’m DRIVING,롯데카드,신용,"VISA, Mastercard, AMEX","국내전용 [18,000]원 / 해외겸용 [18,000]원",500000,"500,000원",주유: 5000원 | 기타: 5% | 기타: 20000원,"주유, 마트/편의점, 공과금/렌탈, 자동차/하이패스",false,,https://d1c5n4ri2guedi.cloudfront.net/card/533/card_img/21231/533card.png,https://www.card-gorilla.com/card/detail/533,주유소: [DC ONE] | 저녁: [드라이버 할 | 자동차: [오토 할인]
534,인터파크 롯데카드,롯데카드,신용,Mastercard,"국내전용 [10,000]원 / 해외겸용 [10,000]원",0,없음,무실적: 0.5% | 온라인쇼핑: 5%,"쇼핑, 무실적",false,,https://d1c5n4ri2guedi.cloudfront.net/card/534/card_img/21232/534card.png,https://www.card-gorilla.com/card/detail/534,무실적: 국내외 온&middot;오프라인 가맹점 0.5% 결제일 청구할인 | 온라인쇼핑: 인터파크 5.0% 결제일 청구할인
535,샤롯데 플래티넘 스타 카드,롯데카드,신용,AMEX,"해외겸용 [35,000]원",0,없음,바우처: 50000원 | 모든가맹점: 300000원 | 생활: 무제한,"주유, 푸드, 카페/디저트, 뷰티/피트니스, 무실적, 레저/스포츠, OTT/영화/문화, 여행/숙박",false,,https://d1c5n4ri2guedi.cloudfront.net/card/535/card_img/21234/535card.png,https://www.card-gorilla.com/card/detail/535,"쇼핑: 롯데닷컴 5% 할인 (일부 품목 제외), 3개월 무이자할부 (일부 품목 제외) | 푸드: T.G.I. FRiDAY&#39;S 10% 할인 (주류 제외) | 뷰티/피트니스: 박준 뷰티랩 20%할인/박승철 헤어스투디오 15% 할인 (프리미엄 매장 제외) | 기타: 롯데월드 본인 종합이용권 50% 할인 | 바우처: 스페셜기프트 제공(연 1회) | 생활: Be My Guest | 프리미엄 서비스: AMEX Platinum 서비스"
244,Mile 1.8 대한항공,하나카드,신용,AMEX,"해외겸용 [130,000]원",0,없음,항공마일리지: 500원 | 항공마일리지: 5000원 | PP: 무제한,"모든가맹점, 카페/디저트, 무실적, OTT/영화/문화, 항공마일리지, 공항라운지/PP, 해외",false,,https://d1c5n4ri2guedi.cloudfront.net/card/244/card_img/20471/244card.png,https://www.card-gorilla.com/card/detail/244,"항공마일리지: HANA Mile 적립 | 공항라운지/PP: Priority Pass카드 무료제공 (월 2회/연 12회) | 카페/디저트: 스타벅스 4,000원 청구할인 (월 1회, 연 12회 제공) | OTT/영화/문화: CGV, 롯데시네마 4,000원 청구할인(월 1회, 연 12회 제공)"
245,Mile 1.8 아시아나,하나카드,신용,AMEX,"해외겸용 [130,000]원",0,없음,항공마일리지: 500원 | 항공마일리지: 5000원 | PP: 무제한,"모든가맹점, 카페/디저트, 무실적, OTT/영화/문화, 항공마일리지, 공항라운지/PP, 해외",false,,https://d1c5n4ri2guedi.cloudfront.net/card/245/card_img/20472/245card.png,https://www.card-gorilla.com/card/detail/245,"항공마일리지: HANA Mile 적립 | 공항라운지/PP: Priority Pass카드 무료제공 (월 2회/연 12회) | 카페/디저트: 스타벅스 4,000원 청구할인 (월 1회, 연 12회 제공) | OTT/영화/문화: CGV, 롯데시네마 4,000원 청구할인(월 1회, 연 12회 제공)"
214,I’m GREAT,롯데카드,신용,"VISA, Mastercard","국내전용 [15,000]원 / 해외겸용 [15,000]원",500000,"500,000원",공과금/렌탈: 10% | 마트/편의점: 10% | 생활: 10%,"교통, 통신, 마트/편의점, 공과금/렌탈, 병원/약국, 교육/육아",false,,https://d1c5n4ri2guedi.cloudfront.net/card/214/card_img/20440/214card.png,https://www.card-gorilla.com/card/detail/214,공과금: 할인 혜택 대상 | 대형마트: 롯데카드 I&#39;m GREAT 혜택 공통 안내 | 생활: 할인 혜택 대상
215,I’m CHEERFUL,롯데카드,신용,"VISA, Mastercard","국내전용 [15,000]원 / 해외겸용 [15,000]원",500000,"500,000원",푸드: 5% | 교통: 10% | 점심: 10%,"교통, 쇼핑, 푸드, 카페/디저트, OTT/영화/문화",false,,https://d1c5n4ri2guedi.cloudfront.net/card/215/card_img/20441/215card.png,https://www.card-gorilla.com/card/detail/215,"일반음식점: 음식점 5% 결제일 할인 | 대중교통: 시내버스, 지하철 10% 결제일 할인 | 점심: 음식점 10% 결제일 할인(오후 12시 ~ 오후 2시) | 온라인쇼핑: 온라인쇼핑 10만원 이상 결제 시 5천원 결제일 할인(오후 9시~오전12시) | 영화: 롯데시네마, CGV 1만원 이상 결제 시 3천원 결제일 할인"
217,I’m JOYFUL,롯데카드,신용,"VISA, Mastercard","국내전용 [15,000]원 / 해외겸용 [15,000]원",500000,"500,000원",주유: 10% | 쇼핑: 10% | 교통: 10%,"교통, 주유, 마트/편의점, 쇼핑, 푸드, 병원/약국, 애완동물",false,,https://d1c5n4ri2guedi.cloudfront.net/card/217/card_img/20443/217card.png,https://www.card-gorilla.com/card/detail/217,"주유: 모든 주유소, 가스충전소 리터당 60원 결제일 할인 | 푸드: 음식점 5~10% 결제일 할인(오후6시~다음 날 오전6시) | 쇼핑: 소셜커머스(쿠팡, 티몬, 위메프) 5~10% 결제일 할인 | 병원/약국: 병원, 약국, 동물병원 5~10% 결제일 할인 | 교통: 대중교통(시내버스, 지하철, 택시) 5~10% 결제일 할인"
203,ALL MY DC,롯데카드,신용,"VISA, Mastercard, AMEX","국내전용 [15,000]원 / 해외겸용 [18,000]원",500000,"500,000원",모든가맹점: 1% | 대중교통: 1.5% | 주유소: 1.5%,"교통, 주유, 통신, 마트/편의점, 해외",false,,https://d1c5n4ri2guedi.cloudfront.net/card/203/card_img/20424/203card.png,https://www.card-gorilla.com/card/detail/203,모든가맹점: &#39;다&#39; 할인 서비스 | 대중교통: &#39;더&#39; 할인 서비스 교통 청구할인 | 통신: &#39;더&#39; 할인 서비스 통신 청구할인 | 대형마트: &#39;더&#39; 할인 서비스 마트 청구할인 | 주유소: &#39;더&#39; 할인 서비스 주유 청구할인 | 해외이용: &#39;더&#39; 할인 서비스 해외 청구할인
204,ALL MY POINT,롯데카드,신용,"VISA, Mastercard, AMEX","국내전용 [15,000]원 / 해외겸용 [18,000]원",500000,"500,000원",모든가맹점: 1% | 대중교통: 1.5% | 주유소: 1.5%,"교통, 주유, 통신, 마트/편의점, 해외",false,,https://d1c5n4ri2guedi.cloudfront.net/card/204/card_img/20426/204card.png,https://www.card-gorilla.com/card/detail/204,모든가맹점: &#39;다&#39; 적립 서비스 | 대중교통: &#39;더&#39; 적립 서비스 교통 L.POINT 적립 | 통신: &#39;더&#39; 적립 서비스 통신 L.POINT 적립 | 대형마트: &#39;더&#39; 적립 서비스 마트 L.POINT 적립 | 주유소: &#39;더&#39; 적립 서비스 주유 L.POINT 적립 | 해외이용: &#39;더&#39; 적립 서비스 해외 L.POINT 적립
205,ALL MY LIVING,롯데카드,신용,"VISA, Mastercard, AMEX","국내전용 [15,000]원 / 해외겸용 [18,000]원",500000,"500,000원",생활: 5% | 마트/편의점: 5% | 공과금/렌탈: 5%,"교통, 통신, 마트/편의점, 공과금/렌탈, 병원/약국, 교육/육아",false,,https://d1c5n4ri2guedi.cloudfront.net/card/205/card_img/20428/205card.png,https://www.card-gorilla.com/card/detail/205,공과금: 할인서비스 제공 대상: 월납 생활비 | 대형마트: 할인서비스 제공 대상: 주말 생활비 | 생활: 할인서비스 제공 대상: 일상 생활비
206,ALL MY DRIVING,롯데카드,신용,"VISA, Mastercard, AMEX","국내전용 [15,000]원 / 해외겸용 [15,000]원",300000,"300,000원",주유: 무제한 | 생활: 10% | 정비: 25000원,"교통, 주유, 마트/편의점, 자동차/하이패스",false,,https://d1c5n4ri2guedi.cloudfront.net/card/206/card_img/20430/206card.png,https://www.card-gorilla.com/card/detail/206,"주유: 주유, 교통, 쇼핑, 정비 할인 | 정비: 주유, 교통, 쇼핑, 정비 할인 | 교통: 주유, 교통, 쇼핑, 정비 할인 | 쇼핑: 주유, 교통, 쇼핑, 정비 할인"
234,하나멤버스 1Q(원큐) 카드 Daily,하나카드,신용,"VISA, Mastercard","국내전용 [8,000]원 / 해외겸용 [10,000]원",300000,"300,000원",모든가맹점: 0.5% | 쇼핑: 100000원 | 통신: 100000원,"교통, 통신, 쇼핑, 카페/디저트, 공과금/렌탈, 해외",false,,https://d1c5n4ri2guedi.cloudfront.net/card/234/card_img/20461/234card.png,https://www.card-gorilla.com/card/detail/234,모든가맹점: 하나머니란? | 카페: KEB하나은행 결제계좌 이용고객 월 1회 커피 할인 | 생활: 아파트관리비 자동이체 결제시 월 1회 5천 하나머니 적립 | 기타: 하나멤버스 서비스
237,하나멤버스 1Q카드 내맘대로,하나카드,신용,"VISA, JCB","해외겸용 [10,000]원",300000,"300,000원",푸드: 7% | 쇼핑: 7% | 카페/디저트: 7%,"교통, 주유, 통신, 마트/편의점, 쇼핑, 푸드, 카페/디저트, 뷰티/피트니스, 병원/약국, 애완동물, 교육/육아, 레저/스포츠, OTT/영화/문화, 항공마일리지, 공항라운지/PP, 해외",false,,https://d1c5n4ri2guedi.cloudfront.net/card/237/card_img/20464/237card.png,https://www.card-gorilla.com/card/detail/237,선택형: 내맘대로서비스(기본서비스) | 온라인쇼핑: 온라인쇼핑 적립(공통 기본서비스) | 통신: 통신적립(공통 기본서비스) | 교통: 대중교통 적립(공통 기본서비스) | 영화: 영화적립(공통 기본서비스) | 프리미엄 서비스: 옵션 서비스
238,1Q Daily+,하나카드,신용,"VISA, Mastercard, JCB","국내전용 [10,000원] / 해외겸용 [10,000]원",300000,"300,000원",모든가맹점: 1% | 쇼핑: 5000원 | 주유: 3000원,"모든가맹점, 교통, 주유, 통신, 쇼핑, 카페/디저트, 공과금/렌탈, 해외",false,,https://d1c5n4ri2guedi.cloudfront.net/card/238/card_img/20465/238card.png,https://www.card-gorilla.com/card/detail/238,"적립: 국내 가맹점 이용금액 하나머니 적립(적립한도 없음) | 적립: 온라인쇼핑, 통신/교통/자동이체, 해외영역별 이번달 합산 이용금액 10만원 이상시 5천 하나머니 적립 | 주유: SK주유소 5만원 이상 결제할 때마다 3천원 청구할인 | 카페: 스타벅스/커피빈 4천원 이상 결제하면 4천원 청구할인 | 공과금: 이번달 아파트관리비 / 4대보험 자동이체 금액 합산 10만원 이상일 때 5천 하나머니 적립"
239,1Q Shopping+,하나카드,신용,"VISA, Mastercard, JCB","국내전용 [10,000]원 / 해외겸용 [10,000]원",300000,"300,000원",쇼핑: 40000원 | 적립: 5000원 | 카페: 4000원,"교통, 주유, 통신, 마트/편의점, 쇼핑, 카페/디저트, 공과금/렌탈",false,,https://d1c5n4ri2guedi.cloudfront.net/card/239/card_img/20466/239card.png,https://www.card-gorilla.com/card/detail/239,"적립: 마트 또는 백화점 영역별 이번 달 합산 이용금액 10만원 이상일 때 하나머니 적립 | 적립: 온라인쇼핑, 통신/교통/자동이체, 해외영역별 이번달 합산 이용금액 10만원 이상시 5천 하나머니 적립 | 주유: SK주유소 5만원 이상 결제할 때마다 3천원 청구할인 | 카페: 스타벅스/커피빈 4천원 이상 결제하면 4천원 청구할인 | 공과금: 이번달 아파트관리비 / 4대보험 자동이체 금액 합산 10만원 이상일 때 5천 하나머니 적립"
240,1Q Living+,하나카드,신용,"VISA, Mastercard, JCB","해외겸용 [10,000]원",300000,"300,000원",생활: 40000원 | 쇼핑: 5000원 | SSM: 1000원,"주유, 통신, 마트/편의점, 쇼핑, 카페/디저트, 공과금/렌탈, 교육/육아, 해외",false,,https://d1c5n4ri2guedi.cloudfront.net/card/240/card_img/20467/240card.png,https://www.card-gorilla.com/card/detail/240,"생활: 주유 또는 학원 영역별 이번 달 합산 이용금액 10만원 이상일 때 하나머니 적립 | 적립: 온라인쇼핑, 통신/교통/자동이체, 해외영역별 이번달 합산 이용금액 10만원 이상시 5천 하나머니 적립 | SSM: 국내 SSM 1만원 이상 결제할 때마다 1천원 청구할인 | 카페: 스타벅스/커피빈 4천원 이상 결제하면 4천원 청구할인 | 공과금: 이번달 아파트관리비 / 4대보험 자동이체 금액 합산 10만원 이상일 때 5천 하나머니 적립"
228,Smart Any 카드(스마트애니),하나카드,신용,"VISA, Mastercard, UnionPay","국내전용 [5,000]원 / 해외겸용 [5,000]원",0,없음,모든가맹점: 0.8% | 온라인쇼핑: 1.3%,"모든가맹점, 쇼핑, 무실적",false,,https://d1c5n4ri2guedi.cloudfront.net/card/228/card_img/30964/228card.png,https://www.card-gorilla.com/card/detail/228,모든가맹점: 모든 가맹점 0.8% 청구할인 | 온라인쇼핑: 온라인 가맹점 1.3% 청구할인 | APP: 1Q Pay 이용시 온라인 가맹점 1.4% 청구할인
231,하나멤버스 1Q(원큐) 카드 Living,하나카드,신용,"VISA, Mastercard","국내전용 [8,000]원 / 해외겸용 [10,000]원",300000,"300,000원",주유: 100000원 | 교육/육아: 100000원 | 교통: 100000원,"교통, 주유, 통신, 쇼핑, 카페/디저트, 공과금/렌탈, 교육/육아, 해외",false,,https://d1c5n4ri2guedi.cloudfront.net/card/231/card_img/20458/231card.png,https://www.card-gorilla.com/card/detail/231,공과금: 하나머니란? | 카페: KEB하나은행 결제계좌 이용고객 월 1회 커피 할인 | 생활: 아파트관리비 자동이체 결제시 월 1회 5천 하나머니 적립 | 기타: 하나멤버스 서비스
232,하나멤버스 1Q(원큐) 카드 Shopping,하나카드,신용,"VISA, Mastercard, JCB","국내전용 [8,000]원 / 해외겸용 [10,000]원",300000,"300,000원",마트/편의점: 100000원 | 쇼핑: 100000원 | 공과금/렌탈: 5000원,"교통, 통신, 마트/편의점, 쇼핑, 카페/디저트, 공과금/렌탈, 해외",false,,https://d1c5n4ri2guedi.cloudfront.net/card/232/card_img/20459/232card.png,https://www.card-gorilla.com/card/detail/232,쇼핑: 하나머니란? | 카페: KEB하나은행 결제계좌 이용고객 월 1회 커피 할인 | 생활: 아파트관리비 자동이체 결제시 월 1회 5천 하나머니 적립 | 기타: 하나멤버스 서비스
197,올마이쇼핑 카드 (교통),롯데카드,신용,Mastercard,"국내전용 [15,000]원 / 해외겸용 [15,000]원",500000,"500,000원",쇼핑: 5% | 대중교통: 10%,"교통, 마트/편의점, 쇼핑",false,,https://d1c5n4ri2guedi.cloudfront.net/card/197/card_img/20417/197card.png,https://www.card-gorilla.com/card/detail/197,할인: ALL MY SHOPPING 카드 쇼핑 업종 대상
198,올마이쇼핑 카드 (통신),롯데카드,신용,Mastercard,"국내전용 [15,000]원 / 해외겸용 [15,000]원",500000,"500,000원",쇼핑: 5% | 통신: 10%,"통신, 마트/편의점, 쇼핑",false,,https://d1c5n4ri2guedi.cloudfront.net/card/198/card_img/20418/198card.png,https://www.card-gorilla.com/card/detail/198,할인: ALL MY SHOPPING 카드 쇼핑 업종 대상
199,올마이쇼핑 카드 (점심),롯데카드,신용,Mastercard,"국내전용 [15,000]원 / 해외겸용 [15,000]원",500000,"500,000원",쇼핑: 5% | 푸드: 10%,"마트/편의점, 쇼핑, 푸드",false,,https://d1c5n4ri2guedi.cloudfront.net/card/199/card_img/20419/199card.png,https://www.card-gorilla.com/card/detail/199,할인: ALL MY SHOPPING 카드 쇼핑 업종 대상
200,올마이쇼핑 카드 (해외),롯데카드,신용,Mastercard,"해외겸용 [15,000]원",500000,"500,000원",쇼핑: 5% | 편의점: 5% | 해외: 10%,"마트/편의점, 쇼핑, 해외",false,,https://d1c5n4ri2guedi.cloudfront.net/card/200/card_img/20420/200card.png,https://www.card-gorilla.com/card/detail/200,쇼핑: ALL MY SHOPPING 카드 쇼핑 업종 대상
53,아시아나 삼성애니패스플래티늄카드,삼성카드,신용,Mastercard,"해외전용 [20,000]원",300000,"300,000원",아시아나항공: 무제한 | 테마파크: 50% | 정비: 15000원,"모든가맹점, 주유, 푸드, 카페/디저트, 자동차/하이패스, 레저/스포츠, OTT/영화/문화, 항공마일리지, 해외",false,,https://d1c5n4ri2guedi.cloudfront.net/card/53/card_img/27709/53card.png,https://www.card-gorilla.com/card/detail/53,"아시아나항공: 모든 가맹점 이용금액 1,000원당 아시아나 1 마일리지 적립 | 주유소: S-OIL 주유소에서 휘발유, 경유, 등유 주유 시 리터당 40 보너스포인트 적립 | 카페: 스타벅스 1만원 이상 결제 시 1,000원 결제일할인(청구할인) | 영화: 이용조건 | 테마파크: 놀이공원 및 워터파크 30%~50%할인 | 정비: 엔진오일(오일필터&middot;에어클리너 포함) 교환 시 15,000원 현장할인(연 1회)"
1,신한카드 Hi-Point,신한카드,신용,"VISA, Mastercard, JCB","해외겸용 [8,000]원",0,없음,적립: 2% | 적립: 5% | 주유: 무제한,"모든가맹점, 주유, 통신, 마트/편의점, 쇼핑, 푸드, 무실적, 레저/스포츠, OTT/영화/문화, 해외",false,,https://d1c5n4ri2guedi.cloudfront.net/card/1/card_img/20083/1card.png,https://www.card-gorilla.com/card/detail/1,"쇼핑: 롯데/ 현대백화점 마이신한포인트 1.0~5.0% 적립 | 모든가맹점: 전국 가맹점 0.2~2.0% 적립 | 주유: S-OIL / 에이치디현대오일뱅크 주유 시 리터 당 60원 마이신한포인트 적립 | 금융: 신한투자증권 CMA 결제계좌 지정 시 신판이용 금액의 0.2% 마이신한포인트 추가 적립 | 통신: SK텔레콤/KT/LG U+ 이동통신요금 1.0~5.0% 적립 | 기타: 4대 백화점, 3대 할인점 무이자 할부 서비스 | 적립: 포인트 적립율 산정"
2,신한카드 Love,신한카드,신용,"VISA, Mastercard, AMEX, UnionPay","해외겸용 [8,000]원",200000,"200,000원",백화점: 5% | 카페/디저트: 20% | 주유: 무제한,"주유, 마트/편의점, 쇼핑, 푸드, 카페/디저트, 공과금/렌탈, 레저/스포츠, OTT/영화/문화",false,,https://d1c5n4ri2guedi.cloudfront.net/card/2/card_img/20084/2card.png,https://www.card-gorilla.com/card/detail/2,"백화점: 국내 유명 백화점, 할인점, 온라인 쇼핑몰 최대 5% 할인 | 패밀리레스토랑: 유명 패밀리 레스토랑 20~30% 할인 | 주유소: GS칼텍스 리터당 60원 할인(LPG 서비스 제외) | 영화: 전국 Multiplex 및 On-line 영화 예매 시 최대 7,000원 할인 | 적립: 신한카드 Love 포인트 | 테마파크: 전국 테마파크 자유이용권 본인 할인 | 경기관람: 프로야구(LG트원스)정규시즌 홈(잠실) 경기 전석 본인 2,000원 할인 | 기타: 신한카드LOVE 통합할인한도"
3,신한카드 Lady,신한카드,신용,"VISA, Mastercard, UnionPay","해외겸용 [5,000]원",300000,"300,000원",백화점: 5% | 패밀리레스토랑: 20% | 테마파크: 50%,"주유, 통신, 마트/편의점, 쇼핑, 푸드, 카페/디저트, 교육/육아, 레저/스포츠, OTT/영화/문화",false,,https://d1c5n4ri2guedi.cloudfront.net/card/3/card_img/20085/3card.png,https://www.card-gorilla.com/card/detail/3,"쇼핑: 3대 백화점(롯데, 신세계, 현대) 및 롯데마트 5% 결제일 할인 | 푸드: 빕스 20% 할인 | 영화: 맥스무비, 인터파크, YES24 영화 할인 | 주유소: S-OIL 주유 시 60포인트/ℓ 마이신한포인트 적립(LPG 제외) | 교육/육아: 베이비 프리미엄 제품 전문쇼핑몰 「쁘띠엘린스토어」 | 테마파크: 주요 놀이공원 할인 서비스 | 통신: 이동통신요금 자동이체 시 2% 결제일 할인(SKT, KT, LGT) | 경기관람: 프로야구 경기관람 할인 서비스"
50,아시아나 삼성지엔미플래티늄카드,삼성카드,신용,Mastercard,"해외전용 [20,000]원",300000,"300,000원",아시아나항공: 무제한 | 주유소: 무제한 | 영화: 3000원,"모든가맹점, 주유, 쇼핑, 푸드, 카페/디저트, 자동차/하이패스, 레저/스포츠, OTT/영화/문화, 항공마일리지",false,,https://d1c5n4ri2guedi.cloudfront.net/card/50/card_img/27706/50card.png,https://www.card-gorilla.com/card/detail/50,"아시아나항공: 서비스 안내 | 주유소: 서비스 안내 | 패밀리레스토랑: 서비스안내 | 카페: 서비스안내 | 영화: 메가박스 1,500원 결제일 할인 | 테마파크: 서비스안내 | 정비: 서비스 안내 | 무이자할부: 서비스 안내 | 무이자할부: 서비스 안내 | 경기관람: 서비스 안내"
11,신한카드 Simple+,신한카드,신용,"VISA, Mastercard","국내겸용 [10,000]원 / 해외겸용 [13,000]원",0,없음,모든가맹점: 0.7% | 통신: 0.7% | 할인: 무제한,"모든가맹점, 통신, 무실적, OTT/영화/문화",false,,https://d1c5n4ri2guedi.cloudfront.net/card/11/card_img/32203/11card.png,https://www.card-gorilla.com/card/detail/11,"모든가맹점: 전 가맹점 0.7% 캐시백 서비스 | 생활: 생활친화가맹점 잔돈할인 서비스, Coin-Save | 영화: 온라인 영화 예매 할인"
21,신한카드 Simple Platinum#,신한카드,신용,"VISA, UnionPay, JCB","해외겸용 [30,000]원",300000,"300,000원",국내외가맹점: 1% | 생활: 0.7% | 할인: 무제한,"모든가맹점, 레저/스포츠, OTT/영화/문화, 공항라운지/PP, 프리미엄",false,,https://d1c5n4ri2guedi.cloudfront.net/card/21/card_img/32302/21card.png,https://www.card-gorilla.com/card/detail/21,"국내외가맹점: 국내외 가맹점 1% 캐시백 | 생활: 생활친화가맹점 잔돈할인서비스, Coin-Save | 영화: 온라인 영화 예매 할인 | 테마파크: 서울랜드 50% 할인 | 프리미엄: 공항 서비스 공항 발렛파킹 서비스"
166,BAZIC(베이직)카드,NH농협카드,신용,"Mastercard, JCB","국내전용 [8,000]원 / 해외겸용 [8,000]원",0,없음,모든가맹점: 1% | 해외: 0.7%,"모든가맹점, 무실적, 해외",false,,https://d1c5n4ri2guedi.cloudfront.net/card/166/card_img/20389/166card.png,https://www.card-gorilla.com/card/detail/166,모든가맹점: 국내&middot;외 전 가맹점 0.7~1% 청구할인
167,BAZIC+(베이직플러스)카드,NH농협카드,신용,Mastercard,"국내전용 [23,000]원 / 해외겸용 [25,000]원",0,없음,모든가맹점: 1.4% | 교통: 5% | 공항라운지/PP: 무제한,"모든가맹점, 교통, 통신, 무실적",false,,https://d1c5n4ri2guedi.cloudfront.net/card/167/card_img/20390/167card.png,https://www.card-gorilla.com/card/detail/167,모든가맹점: 국내&middot;외 전 가맹점 0.7~1.4% 청구할인 | 교통: 대중교통 및 통신요금 5% 청구할인 | 프리미엄: 채움[+]PLUS 국내전용카드 프리미엄 서비스
172,NH올원카드,NH농협카드,신용,Mastercard,"국내전용 [8,000]원 / 해외겸용 [10,000]원",0,없음,무실적: 0.7% | 해외: 0.9% | 멤버십포인트: 무제한,"모든가맹점, 무실적, 해외",false,,https://d1c5n4ri2guedi.cloudfront.net/card/172/card_img/23918/172card.png,https://www.card-gorilla.com/card/detail/172,적립: 전월실적에 상관없이 0.7~0.9% 적립 | 멤버십포인트: OK Cashbag 가맹점 이용시 OK Cashbag 포인트 적립 서비스 제공
175,NH올원 하나로카드,NH농협카드,신용,Mastercard,"국내전용 [8,000]원 / 해외겸용 [10,000]원",100000,"100,000원",마트/편의점: 10% | 모든가맹점: 0.2% | 멤버십포인트: 무제한,"모든가맹점, 마트/편의점",false,,https://d1c5n4ri2guedi.cloudfront.net/card/175/card_img/20387/175card.png,https://www.card-gorilla.com/card/detail/175,모든가맹점: 농협판매장 이용 시 10% NH포인트 적립 | 멤버십포인트: OK Cashbag 가맹점 이용시 OK Cashbag 포인트 적립 서비스 제공
179,NH올원 Shopping&11번가카드(R2타입),NH농협카드,신용,Mastercard,"국내전용 [8,000]원 / 해외겸용 [10,000]원",300000,"300,000원",온라인쇼핑: 22% | 기타: 7% | 생활: 10%,"주유, 마트/편의점, 쇼핑, 카페/디저트, 병원/약국, 레저/스포츠, 해외",false,,https://d1c5n4ri2guedi.cloudfront.net/card/179/card_img/37250/179card.png,https://www.card-gorilla.com/card/detail/179,온라인쇼핑: 공통서비스 | 대형마트: R2-type(알찬서비스2) | 백화점: R2-type(알찬서비스2) | 병원: R2-type(알찬서비스2) | 카페: R2-type(알찬서비스2) | 베이커리: R2-type(알찬서비스2) | 주유소: R2-type(알찬서비스2) | 테마파크: [특별서비스] 전국 주요 놀이공원 할인서비스
134,탄탄대로 온리유카드,KB국민카드,신용,Mastercard,"국내전용 [15,000]원 / 해외겸용 [15,000]원",400000,"400,000원",주유: 150원 | 보험: 10000원 | 정비: 5%,"주유, 통신, 공과금/렌탈, 자동차/하이패스, 레저/스포츠, OTT/영화/문화",false,,https://d1c5n4ri2guedi.cloudfront.net/card/134/card_img/20363/134card.png,https://www.card-gorilla.com/card/detail/134,"주유: 전 주유소(충전소 포함) 1L당 110~150 포인트리 적립 | 보험: [Auto Life서비스] 다이렉트 자동차보험 1만원 청구할인 | 정비: [Auto Life서비스] | 통신: [ Auto Life 서비스] 이동통신 3사 자동납부 5% 적립 | 기타: [Auto Life서비스] 플러스 O2O 이용금액 5% 적립 | OTT/영화/문화: [Auto Life서비스] 맥스무비 영화 예매 시 3,500원 현장할인 | 테마파크: [Auto Life서비스] 놀이공원 30~50% 현장할인"
139,아시아나항공 KB국민카드,KB국민카드,신용,"VISA, Mastercard","국내전용 [13,000]원 / 해외겸용 [15,000]원",0,없음,아시아나항공: 무제한 | 적립: 5%,"무실적, 항공마일리지, 여행/숙박, 해외",false,,https://d1c5n4ri2guedi.cloudfront.net/card/139/card_img/20367/139card.png,https://www.card-gorilla.com/card/detail/139,"아시아나항공: 아시아나 마일리지 | 아시아나항공: 아시아나 마일리지 적립기준 | 적립: 포인트리 제도(단, 아시아나 마일리지 제외)"
114,마일리지 가온카드(아시아나),KB국민카드,신용,Mastercard,"국내전용 [15,000]원 / 해외겸용 [20,000]원",0,없음,항공마일리지: 무제한 | 항공마일리지: 무제한 | 항공마일리지: 무제한,"무실적, 항공마일리지, 해외",false,,https://d1c5n4ri2guedi.cloudfront.net/card/114/card_img/20272/114card.png,https://www.card-gorilla.com/card/detail/114,항공마일리지: 국내가맹점 이용시
116,청춘대로카드,KB국민카드,신용,Mastercard,"국내전용 [15,000]원 / 해외겸용 [20,000]원",300000,"300,000원",쇼핑: 10% | 대중교통: 10% | 기타: 10000원,"교통, 쇼핑, 푸드, 카페/디저트, 뷰티/피트니스, 레저/스포츠, OTT/영화/문화",false,,https://d1c5n4ri2guedi.cloudfront.net/card/116/card_img/20274/116card.png,https://www.card-gorilla.com/card/detail/116,선택형: 청춘대로카드 선택 서비스 (홀릭&#39;s Choice) | 카페/디저트: [커피홀릭(Coffee Holic)] | 뷰티/피트니스: [스타일홀릭(Style Holic)] | 교통: [데이홀릭(Everyday Holic)] | APP: [모바일홀릭(Mobile Holic)] | OTT/영화/문화: [펀홀릭(Fun Holic)] | 기타: [리워드홀릭(Reward Holic)]
120,ONE카드,KB국민카드,신용,Mastercard,"해외겸용 [15,000]원",0,없음,무실적: 0.7% | 해외: 2% | OTT/영화/문화: 3500원,"교통, 주유, 통신, 마트/편의점, 푸드, 무실적, 레저/스포츠, OTT/영화/문화, 해외",false,,https://d1c5n4ri2guedi.cloudfront.net/card/120/card_img/20352/120card.png,https://www.card-gorilla.com/card/detail/120,"적립: 언제나 기본 적립 서비스 | 해외: 해외이용금액 2.0% 할인 캐시백 | OTT/영화/문화: 맥스무비 영화 예매 시 1매당 3,500원 현장할인 | 레저/스포츠: 롯데월드, 에버랜드, 캐리비안 베이 30~50% 현장할인"
132,청춘대로 1코노미 카드,KB국민카드,신용,Mastercard,"해외겸용 [17,000]원",400000,"400,000원",편의점: 20% | 공과금: 5% | 배달앱: 5%,"교통, 통신, 마트/편의점, 쇼핑, 푸드, 공과금/렌탈, OTT/영화/문화, 여행/숙박",false,,https://d1c5n4ri2guedi.cloudfront.net/card/132/card_img/20361/132card.png,https://www.card-gorilla.com/card/detail/132,편의점: Daily 편의점 서비스 | 푸드: Daily 음식점 서비스 | 택시: Daily 택시 서비스 | 통신: Monthly 이동통신요금 서비스 | 공과금: Monthly 생활요금 서비스 | 온라인쇼핑: Monthly 쇼핑 서비스 | 여행/숙박: Someday 숙박/렌트앱 서비스 | 배달앱: Someday 배달앱 서비스 | 영화: Someday 영화 서비스 | 기타: Someday 캐릭터샵 서비스
152,에듀카드,KB국민카드,신용,Mastercard,"해외겸용 [35,000]원",1000000,"1,000,000원",학원: 7% | 약국: 10%,"병원/약국, 교육/육아",false,,https://d1c5n4ri2guedi.cloudfront.net/card/152/card_img/20379/152card.png,https://www.card-gorilla.com/card/detail/152,"학원: 교육 업종(학원, 학습지 등) 5~7% 청구할인 | 약국: 약국 이용 시 10% 청구할인"
158,스카이패스카드,NH농협카드,신용,"VISA, Mastercard, JCB","해외겸용 [15,000]원",0,없음,대한항공: 500원 | 대한항공: 500원 | 대한항공: 500원,"모든가맹점, 카페/디저트, 무실적, 교육/육아, OTT/영화/문화, 항공마일리지, 해외",false,,https://d1c5n4ri2guedi.cloudfront.net/card/158/card_img/23910/158card.png,https://www.card-gorilla.com/card/detail/158,대한항공: 기본 적립
126,아시아나 올림카드,KB국민카드,신용,Mastercard,"국내전용 [28,000]원 / 해외겸용 [30,000]원",0,없음,아시아나항공: 500원 | 아시아나항공: 500원,"모든가맹점, 무실적, 항공마일리지",false,,https://d1c5n4ri2guedi.cloudfront.net/card/126/card_img/20356/126card.png,https://www.card-gorilla.com/card/detail/126,아시아나항공: 아시아나항공 마일리지 적립
127,청춘대로 매니아i카드,KB국민카드,신용,"Mastercard, UnionPay","국내전용 [12,000]원 / 해외겸용 [15,000]원",400000,"400,000원",교통: 5% | 카페/디저트: 10% | 해외: 3%,"교통, 주유, 통신, 쇼핑, 카페/디저트, OTT/영화/문화",false,,https://d1c5n4ri2guedi.cloudfront.net/card/127/card_img/20357/127card.png,https://www.card-gorilla.com/card/detail/127,"교통: [매니아 Basic 서비스] | 통신: [매니아 Basic 서비스] | 주유: [매니아 Basic 서비스] | 카페/디저트: [매니아 Special 서비스] | 쇼핑: [매니아 Special서비스] | OTT/영화/문화: [매니아 Special 서비스] | 테마파크: [매니아 Plus 서 | 해외이용: [매니아 Plus 서비스] | 기타: [매니아 Plus 서비스] | 기타: 매니아 Basic 서비스(교통, 이동통신, 주유) 제공 조건"
143,청춘대로 꿀맛α카드,KB국민카드,신용,Mastercard,"국내전용 [15,000]원 / 해외겸용 [15,000]원",400000,"400,000원",APP: 2000원 | 카페/디저트: 1000원 | 할인: 5%,"푸드, 카페/디저트",true,,https://d1c5n4ri2guedi.cloudfront.net/card/143/card_img/20371/143card.png,https://www.card-gorilla.com/card/detail/143,APP: &#39;청춘대로 꿀맛&alpha;카드&#39;는 실물 없는 모바일 단독카드로 KB국민 앱카드에 카드 정보를 등록하여 모바일로 이용 가능한 신용카드 입니다. | 푸드: [꿀맛&alpha; Food 할인서비스] | 배달앱: [꿀맛&alpha; Food 할인서비스] | 카페/디저트: [꿀맛&alpha; Food 할인서비스] | 할인: 꿀맛&alpha; 알파원 오토체인지 할인서비스
144,청춘대로 꿀잠α카드,KB국민카드,신용,Mastercard,"국내전용 [15,000]원 / 해외겸용 [15,000]원",400000,"400,000원",여행/숙박: 20% | 교통: 20% | 해외이용: 3%,"교통, 쇼핑, 여행/숙박, 해외",true,,https://d1c5n4ri2guedi.cloudfront.net/card/144/card_img/23904/144card.png,https://www.card-gorilla.com/card/detail/144,APP: &#39;청춘대로 꿀잠&alpha;카드&#39;는 실물 없는 모바일 단독카드로 KB국민 앱카드에 카드 정보를 등록하여 모바일로 이용 가능한 신용카드 입니다. | 여행/숙박: [꿀잠&alpha; Relax 할인서비스] | 교통: [꿀잠&alpha; Relax 할인서비스] | 인테리어: [꿀잠&alpha; Relax 할인서비스] | 캐시백: 해외 가맹점 3% 캐시백 | 할인: 꿀잠&alpha; 알파원 오토체인지 할인서비스
145,청춘대로 꿀잼α카드,KB국민카드,신용,Mastercard,"국내전용 [15,000]원 / 해외겸용 [15,000]원",400000,"400,000원",게임: 50% | 공연/전시: 20% | 영화: 4000원,"레저/스포츠, OTT/영화/문화",false,,https://d1c5n4ri2guedi.cloudfront.net/card/145/card_img/23905/145card.png,https://www.card-gorilla.com/card/detail/145,APP: &#39;청춘대로 꿀잼&alpha;카드&#39;는 실물 없는 모바일 단독카드로 KB국민 앱카드에 카드 정보를 등록하여 모바일로 이용 가능한 신용카드 입니다. | 레저/스포츠: [꿀잼&alpha; Fun 할인서비스] | 공연/전시: [꿀잼&alpha; Fun 할인서비스] | 영화: [꿀잼&alpha; Fun 할인서비스] | 할인: 꿀잼&alpha; 알파원 오토체인지 할인서비스
504,씨티 메가마일 아시아나,씨티카드,신용,Mastercard,"국내전용 [8,000]원 / 해외겸용[10,000]원",0,없음,아시아나항공: 500원 | 영화: 무제한 | 여행/숙박: 무제한,"교통, 주유, 통신, 마트/편의점, 쇼핑, 푸드, 카페/디저트, 뷰티/피트니스, 무실적, 교육/육아, OTT/영화/문화, 항공마일리지, 여행/숙박, 해외",false,,https://d1c5n4ri2guedi.cloudfront.net/card/504/card_img/21193/504card.png,https://www.card-gorilla.com/card/detail/504,"아시아나항공: 카드사용액 1,500원당 1 아시아나마일리지 한도제한 없이 적립 | OTT/영화/문화: 엔터테인먼트 1,500원당 | 여행/숙박: 여행 1,500원당 | 생활: 1,500원당 | 쇼핑: 1,500원당 | 기타: 마일리지 우대 프로그램 | 프리미엄 서비스: 프리미엄 다이닝"
473,카드의정석 UniMile,우리카드,신용,"BC, UnionPay","국내전용 [20,000]원 / 해외겸용 [20,000]원",300000,"300,000원",항공마일리지: 3% | 여행사: 2% | 공항라운지: 무제한,"모든가맹점, 주유, 항공마일리지, 공항라운지/PP, 여행/숙박, 해외",false,,https://d1c5n4ri2guedi.cloudfront.net/card/473/card_img/21163/473card.png,https://www.card-gorilla.com/card/detail/473,"저가항공: 에어서울, 제주항공, 진에어, 티웨이항공, 에어부산, 이스타항공 3% 적립 | 해외이용: 해외 2% 적립 | 온라인 여행사: 온라인여행사 2% 적립 | 면세점: 면세점 2% 적립 | 렌터카: 렌터카 1% 적립 | 주유소: 주유소 1% 적립 | 생활: 특별가맹점 외 국내 적립 대상 가맹점 0.7% 적립 | 여행/숙박: 국내 카라반/글램핑 2박 연박 시 1박 무료 | 카페: 스타벅스, 투썸플레이스 1천원 청구할인 | 공항라운지: 국내외 공항라운지 무료 이용 서비스 | 해외: 해외 유명 박물관&middot;미술관 입장권 할인 | 프리미엄 서비스: UnionPay Platinum 서비스"
475,ONE AIR(UniMile),IBK기업은행,신용,UnionPay,"국내전용 [10,000]원 / 국내외겸용 [10,000]원",300000,"300,000원",저가항공: 500원 | 공항라운지: 무제한 | 카페: 2000원,"카페/디저트, 항공마일리지, 공항라운지/PP",false,,https://d1c5n4ri2guedi.cloudfront.net/card/475/card_img/21165/475card.png,https://www.card-gorilla.com/card/detail/475,"저가항공: 기본적립 | 공항라운지: 공항라운지 무료(연 2회) | 기타: 인천공항 무료 다이닝(월 1회, 연 2회) | 카페: 스타벅스 사이렌오더 할인(월 1회)"
448,CLUB Premier (Hotel형),하나카드,신용,"VISA, JCB","해외겸용 [210,000]원",500000,"500,000원",호텔: 50% | 더라운지: 무제한 | 주유소: 100원,"모든가맹점, 교통, 주유, 카페/디저트, 공항라운지/PP, 프리미엄, 여행/숙박, 해외",false,,https://d1c5n4ri2guedi.cloudfront.net/card/448/card_img/20956/448card.png,https://www.card-gorilla.com/card/detail/448,"호텔: 국내 특급호텔 50% 청구할인 (월 10만원, 연간 20만원 한도) | 더라운지: LoungeKey (VISA) 전 세계 제휴 라운지 무료 입장(월 2회, 연 6회) | 기타: 국내 일시불, 할부 사용금액의 1% 하나머니 적립 | 주유소: 전 주유소 주유 리터당 100원 청구할인(충전소 포함) | 카페: 스타벅스, 커피빈 20% 청구할인 | 택시: 택시업종 20% 청구할인 | 카드사: 국제 브랜드 서비스"
450,CLUB Signature Asiana Club 카드,하나카드,신용,"VISA, UnionPay","해외겸용 [145,000]원",0,없음,프리미엄: 무제한 | 공항라운지/PP: 무제한 | 항공마일리지: 무제한,"무실적, 병원/약국, 레저/스포츠, 항공마일리지, 공항라운지/PP, 프리미엄, 해외",false,,https://d1c5n4ri2guedi.cloudfront.net/card/450/card_img/20963/450card.png,https://www.card-gorilla.com/card/detail/450,"바우처: 연 1회, 2가지 Special Service 1 중 1가지 선택 (카드 신규 발급시 선택) | 더라운지: LoungeKey (VISA) 전 세계 제휴 라운지 무료 입장(월 2회, 연 6회) | 아시아나항공: 1,000원당 아시아나 마일리지 적립 | 프리미엄 서비스: 국제 브랜드 서비스"
453,CLUB Primus Asiana Club 카드,하나카드,신용,"VISA, Mastercard","해외겸용 [100,000]원",0,없음,아시아나항공: 무제한 | 레저/스포츠: 무제한 | 바우처: 무제한,"주유, 쇼핑, 무실적, 레저/스포츠, 항공마일리지, 공항라운지/PP, 프리미엄, 해외",false,,https://d1c5n4ri2guedi.cloudfront.net/card/453/card_img/20968/453card.png,https://www.card-gorilla.com/card/detail/453,아시아나항공: 항공 마일리지 기본적립 서비스 | 면세점: 면세점/백화점 이용금액 항공 마일리지 특별적립 서비스 | 해외이용: 해외 이용금액 항공 마일리지 특별적립 서비스 | 레저/스포츠: 골프장/골프연습장 업종 이용금액 항공 마일리지 특별적립 서비스 | 주유소: SK 주유소 이용금액 리터당 3마일 적립 | 바우처: Free Package 서비스 | 프리미엄 서비스: 프리머스카드 공통서비스
459,카드의정석 WOWRI,우리카드,신용,"VISA, BC, Mastercard","국내전용 [10,000]원 / 해외겸용 [12,000]원",300000,"300,000원",모든가맹점: 5% | 간편결제: 3%,"모든가맹점, 교통, 주유, 통신, 마트/편의점, 쇼핑, 카페/디저트, OTT/영화/문화, 간편결제, 해외",false,,https://d1c5n4ri2guedi.cloudfront.net/card/459/card_img/20980/459card.png,https://www.card-gorilla.com/card/detail/459,적립: 모아포인트 5%~0.8% 적립 | 간편결제: 주요 간편결제 모아포인트 3% 추가적립
463,신세계 씨티 클리어 카드,씨티카드,신용,VISA,"국내전용 [4,000]원 / 해외겸용 [5,000]원",200000,"200,000원",통신: 7% | 푸드: 5% | 쇼핑: 7%,"교통, 통신, 마트/편의점, 쇼핑, 푸드, 뷰티/피트니스, OTT/영화/문화",false,,https://d1c5n4ri2guedi.cloudfront.net/card/463/card_img/20984/463card.png,https://www.card-gorilla.com/card/detail/463,생활: [매일 할인] | 멤버십포인트: 신세계 제휴 서비스
502,네이버페이 플래티넘 롯데카드,롯데카드,신용,"VISA, Mastercard","국내전용 [15,000]원 / 해외겸용 [15,000]원",0,없음,모든가맹점: 0.5% | 네이버페이: 3%,"무실적, 간편결제",false,,https://d1c5n4ri2guedi.cloudfront.net/card/502/card_img/21191/502card.png,https://www.card-gorilla.com/card/detail/502,"기타: ※ 이 카드는 네이버에서 네이버투자통장(삼성증권 CMA계좌) 개설 후, 네이버에서만 카드신청이 가능합니다. | 적립: 기본적립 | 프리미엄 서비스: Platinum Service"
503,씨티 메가마일 스카이패스,씨티카드,신용,VISA,"국내전용 [8,000]원 / 해외겸용[10,000]원",300000,"300,000원",대한항공: 500원 | 영화: 무제한 | 여행/숙박: 무제한,"교통, 주유, 통신, 마트/편의점, 쇼핑, 푸드, 카페/디저트, 뷰티/피트니스, 교육/육아, OTT/영화/문화, 항공마일리지, 여행/숙박, 해외",false,,https://d1c5n4ri2guedi.cloudfront.net/card/503/card_img/21192/503card.png,https://www.card-gorilla.com/card/detail/503,대한항공: [기본 적립] | OTT/영화/문화: [특별적립] | 여행/숙박: [특별적립] | 생활: [특별적립] | 쇼핑: [특별적립] | 기타: 우대 마일리지 프로그램 | 프리미엄 서비스: 프리미엄 다이닝
481,카드의정석 댕댕냥이(강아지),우리카드,신용,"VISA, Mastercard, UnionPay","국내전용 [10,000]원 / 해외겸용 [12,000]원",300000,"300,000원",온라인쇼핑: 10% | 공항라운지: 무제한 | 동물병원: 10%,"주유, 마트/편의점, 쇼핑, 카페/디저트, 애완동물, 간편결제, 공항라운지/PP, 해외",false,,https://d1c5n4ri2guedi.cloudfront.net/card/481/card_img/21171/481card.png,https://www.card-gorilla.com/card/detail/481,온라인쇼핑: [온라인 쇼핑 할인의 정석] | 간편결제: [온라인 쇼핑 할인의 정석] | 동물병원: [오프라인 쇼핑 할인의 정석] | 쇼핑: [오프라인 쇼핑 할인의 정석] | 마트/편의점: [오프라인 쇼핑 할인의 정석] | 해외이용: [해외 서비스의 정석] | 공항라운지: [해외 서비스의 정석] | 주유소: [생활밀착 할인의 정석] | 카페: [생활밀착 할인의 정석]
482,카드의정석 댕댕냥이(고양이),우리카드,신용,"VISA, Mastercard, UnionPay","국내전용 [10,000]원 / 해외겸용 [12,000]원",300000,"300,000원",온라인쇼핑: 10% | 공항라운지: 무제한 | 동물병원: 10%,"주유, 마트/편의점, 쇼핑, 카페/디저트, 애완동물, 간편결제, 공항라운지/PP, 해외",false,,https://d1c5n4ri2guedi.cloudfront.net/card/482/card_img/30435/482card.png,https://www.card-gorilla.com/card/detail/482,온라인쇼핑: [온라인 쇼핑 할인의 정석] | 간편결제: [온라인 쇼핑 할인의 정석] | 동물병원: [오프라인 쇼핑 할인의 정석] | 쇼핑: [오프라인 쇼핑 할인의 정석] | 마트/편의점: [오프라인 쇼핑 할인의 정석] | 해외이용: [해외 서비스의 정석] | 공항라운지: [해외 서비스의 정석] | 주유소: [생활밀착 할인의 정석] | 카페: [생활밀착 할인의 정석]
483,뉴타임카드,SC제일은행,신용,"VISA, BC, BC Global, Mastercard","국내전용 [8,000]원 / 해외겸용 [10,000]원",300000,"300,000원",푸드: 5% | 카페: 5% | 배달앱: 5%,"교통, 주유, 통신, 마트/편의점, 쇼핑, 푸드, 카페/디저트, 뷰티/피트니스, 해외",false,,https://d1c5n4ri2guedi.cloudfront.net/card/483/card_img/21173/483card.png,https://www.card-gorilla.com/card/detail/483,편의점: [Time 할인 서비스] | 푸드: [Time 할인 서비스] | 카페: [Time 할인 서비스] | 드럭스토어: [Time 할인 서비스] | 배달앱: [Time 할인 서비스] | 온라인쇼핑: [Time 할인 서비스] | 대중교통: [All day 서비스] | 통신: [All day 서비스] | 해외이용: [All day 서비스] | 대형마트: [주말 &amp; 공휴일 할인 서비스] | 주유: [주말 &amp; 공휴일 할인 서비스]
103,씨티 NEW 프리미어마일 아시아나,씨티카드,신용,,"국내전용 [148,000]원 / 해외겸용 [150,000]원",0,없음,항공마일리지: 무제한 | 항공마일리지: 10000원 | PP: 무제한,"모든가맹점, 무실적, 항공마일리지, 공항라운지/PP, 프리미엄",false,,https://d1c5n4ri2guedi.cloudfront.net/card/103/card_img/20261/103card.png,https://www.card-gorilla.com/card/detail/103,"항공마일리지: 기본적립: 카드 사용금액 1,000원당 1 씨티NEW프리미어마일 적립 | 항공마일리지: 항공사 마일리지 전환(50개 이상 항공사 이용 가능) | PP: 전세계 주요 공항 라운지를 본인 연 25회 무료 이용 | 공항: 인천공항 다이닝 무료이용(명가의 뜰): 연 12회(월 최대 2회) | 프리미엄: 프리미엄 다이닝"
112,GS행복가득카드,KB국민카드,신용,"Mastercard, AMEX","국내전용 [7,000]원 / 해외겸용 [12,000]원",300000,"300,000원",주유: 100원 | 자동차/하이패스: 무제한 | 교통: 10%,"교통, 주유, 푸드, 자동차/하이패스",false,,https://d1c5n4ri2guedi.cloudfront.net/card/112/card_img/20270/112card.png,https://www.card-gorilla.com/card/detail/112,"주유: GS칼텍스 주유소 주유 시 리터당 100원 현장할인 | 자동차/하이패스: GS오토오아시스 엔진오일 무료 교환 | 교통: 대중교통 (버스, 지하철) 10% 청구할인 | 멤버십포인트: GS&amp;POINT 멤버십 서비스"
84,카드의정석 POINT,우리카드,신용,"VISA, BC, Mastercard","국내전용 [10,000]원 / 해외겸용 [12,000]원",300000,"300,000원",모든가맹점: 0.8% | 생활: 5% | 간편결제: 3%,"모든가맹점, 교통, 주유, 통신, 마트/편의점, 쇼핑, 카페/디저트, OTT/영화/문화, 간편결제, 해외",false,,https://d1c5n4ri2guedi.cloudfront.net/card/84/card_img/20166/84card.png,https://www.card-gorilla.com/card/detail/84,"모든가맹점: 모아포인트 0.8%~5% 적립 | 통신: 이동통신 업종 모아포인트 5% 적립 | 대중교통: 대중교통 업종 모아포인트 5% 적립 | 자동차: 전기차 충전 모아포인트 5% 적립 | 카페: 스타벅스, 엔제리너스, 이디야 모아포인트 3% 적립 | 영화: CGV, 롯데시네마 모아포인트 3% 적립 | 쇼핑: 백화점, 할인점, 온라인쇼핑 모아포인트 1% 적립 | 주유: 주유 모아포인트 1% 적립 | 해외: 해외 가맹점 1% 적립 | 간편결제: 주요 간편결제 모아포인트 3% 추가적립"
85,카드의정석 SHOPPING,우리카드,신용,"VISA, Mastercard, UnionPay","국내전용 [10,000]원 / 해외겸용 [12,000]원",300000,"300,000원",쇼핑: 10% | 간편결제: 5% | 주유: 무제한,"주유, 마트/편의점, 쇼핑, 카페/디저트, 뷰티/피트니스, 간편결제",false,,https://d1c5n4ri2guedi.cloudfront.net/card/85/card_img/20167/85card.png,https://www.card-gorilla.com/card/detail/85,"쇼핑: 쇼핑할인의 정석: 온라인 쇼핑 10% 청구할인 | 간편결제: 추가 할인의 정석: 온라인 업종 4대 PAY 결제 시 5% 추가할인 | 주유: 생활밀착 할인의 정석: 4대 주유소 주말 주유시 리터당 60원 청구할인 | 카페: 생활밀착 할인의 정석: 스타벅스, 폴바셋 10% 청구할인 | 금융: Two-in-One 결제서비스"
86,카드의정석 DISCOUNT,우리카드,신용,"VISA, Mastercard, UnionPay","국내전용 [10,000]원 / 해외겸용 [12,000]원",300000,"300,000원",모든가맹점: 1% | 주유: 100원 | 교통: 10%,"모든가맹점, 교통, 주유, 카페/디저트",false,,https://d1c5n4ri2guedi.cloudfront.net/card/86/card_img/20168/86card.png,https://www.card-gorilla.com/card/detail/86,"모든가맹점: 할인의 정석: 모든 국내 가맹점 0.7~1% 청구할인 | 주유: 생활밀착 할인의 정석: S-OIL, 현대오일뱅크 리터당 60~100원 청구할인 | 대중교통: 생활밀착 할인의 정석: 대중교통 10% 청구할인 | 카페: 생활밀착 할인의 정석: 스타벅스, 폴바셋 10% 청구할인 | 금융: Two-in-One 결제서비스"
87,DA@카드의정석,우리카드,신용,"BC, Mastercard","국내전용 [5,000]원 / 해외겸용 [10,000]원",0,없음,모든가맹점: 0.8% | 할인: 1.3% | 공항라운지/PP: 300000원,"모든가맹점, 교통, 마트/편의점, 푸드, 카페/디저트, 뷰티/피트니스, 무실적, 병원/약국, 애완동물, 항공마일리지, 공항라운지/PP, 해외",false,,https://d1c5n4ri2guedi.cloudfront.net/card/87/card_img/20239/87card.png,https://www.card-gorilla.com/card/detail/87,"모든가맹점: 전월 이용금액 관계없이, 할인한도 제한 없이 모든 가맹점 결제 시 0.8% 청구할인 | 공항라운지/PP: 국내 공항 라운지 무료이용 서비스 | 카페/디저트: 제과점 1.3% 청구할인 | 편의점: 편의점 1.3% 청구할인 | 대형마트: 수퍼마켓 1.3% 청구할인 | 병원/약국: 병원, 약국 1.3% 청구할인 | 쇼핑: 면세점, 해외이용금액 1.3% 청구할인 | 뷰티/피트니스: 뷰티 1.3% 청구할인 | 대중교통: 대중교통 1.3% 청구할인 | 항공권: 항공사 1.3% 청구할인 | 일반음식점: 음식점 1.3% 청구할인 | 렌탈: 렌탈관련 이용금액 0.8% 청구할인 | 교육/육아: 교육관련 이용금액 0.8% 청구할인 | OTT/영화/문화: 영화관련 이용금액 0.8% 청구할인 | 주유: 주유관련 이용금액 0.8% 청구할인 | 통신: 통신관련 이용금액 0.8% 청구할인"
88,D4@카드의정석,우리카드,신용,"BC, Mastercard","국내전용 [9,000]원 / 해외겸용 [10,000]원",300000,"300,000원",교통: 33% | 카페/디저트: 55% | 여행/숙박: 5500원,"교통, 마트/편의점, 카페/디저트, OTT/영화/문화",false,,https://d1c5n4ri2guedi.cloudfront.net/card/88/card_img/20241/88card.png,https://www.card-gorilla.com/card/detail/88,"교통: 시내버스/지하철(후불교통기능 선택 시 제공), 택시 33% 청구할인 | 카페: 55% 청구할인 | 편의점: 11%청구할인 | 영화: 건당 할인금액 5,500원(현장결제 및 영화관 사이트)"
89,우리Most카드,우리카드,신용,"VISA, BC, UnionPay","국내전용 [19,000]원 / 해외겸용 [20,000]원",300000,"300,000원",주유: 200원 | 자동차: 2000원 | 영화: 5000원,"주유, 자동차/하이패스, 레저/스포츠, OTT/영화/문화",false,,https://d1c5n4ri2guedi.cloudfront.net/card/89/card_img/20242/89card.png,https://www.card-gorilla.com/card/detail/89,"주유: Most주유소 리터당 최대 200원 청구할인(SK주유소는 최대 80원 청구할인) | 자동차: CLUB Most 멤버십 서비스 | 영화: 영화관 업종 5,000원 청구할인 | 테마파크: 주요 놀이공원 본인 자유이용권 50% 현장할인"
90,카드의정석 위비온 플러스,우리카드,신용,"BC, Mastercard","국내전용 [13,000]원 / 해외겸용 [15,000]원",300000,"300,000원",모든가맹점: 5% | 모든가맹점: 3% | 레저/스포츠: 7%,"모든가맹점, 교통, 통신, 뷰티/피트니스, 교육/육아, 공항라운지/PP, 해외",false,,https://d1c5n4ri2guedi.cloudfront.net/card/90/card_img/20243/90card.png,https://www.card-gorilla.com/card/detail/90,
91,카드의정석 PREMIUM POINT,우리카드,신용,"Mastercard, BC","국내전용 [110,000]원 / 해외겸용 [110,000]원",0,없음,적립: 2% | 공항라운지/PP: 무제한 | 바우처: 무제한,"주유, 통신, 마트/편의점, 쇼핑, 카페/디저트, 무실적, OTT/영화/문화, 공항라운지/PP, 프리미엄, 여행/숙박, 해외",false,,https://d1c5n4ri2guedi.cloudfront.net/card/91/card_img/20245/91card.png,https://www.card-gorilla.com/card/detail/91,"적립: 전월이용 실적조건 | 공항라운지/PP: 국내외 공항라운지 무료 이용 서비스 | 바우처: 프리미엄 기프트 서비스(연 1회, 택1) | 프리미엄: 국내외 여행 관련 보험 무료 제공 | 주유: 현대오일뱅크, S-OIL 주유 및 충전 시 리터당 60원 청구할인"
93,카드의정석 PREMIUM MILEAGE(AsianaClub),우리카드,신용,"Mastercard, BC","국내전용 [135,000]원 / 해외겸용 [135,000]원",500000,"500,000원",아시아나항공: 무제한 | 공항라운지/PP: 무제한 | 프리미엄: 무제한,"주유, 항공마일리지, 공항라운지/PP, 프리미엄, 여행/숙박, 해외",false,,https://d1c5n4ri2guedi.cloudfront.net/card/93/card_img/20247/93card.png,https://www.card-gorilla.com/card/detail/93,"아시아나항공: 기본적립: 국내외 적립대상 가맹점 이용금액 1,000원당 1.5마일 적립(월 한도 7만5천마일) | 공항라운지/PP: 국내외 공항라운지 무료 이용 서비스 | 바우처: 프리미엄 기프트 서비스(연 1회, 택1) | 프리미엄: 국내외 여행 관련 보험 무료 제공 | 주유: 현대오일뱅크, S-OIL 주유 및 충전 시 리터당 60원 청구할인"
94,LoL CHAMPIONS KOREA 우리카드,우리카드,신용,"VISA, Mastercard, UnionPay","해외겸용 [10,000]원",0,없음,모든가맹점: 1% | 주유: 100원 | 교통: 10%,"교통, 주유, 카페/디저트, 무실적",false,,https://d1c5n4ri2guedi.cloudfront.net/card/94/card_img/20248/94card.png,https://www.card-gorilla.com/card/detail/94,"모든가맹점: 모든 국내 가맹점 0.7%~1.0% 청구할인 | 주유: S-OIL, 현대오일뱅크 리터당 60~100원 청구할인 | 대중교통: 대중교통 10% 청구할인 | 카페: 스타벅스, 폴바셋 10% 청구할인"
56,삼성카드 지엔미+,삼성카드,신용,"Mastercard, UnionPay","해외전용 [49,000]원",500000,"500,000원",교육/육아: 1.5% | 영화: 10000원 | 패밀리레스토랑: 20000원,"모든가맹점, 통신, 마트/편의점, 푸드, 카페/디저트, 병원/약국, 교육/육아, 자동차/하이패스, 레저/스포츠, OTT/영화/문화, 공항라운지/PP",false,,https://d1c5n4ri2guedi.cloudfront.net/card/56/card_img/28050/56card.png,https://www.card-gorilla.com/card/detail/56,"카페: 10대 커피전문점 10% 결제일할인(청구할인) | 영화: 모든 영화관에서 1만원 이상 현장 결제 시 5,000원 결제일할인(청구할인) | 패밀리레스토랑: VIPS, 계절밥상에서 4만원 이상 결제 시 20,000원 결제일할인(청구할인) | 모든가맹점: 모든 가맹점 기본 0.5% 청구할인 | 생활: 교육&middot;할인점&middot;이동통신&middot;병원&middot;약국 1.5% 결제일할인(청구할인) | 테마파크: 놀이공원 자유이용권 50%&middot;워터파크 입장권 30% 현장할인 | 정비: 엔진오일 교환 시 20,000원 현장할인 | 프리미엄: MASTER 서비스"
57,삼성카드 애니패스+,삼성카드,신용,"Mastercard, UnionPay","해외전용 [49,000]원",500000,"500,000원",영화: 5000원 | 카페: 10% | 푸드: 20000원,"모든가맹점, 교통, 주유, 마트/편의점, 푸드, 카페/디저트, 자동차/하이패스, 레저/스포츠, OTT/영화/문화",false,,https://d1c5n4ri2guedi.cloudfront.net/card/57/card_img/28051/57card.png,https://www.card-gorilla.com/card/detail/57,"영화: 모든 영화관에서 1만원 이상 현장 결제 시 5,000원 결제일할인(청구할인) | 카페: 10대 커피전문점 10% 결제일할인(청구할인) | 푸드: VIPS, 계절밥상에서 4만원 이상 결제 시 20,000원 결제일할인(청구할인) | 모든가맹점: 모든 가맹점 기본 0.5% 청구할인 | 생활: 음식점&middot;주점&middot;편의점&middot;주유&middot;택시 1.5% 결제일할인(청구할인) | 테마파크: 놀이공원 자유이용권 50%&middot;워터파크 입장권 30% 현장할인 | 정비: 엔진오일 교환 시 20,000원 현장할인 | 프리미엄: MASTER 서비스"
58,카라이프 삼성카드 DISCOUNT+,삼성카드,신용,Mastercard,"국내전용 [49,000]원 / 해외겸용 [49,000]원",500000,"500,000원",주유: 무제한 | 자동차: 10% | 모든가맹점: 0.5%,"모든가맹점, 주유, 마트/편의점, 쇼핑, 카페/디저트, 공과금/렌탈, 자동차/하이패스, OTT/영화/문화",false,,https://d1c5n4ri2guedi.cloudfront.net/card/58/card_img/28052/58card.png,https://www.card-gorilla.com/card/detail/58,"주유: 모든 주유소에서 주유 시 리터당 90원 결제일할인(청구할인) | 자동차: 삼성화재 자동차보험료 30만원 이상 결제 시 20,000원 결제일할인(청구할인) | 모든가맹점: 할인한도 없이 모든 가맹점 기본 0.5% 결제일할인(청구할인) | 생활: 빅마켓 등 할인점&middot;소셜커머스 1% 결제일할인(청구할인) | 프리미엄: - 본 상품은 MASTER PLATINUM 등급의 국제브랜드 서비스가 제공됩니다"
77,위비멤버스카드,우리카드,신용,"BC, Mastercard","국내전용 [10,000]원 / 해외겸용 [12,000]원",300000,"300,000원",모든가맹점: 0.7% | 쇼핑: 2% | 패스트푸드: 10%,"모든가맹점, 마트/편의점, 푸드, 카페/디저트, 병원/약국, 교육/육아, OTT/영화/문화, 해외",false,,https://d1c5n4ri2guedi.cloudfront.net/card/77/card_img/20159/77card.png,https://www.card-gorilla.com/card/detail/77,"모든가맹점: 국내 가맹점 0.7% 위비꿀머니 적립(결제건당 1만원 이상 시 적립) | 쇼핑: 대형할인점, 면세점 1.5% 위비꿀머니 적립(결제건당 1만원 이상 시 적립) | 학원: 학원 1.5% 위비꿀머니 적립(결제건당 1만원 이상 시 적립) | 통신: 이동통신 1.5% 위비꿀머니 적립(결제건당 1만원 이상 시 적립) | 병원: 병의원 1.5% 위비꿀머니 적립(결제건당 1만원 이상 시 적립) | 해외: 해외 이용금액 1.5% 위비꿀머니 적립(결제건당 1만원 이상 시 적립) | 패스트푸드: 치킨/피자 브랜드 10% 청구할인 | 영화: 전국 영화관 12,000원 이상 결제 시 3,000원 할인 | 카페: 스타벅스, 이디야, 폴바셋 10% 할인 | 여행/숙박: 프리미엄 투어 서비스 | 멤버십포인트: 위비멤버스란?"
80,썸(SUM) 페이 카드,우리카드,신용,"Mastercard, UnionPay","해외겸용 [10,000]원",300000,"300,000원",간편결제: 7% | 쇼핑: 5% | OTT/영화/문화: 3000원,"교통, 통신, 마트/편의점, 쇼핑, 푸드, OTT/영화/문화, 간편결제, 해외",false,,https://d1c5n4ri2guedi.cloudfront.net/card/80/card_img/20162/80card.png,https://www.card-gorilla.com/card/detail/80,"간편결제: 삼성페이, 네이버페이, 카카오페이, PAYCO 결제 시 7% 할인 | 생활: 오픈마켓, 소셜커머스, 편의점, 대중교통, 통신 / PAY 외 결제 시 5% 할인 | 영화: - 12,000원 이상 결제 시 3,000원 청구할인 | 푸드: - 치킨 : 교촌치킨, BBQ치킨, 처갓집양념치킨, 네네치킨, 굽네치킨, 페리카나, 호식이두마리치킨, BHC치킨, 멕시카나치킨, 또래오래치킨 | 기타: - 썸(SUM) 페이 신용카드를 스마트폰에 터치하면 우리카드 스마트앱이 자동으로 실행되며 편리한 카드사용등록 및 로그인이 가능합니다. | 해외: - 해외 가맹점 물품 구매 시: 건당 0.3% 면제"
81,위메프 우리카드,우리카드,신용,"BC, Mastercard, UnionPay","국내전용 [10,000]원 / 해외겸용 [12,000]원",300000,"300,000원",소셜커머스: 5% | 카페: 50% | 편의점: 10%,"마트/편의점, 쇼핑, 카페/디저트",false,,https://d1c5n4ri2guedi.cloudfront.net/card/81/card_img/20163/81card.png,https://www.card-gorilla.com/card/detail/81,소셜커머스: 위메프 이용금액의 5% 위메프 포인트 적립 | 카페: 스타벅스(사이렌오더 포함) 50% 청구 할인 | 편의점: 편의점 업종 10% 청구 할인
82,우리 XGOLF 카드,우리카드,신용,"BC, Mastercard","국내전용 [13,000]원 / 해외겸용 [15,000]원",300000,"300,000원",골프: 3% | 여행/숙박: 1.8% | 병원: 1.5%,"통신, 마트/편의점, 쇼핑, 병원/약국, 애완동물, 레저/스포츠, 항공마일리지, 여행/숙박, 해외",false,,https://d1c5n4ri2guedi.cloudfront.net/card/82/card_img/20164/82card.png,https://www.card-gorilla.com/card/detail/82,"쇼핑: Well Living: 백화점, 온라인 쇼핑, 대형할인점(이마트, 롯데마트, 홈플러스) 모아포인트 1% 적립 | 통신: Well Living: 이동통신 모아포인트 1.5% 적립 | 병원: Well Living: 병원(동물병원 포함) 모아포인트 1.5% 적립 | 여행/숙박: Enjoy Living: 해외, 면세점, 여행사 ,항공사 모아포인트 1.8% 적립 | 골프: Enjoy Living: 골프 업종(월 이용금액 50만원 한도) 3% 적립 | 프리미엄: 프리미엄 골프 서비스"
83,ONLY 나만의카드,우리카드,신용,"Mastercard, BC","국내전용 [13,000]원 / 해외겸용 [15,000]원",300000,"300,000원",공과금/렌탈: 10% | 마트/편의점: 2000원 | 카페/디저트: 10%,"통신, 마트/편의점, 카페/디저트, 공과금/렌탈, 교육/육아, 레저/스포츠, 간편결제",false,,https://d1c5n4ri2guedi.cloudfront.net/card/83/card_img/20165/83card.png,https://www.card-gorilla.com/card/detail/83,
96,씨티 리워드,씨티카드,신용,Mastercard,"국내전용 [8,000]원 / 해외겸용 [10,000]원",300000,"300,000원",모든가맹점: 1.5% | 푸드: 20% | 영화: 20%,"교통, 주유, 통신, 마트/편의점, 쇼핑, 푸드, 카페/디저트, 교육/육아, OTT/영화/문화",false,,https://d1c5n4ri2guedi.cloudfront.net/card/96/card_img/20251/96card.png,https://www.card-gorilla.com/card/detail/96,"모든가맹점: 엔터테인먼트, 휴대폰 요금, 교통/주유, 쇼핑, 교육 등 5개의 항목에서 카드 사용 액의 4%~20%까지 특별 포인트 적립 | 무이자할부: 2~3개월 상시 무이자 할부 서비스 | 테마파크: 주요 놀이공원 30%~50% 할인 | 프리미엄: 마스터/비자 브랜드 서비스"
100,씨티 NEW 캐시백,씨티카드,신용,Mastercard,"국내전용 [13,000]원 / 해외겸용 [15,000]원",0,없음,할인: 0.7% | 쇼핑: 7% | 통신: 7%,"모든가맹점, 통신, 쇼핑, 무실적, 해외",false,,https://d1c5n4ri2guedi.cloudfront.net/card/100/card_img/20257/100card.png,https://www.card-gorilla.com/card/detail/100,할인: 기본 적립 | 기타: 편리한 캐시백 자동환급 서비스 | 프리미엄: 마스터/비자 브랜드 서비스
101,NEW 씨티 클리어,씨티카드,신용,Mastercard,"국내전용 [4,000]원 / 해외겸용 [5,000]원",150000,"150,000원",대중교통: 10% | 점심: 5% | 배달앱: 7%,"교통, 통신, 마트/편의점, 쇼핑, 푸드, 카페/디저트, 뷰티/피트니스, 교육/육아, 레저/스포츠, OTT/영화/문화, 항공마일리지",false,,https://d1c5n4ri2guedi.cloudfront.net/card/101/card_img/20258/101card.png,https://www.card-gorilla.com/card/detail/101,대중교통: 매일 할인: 버스/지하철 이용 시 10% 청구할인 | 점심: 매일 할인: 전국 모든식당 및 레스토랑 5% 청구할인 (오전 11시~오후2시) | 통신: 영라이프스타일 할인: 통신 7% 청구할인 | 쇼핑: 영라이프스타일 할인: 쇼핑 7% 청구할인 | 푸드: 영라이프스타일 할인: 다이닝 10% 청구할인 | 영화: 영라이프스타일 할인: 영화 30% 청구할인 | 여행/숙박: 영라이프스타일 할인: 여행 5% 청구할인 | 도서: 영라이프스타일 할인: 서점 7% 청구할인 | 무이자할부: 2~3개월 상시 무이자 할부 서비스 | 테마파크: 주요 놀이공원 30%~50% 할인
102,씨티 NEW 프리미어마일 대한항공,씨티카드,신용,VISA,"국내전용 [148,000]원 / 해외겸용 [150,000]원",0,없음,항공마일리지: 무제한 | 항공마일리지: 10000원 | PP: 무제한,"모든가맹점, 무실적, 항공마일리지, 공항라운지/PP, 프리미엄",false,,https://d1c5n4ri2guedi.cloudfront.net/card/102/card_img/20260/102card.png,https://www.card-gorilla.com/card/detail/102,"항공마일리지: 기본적립: 카드 사용금액 1,000원당 1 씨티NEW프리미어마일 적립 | 항공마일리지: 항공사 마일리지 전환(50개 이상 항공사 이용 가능) | PP: 전세계 주요 공항 라운지를 본인 연 25회 무료 이용 | 공항: 인천공항 다이닝 무료이용(명가의 뜰): 연 12회(월 최대 2회) | 프리미엄: 프리미엄 다이닝"
73,카드의정석 NEW우리V카드,우리카드,신용,"VISA, BC, BC Global, Mastercard, UnionPay","국내전용 [2,000]원 / 해외겸용 [5,000]원",300000,"300,000원",대형마트: 5% | 패밀리레스토랑: 25% | 영화: 6000원,"주유, 통신, 마트/편의점, 푸드, 카페/디저트, 병원/약국, 레저/스포츠, OTT/영화/문화, 여행/숙박",false,,https://d1c5n4ri2guedi.cloudfront.net/card/73/card_img/20155/73card.png,https://www.card-gorilla.com/card/detail/73,"생활: Woori 할인 서비스 | 패밀리레스토랑: 아웃백, 애슐리, TGIF, 매드포갈릭, 피자헛(매장방문 결제), 토다이 | 카페/디저트: 탐앤탐스, 스타벅스 | 프리미엄 서비스: 통신할인 | 금융: 우리은행 수수료 면제서비스 | 무이자할부: 할부전환서비스"
424,the Purple Edition2,현대카드,신용,"VISA, Mastercard","국내전용 [795,000]원 / 해외겸용 [800,000]원",0,없음,바우처: 무제한 | 선택형: 무제한 | PP: 무제한,"교통, 마트/편의점, 쇼핑, 카페/디저트, 뷰티/피트니스, 무실적, 병원/약국, 교육/육아, 자동차/하이패스, OTT/영화/문화, 항공마일리지, 프리미엄, 여행/숙박, 해외",false,,https://d1c5n4ri2guedi.cloudfront.net/card/424/card_img/20922/424card.png,https://www.card-gorilla.com/card/detail/424,"바우처: 트래블, 호텔, 쇼핑 바우처 제공 | 선택형: 항공마일리지 &middot; M포인트 적립(항공마일리지형/M포인트형 중 택1) | 프리미엄 서비스: 특수 소재로 만들어진 카드 플레이트 제공"
425,코스트코 리워드 현대카드,현대카드,신용,VISA,"국내전용 [10,000]원 / 해외겸용 [10,000]원",0,없음,멤버십포인트: 3% | 멤버십포인트: 2% | 멤버십포인트: 1%,"교통, 마트/편의점, 카페/디저트, 무실적, OTT/영화/문화",false,,https://d1c5n4ri2guedi.cloudfront.net/card/425/card_img/20923/425card.png,https://www.card-gorilla.com/card/detail/425,멤버십포인트: 코스트코 리워드 포인트? | 바우처: 코스트코 리워드 포인트 바우처 교환 | 멤버십포인트: 코스트코 연간 이용금액 30만원 이상 시 차년도 연회비 면제
430,아시아나클럽 롯데 플래티넘 카드,롯데카드,신용,"VISA, Mastercard","해외겸용 [120,000]원",0,없음,항공마일리지: 무제한 | 프리미엄: 무제한 | 공항라운지/PP: 무제한,"무실적, 항공마일리지, 공항라운지/PP, 프리미엄",false,,https://d1c5n4ri2guedi.cloudfront.net/card/430/card_img/20926/430card.png,https://www.card-gorilla.com/card/detail/430,"아시아나항공: 이용금액 1,000원 당 1마일리지 적립 | 공항라운지: 국내선 동반자 무료항공권 서비스 | 프리미엄 서비스: VISA/MASTER Platinum 서비스"
447,CLUB Premier (Travel 형),하나카드,신용,"VISA, JCB","해외겸용 [210,000]원",500000,"500,000원",항공권: 50% | 더라운지: 무제한 | 면세점: 20%,"모든가맹점, 교통, 카페/디저트, 항공마일리지, 공항라운지/PP, 프리미엄, 해외",false,,https://d1c5n4ri2guedi.cloudfront.net/card/447/card_img/20955/447card.png,https://www.card-gorilla.com/card/detail/447,"항공권: 국내 6대 LCC(저가항공) 50% 청구할인(월 10만원, 연간 20만원 한도) | 더라운지: LoungeKey (VISA) 전 세계 제휴 라운지 무료 입장(월 2회, 연 6회) | 기타: 국내 일시불, 할부 사용금액의 1% 하나머니 적립 | 면세점: 국내 면세점 업종 20% 청구할인 | 카페: 스타벅스, 커피빈 20% 청구할인 | 택시: 택시 업종 20% 청구할인 | 카드사: 국제 브랜드 서비스"
267,마일앤조이카드(대한항공),IBK기업은행,신용,UnionPay,"해외겸용 [30,000]원",0,없음,항공마일리지: 500원 | 교통: 10% | 공항라운지/PP: 무제한,"교통, 무실적, 레저/스포츠, 항공마일리지, 공항라운지/PP, 여행/숙박, 해외",false,,https://d1c5n4ri2guedi.cloudfront.net/card/267/card_img/20490/267card.png,https://www.card-gorilla.com/card/detail/267,대한항공: 항공 마일리지 : 기본 마일리지 | 기차: [여행 할인 서비스 (전월 이용실적 30만원 이상)] | 공항라운지: [여행 편의 서비스 (전월 이용실적 30만원 이상)] | 여행/숙박: BC 투어멤버스 서비스 | 프리미엄 서비스: UnionPay 플래티늄 서비스
268,마일앤조이카드(아시아나),IBK기업은행,신용,UnionPay,"해외겸용 [30,000]원",0,없음,항공마일리지: 무제한 | 교통: 10% | 공항라운지/PP: 무제한,"모든가맹점, 교통, 무실적, 레저/스포츠, 항공마일리지, 공항라운지/PP, 여행/숙박, 해외",false,,https://d1c5n4ri2guedi.cloudfront.net/card/268/card_img/20491/268card.png,https://www.card-gorilla.com/card/detail/268,아시아나항공: 항공 마일리지 : 기본 마일리지 | 기차: [여행 할인 서비스 (전월 이용실적 30만원 이상)] | 공항라운지: [여행 편의 서비스 (전월 이용실적 30만원 이상)] | 여행/숙박: BC 투어멤버스 서비스 | 프리미엄 서비스: UnionPay 플래티늄 서비스
246,통커 카드,하나카드,신용,"VISA, JCB","해외겸용 [17,000]원",500000,"500,000원",카페/디저트: 50% | 통신: 10% | 쇼핑: 5%,"통신, 쇼핑, 카페/디저트",false,,https://d1c5n4ri2guedi.cloudfront.net/card/246/card_img/20473/246card.png,https://www.card-gorilla.com/card/detail/246,카페: 커피 청구할인 | 통신: 통신 10% 청구할인 | 온라인쇼핑: 온라인쇼핑 5% 청구할인
250,my pass 마패 카드,하나카드,신용,"Mastercard, UnionPay","해외겸용 [17,000]원",500000,"500,000원",대중교통: 20% | 편의점: 10% | 카페: 10%,"교통, 마트/편의점, 카페/디저트",false,,https://d1c5n4ri2guedi.cloudfront.net/card/250/card_img/20477/250card.png,https://www.card-gorilla.com/card/detail/250,"대중교통: 버스/지하철 20% 청구할인 | 편의점: GS25, CU, 세븐일레븐 10% 청구할인 | 카페: 스타벅스, 커피빈 10% 청구할인"
259,Oil & Life카드(Life카드),IBK기업은행,신용,"Mastercard, UnionPay","해외겸용 [5,000]원",400000,"400,000원",푸드: 10% | 카페/디저트: 10% | 주유: 무제한,"주유, 통신, 마트/편의점, 푸드, 카페/디저트, 자동차/하이패스, 레저/스포츠, OTT/영화/문화",false,,https://d1c5n4ri2guedi.cloudfront.net/card/259/card_img/38516/259card.png,https://www.card-gorilla.com/card/detail/259,"통신: [기본 서비스] 휴대폰 이용금액의 3% 할인 | 일반음식점: [특화 서비스] 전국 음식점, 일반주점, 패밀리레스토랑, 커피전문점, 제과업종 10% 할인(월 1만원 한도) | 주유: [특화 서비스] GS칼텍스 리터당 60원 청구할인(LPG 포함) | 기타: [기본 서비스] GS칼텍스, GS오토오아시스, GS25, GS SHOP 등 GS&amp;POINT 가맹점에서 포인트 적립 및 다양한 혜택 제공 | 영화: [기본 서비스] CGV, 롯데시네마 2천원 현장할인 | 테마파크: [기본 서비스] 주요 놀이공원 할인 | 은행사: [기본 서비스] 당행 전자금융 이체수수료 면제 | 프리미엄 서비스: LifePrime 서비스와 Oil Prime 서비스 중 한 가지 선택가능"
418,현대카드ZERO MOBILE(포인트형),현대카드,신용,"VISA, UnionPay","국내전용 [5,000]원 / 해외겸용 [5,000]원",0,없음,적립: 1% | 적립: 1.5% | 적립: 0.5%,"주유, 쇼핑, 무실적, 자동차/하이패스, 해외",false,,https://d1c5n4ri2guedi.cloudfront.net/card/418/card_img/20916/418card.png,https://www.card-gorilla.com/card/detail/418,적립: [기본 M포인트] | 적립: [추가 M포인트 적립] | 멤버십포인트: [M포인트 사용] 일상사용처
419,현대카드ZERO MOBILE(할인형),현대카드,신용,"VISA, UnionPay","국내전용 [5,000]원 / 해외겸용 [5,000]원",0,없음,할인: 0.7% | 할인: 0.8% | 할인: 0.3%,"쇼핑, 푸드, 무실적, 해외",false,,https://d1c5n4ri2guedi.cloudfront.net/card/419/card_img/20917/419card.png,https://www.card-gorilla.com/card/detail/419,할인: 국내외 가맹점 이용금액의 0.7% 청구 할인 | 할인: 6대 온라인쇼핑 업종 이용금액의 0.8% 추가 할인
420,현대카드ZERO(포인트형),현대카드,신용,"VISA, UnionPay","국내전용 [5,000]원 / 해외겸용 [5,000]원",0,없음,적립: 1% | 적립: 1% | 적립: 0.5%,"교통, 주유, 마트/편의점, 쇼핑, 푸드, 카페/디저트, 무실적, 공과금/렌탈, 자동차/하이패스",false,,https://d1c5n4ri2guedi.cloudfront.net/card/420/card_img/20918/420card.png,https://www.card-gorilla.com/card/detail/420,적립: [기본 M포인트] | 적립: [추가 M포인트 적립] | 멤버십포인트: [M포인트 사용] 일상사용처
421,현대카드M-경차전용카드(유류세 환급),현대카드,신용,,국내전용 [없음],300000,"300,000원",주유: 무제한 | 주유: 400원 | 적립: 0.5%,"주유, 공과금/렌탈, 자동차/하이패스",false,,https://d1c5n4ri2guedi.cloudfront.net/card/421/card_img/20919/421card.png,https://www.card-gorilla.com/card/detail/421,주유: 정부 유류세 환급제도 지원 | 주유: 주유 할인 서비스 | 정비: 차량 정비 서비스 | 보험: 보험 할인 서비스 | 적립: [기본 M포인트] | 멤버십포인트: [M포인트 사용] 일상사용처
422,the Green,현대카드,신용,"VISA, Mastercard","국내전용 [145,000]원 / 해외겸용 [150,000]원",500000,"500,000원",적립: 5% | 바우처: 100000원 | PP: 50000원,"쇼핑, 푸드, 카페/디저트, 항공마일리지, 공항라운지/PP, 프리미엄, 여행/숙박",false,,https://d1c5n4ri2guedi.cloudfront.net/card/422/card_img/20920/422card.png,https://www.card-gorilla.com/card/detail/422,적립: [기본 적립] | 바우처: the Green 바우처(10만원권) | 적립: Anniversary Point | 프리미엄 서비스: [특수 소재 플레이트 제공] | 기타: VISA Signature 서비스
423,the Red Edition3,현대카드,신용,"VISA, Mastercard","국내전용 [295,000]원 / 해외겸용 [300,000]원",0,없음,적립: 2% | 적립: 4% | 바우처: 500000원,"교통, 통신, 마트/편의점, 쇼핑, 푸드, 카페/디저트, 뷰티/피트니스, 무실적, 병원/약국, 교육/육아, 자동차/하이패스, OTT/영화/문화, 항공마일리지, 공항라운지/PP, 프리미엄, 여행/숙박, 해외",false,,https://d1c5n4ri2guedi.cloudfront.net/card/423/card_img/20921/423card.png,https://www.card-gorilla.com/card/detail/423,적립: M포인트 적립 | 바우처: 최대 50만원 상당의 바우처 제공(연 1회) | 프리미엄 서비스: 특수 소재로 만들어진 카드 플레이트 제공
276,플러스마일카드,SC제일은행,신용,"VISA, Mastercard, UnionPay","해외겸용 [49,000]원",0,없음,항공마일리지: 무제한 | 항공마일리지: 무제한 | 항공마일리지: 무제한,"무실적, 항공마일리지, 공항라운지/PP",false,,https://d1c5n4ri2guedi.cloudfront.net/card/276/card_img/20498/276card.png,https://www.card-gorilla.com/card/detail/276,항공마일리지: [스카이패스]
277,시그마카드,SC제일은행,신용,"BC, BC Global, Mastercard","해외겸용 [200,000]원",0,없음,무실적: 1.5% | 모든가맹점: 1% | 프리미엄: 200000원,"모든가맹점, 쇼핑, 무실적, 병원/약국, 프리미엄, 해외",false,,https://d1c5n4ri2guedi.cloudfront.net/card/277/card_img/20499/277card.png,https://www.card-gorilla.com/card/detail/277,바우처: Thank You 선물(매년) | 적립: 360˚ 리워드 포인트 적립 | 여행/숙박: 해외・여행 | 은행사: 은행 상품 연계한 360˚ 리워드
410,현대카드ZERO(할인형),현대카드,신용,"VISA, UnionPay","국내전용 [5,000]원 / 해외겸용 [5,000]원",0,없음,할인: 0.7% | 할인: 0.5% | 할인: 0.3%,"교통, 마트/편의점, 푸드, 카페/디저트, 무실적, 공과금/렌탈",false,,https://d1c5n4ri2guedi.cloudfront.net/card/410/card_img/20908/410card.png,https://www.card-gorilla.com/card/detail/410,할인: 모든 가맹점 이용금액의 0.7% 할인 | 할인: 생활필수 영역 이용금액의 0.5% 추가할인 | 무이자할부: 전 가맹점 2~3개월 무이자할부
251,1Q Global VIVA,하나카드,신용,Mastercard,"국내전용 [13,000]원 / 해외겸용 [15,000]원",300000,"300,000원",해외: 1% | 해외: 9% | 여행/숙박: 9%,"교통, 통신, 쇼핑, 공과금/렌탈, OTT/영화/문화, 해외",false,,https://d1c5n4ri2guedi.cloudfront.net/card/251/card_img/20479/251card.png,https://www.card-gorilla.com/card/detail/251,"해외: 해외가맹점 결제시 국제브랜드 수수료 1% 면제 | 여행/숙박: 저가항공(LCC), 면세점 이용금액 하나머니 적립 | 적립: 온라인쇼핑, 통신/교통/자동이체 이용금액 하나머니 적립 | 영화: 국내 영화관 영화표 1만원 이상 결제하면 5천원 청구할인"
254,1Q My Lunch,하나카드,신용,"VISA, Mastercard","국내전용 [15,000]원 / 해외겸용 [17,000]원",300000,"300,000원",점심: 10% | 주유: 무제한 | 생활: 7%,"모든가맹점, 교통, 주유, 통신, 마트/편의점, 쇼핑, 푸드, 레저/스포츠, OTT/영화/문화",false,,https://d1c5n4ri2guedi.cloudfront.net/card/254/card_img/20482/254card.png,https://www.card-gorilla.com/card/detail/254,점심: 국내 적립대상 가맹점 일시불/할부 이용 금액에 따라 하나머니 적립 제공 | 적립: 국내 적립대상 가맹점 일시불/할부 이용 금액에 따라 하나머니 적립 | 선택형: 6가지 옵션 중 선택한 적립대상 가맹점 일시불/할부 이용금액에 따라 하나머니 적립 제공
258,Oil & Life카드(Oil카드),IBK기업은행,신용,"Mastercard, UnionPay","해외겸용 [5,000]원",300000,"300,000원",주유: 120원 | OTT/영화/문화: 2000원 | 레저/스포츠: 50%,"주유, 통신, 마트/편의점, 푸드, 카페/디저트, 자동차/하이패스, 레저/스포츠, OTT/영화/문화",false,,https://d1c5n4ri2guedi.cloudfront.net/card/258/card_img/33952/258card.png,https://www.card-gorilla.com/card/detail/258,"통신: [기본 서비스] 휴대폰 이용금액의 3% 할인 | 주유: [특화 서비스] GS칼텍스 리터당 120원 청구할인(LPG 포함) | 영화: [기본 서비스] CGV, 롯데시네마 2천원 현장할인 | 테마파크: [기본 서비스] 주요 놀이공원 할인 | 은행사: [기본 서비스] 당행 전자금융 이체수수료 면제 | 기타: [기본 서비스] GS칼텍스, GS오토오아시스, GS25, GS SHOP 등 GS&amp;POINT 가맹점에서 포인트 적립 및 다양한 혜택 제공 | 프리미엄 서비스: LifePrime 서비스와 Oil Prime 서비스 중 한 가지 선택가능"
2286,NU Uniq point,우리카드,신용,"BC, Mastercard","국내전용 [20,000]원 / 해외겸용 [20,000]원",300000,"300,000원",모든가맹점: 0.5% | 기타: 2% | 주유: 무제한,"모든가맹점, 교통, 쇼핑, 푸드, 카페/디저트, 공과금/렌탈, 해외",false,,https://d1c5n4ri2guedi.cloudfront.net/card/2286/card_img/25532/2286card.png,https://www.card-gorilla.com/card/detail/2286,"적립: BASIC 국내 가맹점 0.5% 무제한 적립 | 적립: S.T.Y.L.E 가맹점에서 이용한 일시불+할부 이용금액에 대해 2.0% 적립 | 적립: S.T.Y.L.E 중 가장 많이 이용한 영역 한번 더 적립 | 주유: S-OIL, 현대오일뱅크 주유 및 충전시 리터(ℓ)당 60점 적립"
2287,현대카드 MX Black,현대카드,신용,"VISA, Mastercard","국내전용 [150,000]원 / 해외겸용 [150,000]원",500000,"500,000원",온라인쇼핑: 10% | 배달앱: 10% | 모든가맹점: 1%,"모든가맹점, 교통, 주유, 마트/편의점, 쇼핑, 푸드, 카페/디저트, 프리미엄",false,,https://d1c5n4ri2guedi.cloudfront.net/card/2287/card_img/20679/2287card.png,https://www.card-gorilla.com/card/detail/2287,쇼핑: [MX Black Zone] Shopping Zone 10% 청구 할인 | 푸드: [MX Black Zone] Food &amp; Drink Zone 10% 청구 할인 | 기타: [MX Black Zone] Mobility Zone 10% 청구 할인 | 기타: MX Black Zone 10% 할인 | 적립: [기본적립] 모든 가맹점에서 1% M포인트 적립 | 프리미엄 서비스: VISA/MasterCard 플래티넘서비스 | 선택형: 현대카드 MX Black의 특별한 디자인을 소개합니다.
2289,삼성 iD EV 카드,삼성카드,신용,Mastercard,"국내전용 [15,000]원 / 해외겸용 [15,000]원",300000,"300,000원",충전소: 70% | 자동차: 10% | 보험: 30000원,"주유, 푸드, 공과금/렌탈, OTT/영화/문화, 해외",false,,https://d1c5n4ri2guedi.cloudfront.net/card/2289/card_img/27722/2289card.png,https://www.card-gorilla.com/card/detail/2289,충전소: 서비스안내 | 자동차: 서비스안내 | 보험사: 서비스안내 | 배달앱: 서비스안내 | 디지털구독: 서비스안내 | 해외: 서비스안내 | 선택형: 펑키
2259,the Red Edition5,현대카드,신용,VISA,"국내전용 [300,000]원 / 해외겸용 [300,000]원",500000,"500,000원",바우처: 200000원 | 공항라운지: 무제한 | 적립: 2%,"모든가맹점, 주유, 쇼핑, 자동차/하이패스, 항공마일리지, 공항라운지/PP, 프리미엄",false,,https://d1c5n4ri2guedi.cloudfront.net/card/2259/card_img/27662/2259card.png,https://www.card-gorilla.com/card/detail/2259,"바우처: 총 5개 영역에서 최대 20만원까지 선택하여 사용 | 프리미엄 서비스: [전 세계 공항라운지 무료 이용서비스] | 대한항공: ※ 대한항공 마일리지와 M포인트 중 선택 적립 | 적립: [기본적립] | 프리미엄: 로열티 보너스: 연간 이용금액 2,000만원 이상 시 로열티 보너스 제공(연 1회, 택 1) | 선택형: the Red Edition5의 특별한 디자인을 소개합니다."
2260,the Green Edition2,현대카드,신용,VISA,"국내전용 [150,000]원 / 해외겸용 [150,000]원",500000,"500,000원",바우처: 100000원 | 공항라운지: 무제한 | 적립: 2%,"모든가맹점, 주유, 쇼핑, 자동차/하이패스, 공항라운지/PP, 프리미엄",false,,https://d1c5n4ri2guedi.cloudfront.net/card/2260/card_img/27660/2260card.png,https://www.card-gorilla.com/card/detail/2260,바우처: the Green 바우처(10만원권): 10만 M포인트당 the Green 바우처 10만원권 교환 | 프리미엄 서비스: [전 세계 공항라운지 무료 이용서비스] | 적립: [특별 적립Ⅰ] | 적립: 7만 M포인트 적립 또는 연회비 7만원 감면(택 1) | 선택형: the Green Edition2의 특별한 디자인을 소개합니다.
2233,네이버 현대카드,현대카드,신용,VISA,"국내전용 [10,000]원 / 해외겸용 [10,000]원",300000,"300,000원",디지털구독: 무제한 | 네이버페이: 5% | 모든가맹점: 1%,"모든가맹점, OTT/영화/문화, 간편결제",false,,https://d1c5n4ri2guedi.cloudfront.net/card/2233/card_img/20932/2233card.png,https://www.card-gorilla.com/card/detail/2233,"디지털구독: 네이버 현대카드를 네이버플러스 멤버십 정기결제 수단으로 등록 시, 매달 네이버플러스 멤버십 무료 이용권 1회 제공 | 네이버페이: 네이버페이 포인트 최대 5% 적립"
2242,에너지플러스카드 Edition2,현대카드,신용,VISA,"국내전용 [10,000]원 / 해외겸용 [10,000]원",300000,"300,000원",주유: 15% | 자동차/하이패스: 5%,"주유, 자동차/하이패스",false,,https://d1c5n4ri2guedi.cloudfront.net/card/2242/card_img/20991/2242card.png,https://www.card-gorilla.com/card/detail/2242,주유: GS칼텍스 이용금액 최대 15% 할인 및 Mobility 업종 이용금액 5% 할인 | 선택형: 카드 디자인 선택 가능
2280,American Express The Platinum Card®,현대카드,신용,AMEX,"해외겸용 [1,000,000]원",0,없음,적립: 100000원 | 적립: 무제한 | 적립: 1000원,"모든가맹점, 푸드, 카페/디저트, 무실적, 교육/육아, 레저/스포츠, 항공마일리지, 공항라운지/PP, 프리미엄, 여행/숙박, 해외",false,,https://d1c5n4ri2guedi.cloudfront.net/card/2280/card_img/20686/2280card.png,https://www.card-gorilla.com/card/detail/2280,적립: 유의사항 | 모든가맹점: 1X - 기본 적립 | 공항라운지: 공항 라운지 서비스 | 프리미엄 서비스: 메탈 플레이트 기본 제공 (교통카드 기능 탑재) | 항공마일리지: - 멤버십 리워즈 전용 홈페이지를 통해 다양한 글로벌 항공사 마일리지로 전환 (www.myamexrewards.com) | 여행/숙박: 멤버십 리워즈 사용 | 할인: 대상점 | 교통: 대상점 | 카페: 대상점 | 도서
2281,American Express® Gold Card,현대카드,신용,AMEX,"해외겸용 [300,000]원",0,없음,적립: 30000원 | 적립: 무제한 | 적립: 무제한,"모든가맹점, 푸드, 카페/디저트, 무실적, 교육/육아, 레저/스포츠, 항공마일리지, 공항라운지/PP, 프리미엄, 여행/숙박, 해외",false,,https://d1c5n4ri2guedi.cloudfront.net/card/2281/card_img/20685/2281card.png,https://www.card-gorilla.com/card/detail/2281,적립: 연간 3만 멤버십 리워즈(MR) 스페셜 적립 제공 | 모든가맹점: 1X - 기본 적립 | 공항라운지: 공항 라운지 서비스 | 프리미엄 서비스: 메탈 플레이트 기본 제공 (교통카드 기능 탑재) | 항공마일리지: - 멤버십 리워즈 전용 홈페이지를 통해 다양한 글로벌 항공사 마일리지로 전환 (www.myamexrewards.com) | 여행/숙박: - 멤버십 리워즈 전용 홈페이지를 통해 다양한 글로벌 체인 호텔 멤버십 포인트로 전환 (www.myamexrewards.com) | 할인: 대상점 | 교통: 대상점 | 카페: 대상점 | 도서: 유의사항
2282,American Express® Green Card,현대카드,신용,AMEX,"해외겸용 [100,000]원",0,없음,적립: 10000원 | 적립: 60000원 | 적립: 500원,"모든가맹점, 교통, 푸드, 카페/디저트, 무실적, OTT/영화/문화, 항공마일리지, 공항라운지/PP, 여행/숙박, 해외",false,,https://d1c5n4ri2guedi.cloudfront.net/card/2282/card_img/20684/2282card.png,https://www.card-gorilla.com/card/detail/2282,적립: 연간 1만 멤버십 리워즈(MR) 스페셜 적립 제공 | 모든가맹점: 1X - 기본 적립 | 공항라운지: 공항 라운지 서비스 | 프리미엄 서비스: 무료 발레파킹 서비스 | 항공마일리지: - 멤버십 리워즈 전용 홈페이지를 통해 다양한 글로벌 항공사 마일리지로 전환 (www.myamexrewards.com) | 여행/숙박: - 멤버십 리워즈 전용 홈페이지를 통해 다양한 글로벌 체인 호텔 멤버십 포인트로 전환 (www.myamexrewards.com) | 할인 | 교통: 대상점 | 카페: 대상점 | 도서: 유의사항
2265,롯데홈쇼핑 벨리곰 카드,롯데카드,신용,Mastercard,"국내전용 [15,000]원 / 해외겸용 [15,000]원",400000,"400,000원",홈쇼핑: 7% | 홈쇼핑: 3.5% | 디지털구독: 무제한,"쇼핑, OTT/영화/문화",false,,https://d1c5n4ri2guedi.cloudfront.net/card/2265/card_img/20701/2265card.png,https://www.card-gorilla.com/card/detail/2265,홈쇼핑: 롯데홈쇼핑에서 7% 결제일 할인 | 홈쇼핑: 롯데홈쇼핑 적립금 최대 3.5% 적립 | 디지털구독: 클럽롤라 서비스란?
2271,밸런스 카드,BC 바로카드,신용,"VISA, BC","국내전용 [10,000]원 / 해외겸용 [12,000]원",400000,"400,000원",카페: 50% | 배달앱: 10% | 골프: 7%,"교통, 주유, 통신, 마트/편의점, 쇼핑, 푸드, 카페/디저트, 뷰티/피트니스, 레저/스포츠, OTT/영화/문화",false,,https://d1c5n4ri2guedi.cloudfront.net/card/2271/card_img/20695/2271card.png,https://www.card-gorilla.com/card/detail/2271,생활: [Social 서비스] 사회적인 나를 위한 소셜 라이프 서비스 | 생활: [Personal 서비스] 개인적인 나의 일상을 즐기기 위한 사적 서비스 | 생활: [Always 서비스] 언제나 즐길 수 있는 데일리 서비스
1339,골프존 KB국민카드,KB국민카드,신용,VISA,"국내전용 [12,000]원 / 해외겸용 [17,000]원",300000,"300,000원",골프: 20% | 골프: 5% | 주유소: 무제한,"주유, 통신, 푸드, 뷰티/피트니스, 레저/스포츠",false,,https://d1c5n4ri2guedi.cloudfront.net/card/1339/card_img/20836/1339card.png,https://www.card-gorilla.com/card/detail/1339,골프: 골프존 이용금액 20% 청구할인 | 레저/스포츠: 골프연습장/스포츠센터/레포츠용품점 5% 청구할인 | 주유소: 주유업종 이용 시 리터당 60원 청구할인 | 패스트푸드: VIPS/아웃백/TGIF 20% 청구할인 | 통신: SKT/KT/LGU+ 이동통신요금 자동이체 시 3천원 청구할인 | 기타: 카드를 골프존 시뮬레이터에 접촉 시 자동로그인 가능
1035,한화손해보험 카드,하나카드,신용,Mastercard,"국내전용 [5,000]원 / 해외겸용 [5,000]원",200000,"200,000원",보험: 30000원 | 주유소: 무제한 | 대중교통: 10%,"교통, 주유, 공과금/렌탈, 자동차/하이패스, 레저/스포츠, OTT/영화/문화",false,,https://d1c5n4ri2guedi.cloudfront.net/card/1035/card_img/21500/1035card.png,https://www.card-gorilla.com/card/detail/1035,"보험: 한화손해보험 자동차 보험료 최대 3만원 할인 | 주유소: SK주유소 50원/ℓ 할인 | OTT/영화/문화: 영화 최고 4,000원 할인 | 무이자할부: 백화점/대형마트 2~3개월 무이자 할부 | 대중교통: 대중교통 이용금액 10% 할인"
1165,골프존 롯데카드,롯데카드,신용,Mastercard,"국내전용 [10,000]원 / 해외겸용[15,000]원",400000,"400,000원",골프: 10% | 테마파크: 50% | 패밀리레스토랑: 10%,"쇼핑, 푸드, 뷰티/피트니스, 레저/스포츠, OTT/영화/문화, 해외",false,,https://d1c5n4ri2guedi.cloudfront.net/card/1165/card_img/21142/1165card.jpg,https://www.card-gorilla.com/card/detail/1165,"골프: 골프존 스크린골프 + 아카데미 10% 청구할인 | 멤버십포인트: L.POINT | 테마파크: 롯데월드 본인 종합이용권 50% 할인 | 헤어: 박준 뷰티랩 20% 현장할인 | 쇼핑: 롯데백화점 5% 현장할인 e-쿠폰, 3개월 무이자할부, 무료주차권 제공 | 영화: - 일 1회, 월5회, 연12회 할인 혜택 | 푸드: - 지난달(1일~말일) 일시불 및 할부 이용실적 20만원 이상 시 혜택"
1002,Mobile x LOCA 롯데카드,롯데카드,신용,"Mastercard, AMEX","국내전용 [20,000]원 / 해외겸용[20,000]원",400000,"400,000원",기타: 20000원 | 모든가맹점: 1%,모든가맹점,false,,https://d1c5n4ri2guedi.cloudfront.net/card/1002/card_img/21533/1002card.png,https://www.card-gorilla.com/card/detail/1002,통신: 할인율 및 할인한도 | 모든가맹점: 할인율 및 할인한도 | 기타: L.POINT
1007,Clip카드,KB국민카드,신용,"Mastercard, JCB","해외겸용 [15,000]원",300000,"300,000원",통신: 10000원,통신,false,,https://d1c5n4ri2guedi.cloudfront.net/card/1007/card_img/21528/1007card.png,https://www.card-gorilla.com/card/detail/1007,"KT: KT 통신요금 청구할인 최대 17,000원"
1246,소노시즌 하나카드,하나카드,신용,"AMEX, JCB","국내전용 [25,000]원 / 해외겸용 [25,000]원",0,없음,렌탈: 20000원,"무실적, 공과금/렌탈",false,,https://d1c5n4ri2guedi.cloudfront.net/card/1246/card_img/21062/1246card.png,https://www.card-gorilla.com/card/detail/1246,렌탈: 소노시즌 자동이체시 전월실적에 따라 청구할인
1289,T-Premium KB국민카드,KB국민카드,신용,"Mastercard, JCB","해외겸용 [25,000]원",400000,"400,000원",통신: 20000원,통신,false,,https://d1c5n4ri2guedi.cloudfront.net/card/1289/card_img/21017/1289card.png,https://www.card-gorilla.com/card/detail/1289,SKT: SKT통신요금 자동납부 할인 서비스 최대 2만 1천원
952,SK Oil 400 우리카드,우리카드,신용,"Mastercard, UnionPay","해외겸용 [10,000]원",300000,"300,000원",주유: 50000원 | 카페/디저트: 20% | 푸드: 10%,"주유, 푸드, 카페/디저트, 레저/스포츠, OTT/영화/문화",false,,https://d1c5n4ri2guedi.cloudfront.net/card/952/card_img/21591/952card.png,https://www.card-gorilla.com/card/detail/952,"주유: SK 주유소 월 최대 5만원 할인 | 패밀리레스토랑: 아웃백, TGIF 10% 청구할인 | 카페: 스타벅스, 투썸플레이스 20% 청구할인 | 테마파크: 롯데월드, 에버랜드, 서울랜드, 이월드(대구), 경주월드, 통도환타지아 자유이용권 50% 현장할인 | 영화: 모든 영화관 3,000원 청구할인"
953,마이카 우리카드,우리카드,신용,"VISA, Mastercard, UnionPay","해외겸용 [12,000]원",300000,"300,000원",자동차/하이패스: 10000원 | 주유: 무제한 | 보험: 20000원,"주유, 푸드, 카페/디저트, 공과금/렌탈, 자동차/하이패스, OTT/영화/문화, 여행/숙박",false,,https://d1c5n4ri2guedi.cloudfront.net/card/953/card_img/21590/953card.png,https://www.card-gorilla.com/card/detail/953,자동차: 자동차금융 이용고객 월 납부금 최대 1만원 청구할인 | 주유: 주유소/충전소 리터당 70원 할인 | 보험: 자동차 보험 최대 2만원 청구할인 | 정비: 스피드메이트 엔진오일 무료 교환 또는 현장할인(택 1/ 통합 연 1회) | 렌터카: SK렌터카 현장할인 | 생활: 전국 영화관 2천원 청구할인
984,부자되세요 The Oil카드,광주은행,신용,"VISA, Mastercard","국내전용 [8,000]원  해외겸용 [10,000]원",300000,"300,000원",주유소: 150원 | 온라인쇼핑: 5% | 대형마트: 5%,"주유, 마트/편의점, 쇼핑, 푸드, 카페/디저트, 공과금/렌탈",false,,https://d1c5n4ri2guedi.cloudfront.net/card/984/card_img/21552/984card.png,https://www.card-gorilla.com/card/detail/984,"주유소: GS칼텍스 리터당 최대 150원 할인 | 온라인쇼핑: [생활적립 서비스] 쿠팡, 위메프, G마켓, 11번가, 옥션에서 5% 적립 | 백화점: [생활적립 서비스] 백화점에서 5% 적립 | 대형마트: [생활적립 서비스] 이마트, 홈플러스. 롯데마트에서 5% 적립 | 패밀리레스토랑: [생활적립 서비스] 아웃백, TGIF, VIPS에서 10% 적립 | 카페: [생활적립 서비스] 스타벅스, 카페베네, 엔젤리너스, 드롭탑, 파스쿠찌에서 10% 적립 | 보험: 해외/국내여행 상해보험, 해외여행 시 불편 및 구매품 보상 보험서비스 제공"
1188,펫 사랑 카드,하나카드,신용,VISA,"국내전용 [15,000]원 / 해외겸용 [15,000]원",300000,"300,000원",동물병원: 10% | 온라인쇼핑: 10% | 교통: 7%,"교통, 쇼핑, 카페/디저트, 애완동물",false,,https://d1c5n4ri2guedi.cloudfront.net/card/1188/card_img/21120/1188card.png,https://www.card-gorilla.com/card/detail/1188,적립: 통합한도(서비스 제공 기준)
1215,아모레퍼시픽 카드,하나카드,신용,VISA,"국내전용 [10,000]원 / 해외겸용 [12,000]원",300000,"300,000원",화장품: 10% | 카페/디저트: 5% | SSM: 5%,"마트/편의점, 카페/디저트, 뷰티/피트니스, OTT/영화/문화",false,,https://d1c5n4ri2guedi.cloudfront.net/card/1215/card_img/21093/1215card.png,https://www.card-gorilla.com/card/detail/1215,화장품: 아모레퍼시픽 가맹점 10% 하나머니 적립 | 적립: 주요업종 하나머니 적립
1225,KB국민 윙크카드,KB국민카드,신용,Mastercard,"국내전용 [20,000]원 / 해외겸용 [20,000]원",500000,"500,000원",학습지: 10000원,모든가맹점,false,,https://d1c5n4ri2guedi.cloudfront.net/card/1225/card_img/21083/1225card.png,https://www.card-gorilla.com/card/detail/1225,교육/육아: 윙크학습비 자동이체 할인 서비스 | 프리미엄 서비스: Master 티타늄 서비스
1229,kt M mobile카드,KB국민카드,신용,"Mastercard, JCB","해외겸용 [15,000]원",300000,"300,000원",통신: 10000원,통신,false,,https://d1c5n4ri2guedi.cloudfront.net/card/1229/card_img/21079/1229card.png,https://www.card-gorilla.com/card/detail/1229,통신: k
617,카드의정석 UniMile in JEJU,우리카드,신용,"BC, UnionPay","국내전용 [15,000]원 / 해외겸용 [15,000]원",300000,"300,000원",여행/숙박: 무제한 | 저가항공: 3% | 공항라운지: 무제한,"모든가맹점, 주유, 항공마일리지, 공항라운지/PP, 여행/숙박",false,,https://d1c5n4ri2guedi.cloudfront.net/card/617/card_img/21384/617card.png,https://www.card-gorilla.com/card/detail/617,"여행/숙박: 제주도 숙박 5% 할인 | 저가항공: UniMile 적립 | 공항라운지: 전세계 공항 라운지 무료 이용 서비스 | 주유소: 현대오일뱅크, S-OIL 주유 및 충전 시 리터당 40원 청구할인"
608,현대카드ZERO Edition2(할인형),현대카드,신용,VISA,"국내전용 [10,000]원 / 해외겸용 [10,000]원",0,없음,할인: 0.7% | 할인: 1.5%,"모든가맹점, 교통, 마트/편의점, 푸드, 카페/디저트, 무실적, 간편결제",false,,https://d1c5n4ri2guedi.cloudfront.net/card/608/card_img/27229/608card.png,https://www.card-gorilla.com/card/detail/608,할인: 국내외 가맹점 이용금액의 0.7% 청구 할인 | 할인: 생활 필수 영역 이용금액의 1.5% 청구 할인 | 프리미엄 서비스: VISA 플래티넘서비스 | 무이자할부: 모든 가맹점 2~3개월 무이자할부
609,현대카드ZERO MOBILE Edition2(할인형),현대카드,신용,VISA,"국내전용 [10,000]원 / 해외겸용 [10,000]원",0,없음,할인: 0.7% | 할인: 1.5%,"모든가맹점, 통신, 쇼핑, 푸드, 카페/디저트, 무실적, OTT/영화/문화, 프리미엄",false,,https://d1c5n4ri2guedi.cloudfront.net/card/609/card_img/27230/608card.png,https://www.card-gorilla.com/card/detail/609,할인: 국내외 가맹점 이용금액의 0.7% 청구 할인 | 할인: 모바일 필수 영역 이용금액의 1.5% 청구 할인 | 프리미엄 서비스: VISA 플래티넘서비스 | 무이자할부: 모든 가맹점 2~3개월 무이자할부
610,현대카드ZERO Edition2(포인트형),현대카드,신용,VISA,"국내전용 [10,000]원 / 해외겸용 [10,000]원",0,없음,적립: 1% | 적립: 2.5%,"모든가맹점, 교통, 주유, 마트/편의점, 푸드, 카페/디저트, 무실적, 자동차/하이패스, 간편결제, 프리미엄",false,,https://d1c5n4ri2guedi.cloudfront.net/card/610/card_img/27232/608card.png,https://www.card-gorilla.com/card/detail/610,적립: 국내외 가맹점 이용금액의 1% M포인트 적립 | 적립: 생활 필수 영역 이용금액의 2.5% M포인트 적립 | 프리미엄 서비스: VISA 플래티넘서비스 | 무이자할부: 모든 가맹점 2~3개월 무이자할부
611,현대카드ZERO MOBILE Edition2(포인트형),현대카드,신용,VISA,"국내전용 [10,000]원 / 해외겸용 [10,000]원",0,없음,적립: 1% | 적립: 2.5%,"모든가맹점, 주유, 통신, 쇼핑, 푸드, 카페/디저트, 무실적, 자동차/하이패스, OTT/영화/문화, 프리미엄",false,,https://d1c5n4ri2guedi.cloudfront.net/card/611/card_img/27231/608card.png,https://www.card-gorilla.com/card/detail/611,적립: 국내외 가맹점 이용금액의 1% M포인트 적립 | 적립: 모바일 필수 영역 이용금액의 2.5% M포인트 적립 | 프리미엄 서비스: VISA 플래티넘서비스 | 무이자할부: 모든 가맹점 2~3개월 무이자할부
597,AK우리카드,우리카드,신용,"VISA, Mastercard, BC, UnionPay","국내전용 [12,000]원 / 해외겸용 [12,000]원",300000,"300,000원",쇼핑: 무제한 | 모든가맹점: 0.2% | 공항라운지: 무제한,"모든가맹점, 카페/디저트, 레저/스포츠, 공항라운지/PP, 프리미엄",false,,https://d1c5n4ri2guedi.cloudfront.net/card/597/card_img/21364/597card.png,https://www.card-gorilla.com/card/detail/597,"모든가맹점: 국내가맹점 이용액 0.2% 위비꿀머니(모아포인트) 적립 | 카페: 스타벅스, 폴바셋 1천원 청구할인 | 테마파크: 주요 놀이공원 자유이용권 50% 현장할인 | 공항라운지: 국내외 공항라운지 무료 이용 서비스 | 멤버십포인트: AK플라자 현장할인과 AK멤버스 마일리지 적립"
598,AK우리카드 VIP,우리카드,신용,"VISA, Mastercard, UnionPay","국내전용 [25,000]원 / 해외겸용 [25,000]원",300000,"300,000원",쇼핑: 무제한 | 모든가맹점: 0.2% | 공항라운지: 무제한,"모든가맹점, 카페/디저트, 레저/스포츠, 공항라운지/PP, 프리미엄",false,,https://d1c5n4ri2guedi.cloudfront.net/card/598/card_img/21365/598card.png,https://www.card-gorilla.com/card/detail/598,"모든가맹점: 국내가맹점 이용액 0.2% 위비꿀머니(모아포인트) 적립 | 카페: 스타벅스, 폴바셋 1천원 청구할인 | 테마파크: 주요 놀이공원 자유이용권 50% 현장할인 | 공항라운지: 국내외 공항라운지 무료 이용 서비스 | 멤버십포인트: AK플라자 1% 추가 현장할인 | 프리미엄 서비스: 브랜드서비스 제공"
600,대한항공카드 030,현대카드,신용,Mastercard,"국내전용 [30,000]원 / 해외겸용 [30,000]원",0,없음,대한항공: 무제한 | 항공마일리지: 무제한 | 기타: 3000원,"모든가맹점, 무실적, 항공마일리지, 프리미엄",false,,https://d1c5n4ri2guedi.cloudfront.net/card/600/card_img/21367/600card.png,https://www.card-gorilla.com/card/detail/600,대한항공: 국내외 가맹점 이용금액 1천원당 1마일리지 기본 적립 | 프리미엄 서비스: MasterCard 플래티넘서비스
601,대한항공카드 070,현대카드,신용,Mastercard,"국내전용 [70,000]원 / 해외겸용 [70,000]원",0,없음,대한항공: 무제한 | 항공마일리지: 무제한 | 기타: 5000원,"모든가맹점, 카페/디저트, 무실적, 항공마일리지, 공항라운지/PP, 프리미엄, 해외",false,,https://d1c5n4ri2guedi.cloudfront.net/card/601/card_img/21368/601card.png,https://www.card-gorilla.com/card/detail/601,"대한항공: 국내외 가맹점 이용금액 1천원당 1마일리지 기본 적립 | 공항라운지: 인천국제공항 제2여객터미널 마티나라운지 무료 이용 | 카페: 스타벅스, 폴바셋, 이디야 결제 건당 500원 할인 | 자동차: 서울 및 대도시 제휴 주차장 주말 무료 주차 | 프리미엄 서비스: MasterCard 플래티넘서비스 | 기타: 웰컴보너스 5천 마일리지 적립"
602,대한항공카드 150,현대카드,신용,Mastercard,"국내전용 [150,000]원 / 해외겸용 [150,000]원",0,없음,대한항공: 무제한 | 항공마일리지: 무제한 | 바우처: 50000원,"모든가맹점, 카페/디저트, 무실적, 항공마일리지, 공항라운지/PP, 프리미엄, 해외",false,,https://d1c5n4ri2guedi.cloudfront.net/card/602/card_img/21369/602card.png,https://www.card-gorilla.com/card/detail/602,"대한항공: 국내외 가맹점 이용금액 1천원당 1마일리지 기본 적립 | 바우처: 마일리지 바우처: 대한항공 마일리지 5천 마일 적립 | 기타: 특수 소재 플레이트 | 공항라운지: 인천국제공항 제2여객터미널 마티나/마티나골드 라운지 무료 이용 | 프리미엄: 국내 특급호텔 및 인천국제공항 통합 연 5회 무료 발레파킹서비스 제공 | 카페: 스타벅스, 폴바셋, 이디야 결제 건당 500원 할인 | 자동차: 서울 및 대도시 제휴 주차장 주말 무료 주차 | 프리미엄 서비스: MasterCard 브랜드 프리미엄서비스 중 World 서비스 제공 | 기타: 웰컴보너스 5천 마일리지 적립"
603,대한항공카드 the First,현대카드,신용,Mastercard,"국내전용 [500,000]원 / 해외겸용 [500,000]원",0,없음,대한항공: 무제한 | 항공마일리지: 무제한 | 기타: 50000원,"모든가맹점, 카페/디저트, 무실적, 항공마일리지, 공항라운지/PP, 프리미엄, 여행/숙박, 해외",false,,https://d1c5n4ri2guedi.cloudfront.net/card/603/card_img/21370/603card.png,https://www.card-gorilla.com/card/detail/603,"대한항공: 국내외 가맹점 이용금액 1천원당 1마일리지 기본 적립 | 바우처: 마일리지 바우처: 전년도 이용금액 기준을 충족한 경우, 당해 연도 연회비 납부 완료 시 마일리지 자동 적립 | 기타: 특수 소재 플레이트 | 공항라운지: 인천국제공항 제2여객터미널 마티나/마티나골드 라운지 무료 이용 + 해외 라운지 무료 이용 | 프리미엄: 국내 특급호텔 및 인천국제공항 통합 연 5회 무료 발레파킹서비스 제공 | 카페: 스타벅스, 폴바셋, 이디야 결제 건당 500원 할인 | 자동차: 서울 및 대도시 제휴 주차장 주말 무료 주차 | 프리미엄 서비스: MasterCard 브랜드 프리미엄서비스 중 World 서비스 제공 | 기타: 웰컴보너스 1만5천 마일리지 적립"
604,씨티 프리미어마일 대한항공,씨티카드,신용,Mastercard,"해외겸용 [120,000]원",0,없음,항공마일리지: 무제한 | 항공마일리지: 30000원 | 바우처: 120000원,"모든가맹점, 무실적, 항공마일리지, 공항라운지/PP, 프리미엄",false,,https://d1c5n4ri2guedi.cloudfront.net/card/604/card_img/21371/604card.png,https://www.card-gorilla.com/card/detail/604,"항공마일리지: 기본적립: 카드 사용금액 1,000원당 1 씨티 프리미어마일 적립(1천원 미만은 절사) | 항공마일리지: 항공사 마일리지 전환 | PP: 전세계 주요 공항 라운지 무료 입장 가능한 PP카드 제공 | 공항: 제 1 여객터미널 &#39;명가의 뜰&#39; : 월 1회/연 12회 무료 메뉴 제공 | 바우처: 씨티 프리미어마일 카드 고객님을 위한 프리미엄 통합바우처 매년 1회 제공(9가지 옵션 중 택1 사용 가능) | 기타: 전국 모든 가맹점 2~3개월 상시 무이자 할부 | 프리미엄: 프리미엄 다이닝"
605,씨티 프리미어마일 아시아나,씨티카드,신용,Mastercard,"해외겸용 [120,000]원",0,없음,항공마일리지: 무제한 | 항공마일리지: 30000원 | 바우처: 120000원,"모든가맹점, 무실적, 항공마일리지, 공항라운지/PP, 프리미엄",false,,https://d1c5n4ri2guedi.cloudfront.net/card/605/card_img/21372/605card.png,https://www.card-gorilla.com/card/detail/605,"항공마일리지: 기본적립: 카드 사용금액 1,000원당 1 씨티 프리미어마일 적립(1천원 미만은 절사) | 항공마일리지: 항공사 마일리지 전환 | PP: 전세계 주요 공항 라운지 무료 입장 가능한 PP카드 제공 | 공항: 제 1 여객터미널 &#39;명가의 뜰&#39; : 월 1회/연 12회 무료 메뉴 제공 | 바우처: 씨티 프리미어마일 카드 고객님을 위한 프리미엄 통합바우처 매년 1회 제공(9가지 옵션 중 택1 사용 가능) | 기타: 전국 모든 가맹점 2~3개월 상시 무이자 할부 | 프리미엄: 프리미엄 다이닝"
606,카드의정석 UNTACT,우리카드,신용,"Mastercard, BC","국내전용 [12,000]원 / 해외겸용 [12,000]원",400000,"400,000원",생활: 20% | 온라인쇼핑: 2900원 | 게임: 10%,"통신, 쇼핑, 푸드, 공과금/렌탈, 교육/육아, 레저/스포츠, OTT/영화/문화, 간편결제, 해외",false,,https://d1c5n4ri2guedi.cloudfront.net/card/606/card_img/21373/606card.png,https://www.card-gorilla.com/card/detail/606,생활: [정기결제 할인 서비스] | 기타: [UNTACT 할인 서비스] | 해외이용: [해외 서비스]
788,CJ ONE 삼성카드,삼성카드,신용,VISA,"국내전용 [8,000]원 / 해외겸용 [10,000]원",200000,"200,000원",CJ ONE: 무제한 | CJ ONE: 0.5% | 테마파크: 50%,"푸드, 카페/디저트, OTT/영화/문화",false,,https://d1c5n4ri2guedi.cloudfront.net/card/788/card_img/28073/788card.png,https://www.card-gorilla.com/card/detail/788,"CJ ONE: CJ ONE 포인트 멤버십 대비 2배~5배 적립 | CJ ONE: CJ ONE 제휴점 외 일반 제휴점 이용 시 0.5% CJ ONE 포인트 특별 적립 | 테마파크: 놀이공원 자유이용권 50%&middot;워터파크 입장권 30% 현장할인 | CJ ONE: 대상점 | 푸드: CJ푸드빌 15% 현장할인 | 영화: CGV 온라인예매 및 현장결제 시 4,000원&middot;8,000원 현장할인 | 푸드: CJ푸드빌 20%&middot;30% 현장할인"
791,코스트코 리워드 비즈니스 현대카드,현대카드,신용,VISA,"국내전용 [10,000]원 / 해외겸용 [10,000]원",0,없음,멤버십포인트: 3% | 멤버십포인트: 2% | 멤버십포인트: 1%,"교통, 마트/편의점, 쇼핑, 카페/디저트, 무실적, OTT/영화/문화",false,,https://d1c5n4ri2guedi.cloudfront.net/card/791/card_img/21751/791card.png,https://www.card-gorilla.com/card/detail/791,"멤버십포인트: 코스트코 매장, 코스트코 온라인몰 결제 시 1~3% 적립 | 멤버십포인트: 적립된 코스트코 리워드 포인트를 바우처로 교환하여 매년 12월, 1회 제공 | 멤버십포인트: 코스트코 연간 이용금액 30만원 이상 시 차년도 연회비 면제 | 프리미엄 서비스: - VISA 브랜드 플래티넘서비스 중 기본제공서비스에 한해 이용 가능하며, | 비즈니스: 부가세신고 지원"
772,BLISS.5 카드(마일리지),IBK기업은행,신용,"VISA, BC Global","해외겸용 [95,000]원",300000,"300,000원",대한항공: 500원 | 바우처: 100000원 | 영화: 2000원,"교통, 쇼핑, 카페/디저트, OTT/영화/문화, 항공마일리지, 공항라운지/PP, 프리미엄, 여행/숙박",false,,https://d1c5n4ri2guedi.cloudfront.net/card/772/card_img/22246/772card.png,https://www.card-gorilla.com/card/detail/772,"대한항공: 국내외 일시불, 유이자할부금액에 대해서 1,500원당 1마일 적립 | 기차: KTX/SRT 승차권 및 철도 여행상품 3%~10% 할인 서비스 | 영화: 영화예매 할인 서비스 - CGV, 롯데시네마, 메가박스에서 1만원 이상 BLISS.5카드로 결제 시 2,000원 청구할인 | 카페: 카페아티제 본인 음료 구매 시 동반자 1인에게 무료 음료 제공 | 금융: 바로알림(SMS) 서비스 무료 가입 | 바우처: Voucher Service 종류(택1) | 프리미엄 서비스: 제주도 렌터카 48시간 이용시 24시간 지원 서비스 (성수기 제외)"
730,현대카드Z family,현대카드,신용,VISA,"국내전용 [10,000]원 / 해외겸용 [10,000]원",400000,"400,000원",온라인쇼핑: 10% | 배달앱: 10% | 주유: 100원,"주유, 통신, 마트/편의점, 쇼핑, 푸드, 공과금/렌탈",false,,https://d1c5n4ri2guedi.cloudfront.net/card/730/card_img/22204/730card.png,https://www.card-gorilla.com/card/detail/730,온라인쇼핑: [온라인쇼핑몰 이용금액의 10% 청구 할인] | 대형마트: [대형마트 이용금액의 10% 청구 할인] | 배달앱: [배달 앱 이용금액의 10% 청구 할인] | 주유소: [주유 시 리터당 100원 청구 할인] | 생활: [생활요금 정기결제 시 7% 청구 할인] | 무이자할부: 모든 가맹점에서 2~3개월 무이자할부 혜택 제공
731,현대카드Z work,현대카드,신용,VISA,"국내전용 [10,000]원 / 해외겸용 [10,000]원",400000,"400,000원",카페: 50% | 편의점: 10% | 간편결제: 10%,"교통, 통신, 마트/편의점, 카페/디저트, 간편결제",false,,https://d1c5n4ri2guedi.cloudfront.net/card/731/card_img/22205/731card.png,https://www.card-gorilla.com/card/detail/731,카페: [커피전문점 이용금액의 50% 청구 할인] | 편의점: [편의점 이용금액의 10% 청구 할인] | 대중교통: [대중교통 이용금액의 10% 청구 할인] | 간편결제: [온라인 간편결제 이용금액의 10% 청구 할인] | 통신: [이동통신요금 정기결제 시 7% 청구 할인] | 무이자할부: 모든 가맹점에서 2~3개월 무이자할부 혜택 제공
732,현대카드Z ontact,현대카드,신용,VISA,"국내전용 [10,000]원 / 해외겸용 [10,000]원",400000,"400,000원",온라인쇼핑: 70% | 카페: 50% | 디지털구독: 30%,"쇼핑, 푸드, 카페/디저트, OTT/영화/문화, 간편결제",false,,https://d1c5n4ri2guedi.cloudfront.net/card/732/card_img/22206/732card.png,https://www.card-gorilla.com/card/detail/732,간편결제: [온라인 간편결제 이용금액의 10% 청구 할인] | 온라인쇼핑: [온라인쇼핑 멤버십 이용금액의 70% 청구 할인] | 디지털구독: [디지털 콘텐츠 서비스 이용금액의 30% 청구 할인] | 배달앱: [배달 앱 이용금액의 10% 청구 할인] | 카페: [커피전문점 스마트오더 이용금액의 50% 청구 할인] | 무이자할부: 모든 가맹점에서 2~3개월 무이자할부 혜택 제공
761,Hole In:WON(홀인원) 카드,우리카드,신용,"Mastercard, BC","국내전용 [49,000]원 / 해외겸용 [49,000]원",500000,"500,000원",골프: 5% | 골프: 무제한 | 공항라운지: 무제한,"주유, 쇼핑, 카페/디저트, 자동차/하이패스, 레저/스포츠, OTT/영화/문화, 공항라운지/PP, 여행/숙박, 해외",false,,https://d1c5n4ri2guedi.cloudfront.net/card/761/card_img/22235/761card.png,https://www.card-gorilla.com/card/detail/761,적립: 골프 업종 5% 적립 | 골프: [골프 프리미엄 서비스] | 생활: 주유 할인 서비스 | 프리미엄 서비스: MasterCard Platinum 서비스
763,the Pink,현대카드,신용,VISA,"국내전용 [150,000]원 / 해외겸용 [150,000]원",500000,"500,000원",모든가맹점: 2% | 쇼핑: 5% | 바우처: 100000원,"모든가맹점, 주유, 쇼핑, 푸드, 카페/디저트, 자동차/하이패스, 공항라운지/PP, 프리미엄",false,,https://d1c5n4ri2guedi.cloudfront.net/card/763/card_img/27661/763card.png,https://www.card-gorilla.com/card/detail/763,"모든가맹점: [기본 적립] | 기타: M포인트로 상품권 교환, 면세점에서 사용 가능한 the Pink 바우처 교환(10만원권) | 바우처: the Pink 최초 발급 시 웰컴 바우처 10만원권 1매 제공 | 연회비지원: 7만 M포인트 적립 또는 연회비 7만원 감면(택 1) | 프리미엄: [메탈 플레이트] | 프리미엄 서비스: VISA Signature 서비스"
773,BLISS.5 카드(포인트),IBK기업은행,신용,"VISA, BC Global","해외겸용 [95,000]원",300000,"300,000원",적립: 500원 | 바우처: 100000원 | 영화: 2000원,"모든가맹점, 교통, 쇼핑, 카페/디저트, OTT/영화/문화, 항공마일리지, 프리미엄, 여행/숙박",false,,https://d1c5n4ri2guedi.cloudfront.net/card/773/card_img/22247/773card.png,https://www.card-gorilla.com/card/detail/773,"적립: 국내외 일시불, 유이자할부금액 1,500원당 10 TOP포인트 적립 | 기차: KTX/SRT 승차권 및 철도 여행상품 3%~10% 할인 서비스 | 영화: 영화예매 할인 서비스 - CGV, 롯데시네마, 메가박스에서 1만원 이상 BLISS.5카드로 결제 시 2,000원 청구할인 | 카페: 카페아티제 본인 음료 구매 시 동반자 1인에게 무료 음료 제공 | 금융: 바로알림(SMS) 서비스 무료 가입 | 바우처: Voucher Service 종류(택1) | 프리미엄 서비스: 제주도 렌터카 48시간 이용시 24시간 지원 서비스 (성수기 제외)"
774,쿠팡 롯데카드,롯데카드,신용,"VISA, UnionPay","국내전용 [5,000]원 / 해외겸용 [10,000]원",200000,"200,000원",온라인쇼핑: 15% | 푸드: 10% | 테마파크: 50%,"주유, 마트/편의점, 쇼핑, 푸드, 카페/디저트, 레저/스포츠, OTT/영화/문화, 해외",false,,https://d1c5n4ri2guedi.cloudfront.net/card/774/card_img/22248/774card.png,https://www.card-gorilla.com/card/detail/774,"온라인쇼핑: 혜택 | 푸드: 혜택 | 테마파크: 롯데월드 종합이용권 50% 할인 | 쇼핑: 롯데백화점 | 영화: 롯데시네마 관람료 1,500원 할인 | 푸드: 미스터피자 15% 현장 할인 | 멤버십포인트: 롯데 SK 주유포인트 적립"
777,카드의정석 L.POINT,우리카드,신용,"BC, Mastercard","국내전용 [10,000]원 / 해외겸용 [12,000]원",300000,"300,000원",OTT/영화/문화: 3% | 쇼핑: 1% | 모든가맹점: 0.7%,"주유, 통신, 마트/편의점, 쇼핑, 카페/디저트, 레저/스포츠, OTT/영화/문화, 여행/숙박, 해외",false,,https://d1c5n4ri2guedi.cloudfront.net/card/777/card_img/22251/777card.png,https://www.card-gorilla.com/card/detail/777,멤버십포인트: L.POINT 0.7 ~ 3% 적립 | 멤버십포인트: 롯데가맹점 1 ~ 2% 추가적립 | 테마파크: 롯데월드 아쿠아리움 입장권 및 놀이공원 자유이용권 50% 현장할인
779,위메프페이 신용카드,KB국민카드,신용,"Mastercard, JCB","국내전용 [20,000]원 / 해외겸용 [20,000]원",0,없음,온라인쇼핑: 2% | 온라인쇼핑: 1% | 생활: 5%,"모든가맹점, 마트/편의점, 쇼핑, 푸드, 카페/디저트, 무실적, 레저/스포츠, OTT/영화/문화",false,,https://d1c5n4ri2guedi.cloudfront.net/card/779/card_img/22253/779card.png,https://www.card-gorilla.com/card/detail/779,온라인쇼핑: 위메프/위메프오 적립 | 생활: 생활영역/구독서비스 적립 | 적립: 적립 제외 대상 이외 이용금액의 0.2% 적립
745,알뜰교통 my pass 마패 신용카드(Hana-BC),하나카드,신용,"Mastercard, UnionPay","해외겸용 [17,000]원",500000,"500,000원",대중교통: 20% | 편의점: 10% | 카페: 10%,"교통, 마트/편의점, 카페/디저트",false,,https://d1c5n4ri2guedi.cloudfront.net/card/745/card_img/27829/745card.png,https://www.card-gorilla.com/card/detail/745,대중교통: 대중교통 20% 청구할인 | 편의점: 편의점 10% 청구할인 | 카페: 커피 10% 청구할인
2210,블랙핑크 카드,BC 바로카드,신용,"VISA, BC","국내전용 [10,000]원 / 해외겸용 [12,000]원",300000,"300,000원",기타: 10% | 마트/편의점: 10% | 생활: 10%,"마트/편의점, 쇼핑, 푸드, 뷰티/피트니스, OTT/영화/문화",false,,https://d1c5n4ri2guedi.cloudfront.net/card/2210/card_img/21775/2210card.png,https://www.card-gorilla.com/card/detail/2210,할인: [FANDOM] 팬덤 10% 청구할인 | 쇼핑: [SHOPPING] 쇼핑 10% 청구할인 | 생활: [LIFE] 생활 10% 청구할인 | 통신: [MOBILE] KT 단말기 할부대금 2~24개월 무이자 할부 | 프리미엄 서비스: [BRAND SERVICE] VISA Young Premium 서비스
2232,1Q Daily+[40주년 에디션],하나카드,신용,"VISA, Mastercard, JCB","국내전용 [10,000]원 / 해외겸용 [10,000]원",0,없음,모든가맹점: 1% | 쇼핑: 5000원 | 주유: 3000원,"교통, 주유, 통신, 쇼핑, 카페/디저트, 무실적, 공과금/렌탈, 해외",false,,https://d1c5n4ri2guedi.cloudfront.net/card/2232/card_img/20931/2232card.png,https://www.card-gorilla.com/card/detail/2232,"적립: 국내 가맹점 이용금액 하나머니 적립(적립한도 없음) | 적립: 온라인쇼핑, 통신/교통/자동이체, 해외영역별 이번달 합산 이용금액 10만원 이상시 5천 하나머니 적립 | 주유: SK주유소 5만원 이상 결제할 때마다 3천원 청구할인 | 카페: 스타벅스/커피빈 4천원 이상 결제하면 4천원 청구할인 | 공과금: 이번달 아파트관리비 / 4대보험 자동이체 금액 합산 10만원 이상일 때 5천 하나머니 적립"
2099,에코마일리지카드(비씨),NH농협카드,신용,"Mastercard, BC","국내전용 [6,000]원 / 해외겸용 [8,000]원",300000,"300,000원",공과금/렌탈: 50000원 | 교육/육아: 5% | 병원/약국: 5%,"교통, 통신, 마트/편의점, 쇼핑, 푸드, 뷰티/피트니스, 공과금/렌탈, 병원/약국, 교육/육아, 레저/스포츠",false,,https://d1c5n4ri2guedi.cloudfront.net/card/2099/card_img/21901/2099card.png,https://www.card-gorilla.com/card/detail/2099,"공과금/렌탈: 가정내 에너지(전기,수도,가스) 10% 이상 절약시 5만점 적립 | 생활: 학원,병의원,대형할인점,백화점,농협판매장 5% 에코머니 적립 | 패밀리레스토랑: 주요 패밀리레스토랑 이용시 10% 에코머니 적립 | 통신: 이동통신요금 3% 에코머니 적립 | 교통: 버스, 지하철, 고속버스, KTX 5~10% 에코머니 적립 | 레저/스포츠: 헬스클럽, 수영장, 테니스장, 볼링장 에코머니 적립(10%)"
2104,L.CLASS L60 (L.POINT형),롯데카드,신용,Mastercard,"국내전용 [595,000]원 / 해외겸용 [600,000]원",0,없음,모든가맹점: 1% | 바우처: 400000원 | 프리미엄 서비스: 무제한,"모든가맹점, 무실적, 레저/스포츠, 프리미엄, 여행/숙박, 해외",false,,https://d1c5n4ri2guedi.cloudfront.net/card/2104/card_img/21896/2104card.png,https://www.card-gorilla.com/card/detail/2104,모든가맹점: 1% L.POINT 적립 | 바우처: 스페셜기프트 제공(연 1회) | 프리미엄 서비스: 롯데호텔 객실 및 F&amp;B 현장할인
2106,L.CLASS L60 (아시아나클럽형),롯데카드,신용,Mastercard,"국내전용 [595,000]원 / 해외겸용 [600,000]원",0,없음,아시아나항공: 1000원 | 바우처: 400000원 | 프리미엄 서비스: 무제한,"무실적, 레저/스포츠, 항공마일리지, 프리미엄, 여행/숙박, 해외",false,,https://d1c5n4ri2guedi.cloudfront.net/card/2106/card_img/21890/2106card.png,https://www.card-gorilla.com/card/detail/2106,"아시아나항공: 1,000원당 1 아시아나클럽 마일리지 적립 | 바우처: 스페셜기프트 제공(연 1회) | 프리미엄 서비스: 롯데호텔 객실 및 F&amp;B 현장할인"
2130,ON PLATINUM카드(아시아나클럽),NH농협카드,신용,VISA,"국내전용 [128,000]원 / 해외겸용 [130,000]원",0,없음,항공마일리지: 1000원 | 항공마일리지: 1500000원 | 공항라운지: 무제한,"무실적, 항공마일리지, 프리미엄",false,,https://d1c5n4ri2guedi.cloudfront.net/card/2130/card_img/21865/2130card.png,https://www.card-gorilla.com/card/detail/2130,"아시아나항공: 마일리지형(아시아나클럽) 국내&middot;외 매출 건별 1,000원당 1마일리지 | 공항라운지: 전 세계 공항 라운지 무료 이용(더 라운지 멤버스) | 프리미엄 서비스: MASTERCARD PLATINUM PREMIUM SERVICES"
1926,E1 LPG 롯데카드,롯데카드,신용,,"국내전용 [15,000]원",300000,"300,000원",충전소: 무제한 | 하이패스: 30% | 보험: 30000원,"주유, 공과금/렌탈, 자동차/하이패스",false,,https://d1c5n4ri2guedi.cloudfront.net/card/1926/card_img/22072/1926card.jpg,https://www.card-gorilla.com/card/detail/1926,"충전소: E1 LPG 충전 | 정비: E1 오렌지카드 서비스 | 보험: 자동차보험료 청구할인 | 헤어: 박준뷰티랩 20% 현장할인 | 테마파크: 롯데월드 종합이용권 50% 할인 | 경기관람: 롯데 자이언츠 20% 할인 | 쇼핑: 롯데백화점 5% 할인 e-쿠폰 및 무료 주차권 제공 | OTT/영화/문화: 롯데시네마 관람료 1,500원 청구할인 | 패밀리레스토랑: 보네스뻬/보네스뻬브레드 10% 할인 | 멤버십포인트: L.POINT"
1980,LG전자 베스트렌탈 우리카드,우리카드,신용,"BC, Mastercard","국내전용 [12,000]원 / 해외겸용 [15,000]원",300000,"300,000원",렌탈: 20000원,공과금/렌탈,false,,https://d1c5n4ri2guedi.cloudfront.net/card/1980/card_img/22018/1980card.png,https://www.card-gorilla.com/card/detail/1980,렌탈: LG전자 베스트렌탈 자동이체 청구할인
1984,동양생명 우리카드,우리카드,신용,"Mastercard, BC","국내전용 [12,000]원 / 해외겸용 [15,000]원",300000,"300,000원",보험사: 20000원,공과금/렌탈,false,,https://d1c5n4ri2guedi.cloudfront.net/card/1984/card_img/22014/1984card.png,https://www.card-gorilla.com/card/detail/1984,보험사: 동양생명 보험료 자동이체 청구할인
2093,L.CLASS L60 (스카이패스형),롯데카드,신용,Mastercard,"국내전용 [595,000]원 / 해외겸용 [600,000]원",0,없음,대한항공: 500원 | 바우처: 400000원 | 프리미엄 서비스: 무제한,"무실적, 레저/스포츠, 항공마일리지, 프리미엄, 여행/숙박, 해외",false,,https://d1c5n4ri2guedi.cloudfront.net/card/2093/card_img/21907/2093card.png,https://www.card-gorilla.com/card/detail/2093,"대한항공: 1,500원당 1 스카이패스 마일리지 적립 | 바우처: 스페셜기프트 제공(연 1회) | 프리미엄 서비스: 롯데호텔 객실 및 F&amp;B 현장할인"
2149,이랜드리테일 롯데카드,롯데카드,신용,Mastercard,"국내전용 [10,000]원 / 해외겸용 [15,000]원",0,없음,온라인쇼핑: 7% | 대형마트: 5%,"마트/편의점, 쇼핑, 무실적",false,,https://d1c5n4ri2guedi.cloudfront.net/card/2149/card_img/21831/2149card.png,https://www.card-gorilla.com/card/detail/2149,온라인쇼핑: 이랜드리테일 이용금액 7% 결제일할인 | 대형마트: 주요 마트 이용금액 5% 결제일 할인 | 연회비지원: 자동납부 실적 연 6회 이상 &rarr; 다음 해 제휴연회비 면제 | 멤버십포인트: L.POINT 적립
1990,엉 카드,우리카드,신용,"BC, Mastercard","국내전용 [10,000]원 / 해외겸용 [12,000]원",300000,"300,000원",생활: 10% | 편의점: 10% | 카페: 10%,"마트/편의점, 푸드, 카페/디저트, 뷰티/피트니스, OTT/영화/문화, 여행/숙박",false,,https://d1c5n4ri2guedi.cloudfront.net/card/1990/card_img/22008/1990card.png,https://www.card-gorilla.com/card/detail/1990,"생활: 엉 서비스 - O2O 앱 이용 시 10% 청구할인 | 마트/편의점: GS 25, GS 수퍼 10% 청구할인 | 카페: 스타벅스 10% 청구할인 | 영화: 온라인 영화예매 2천원 청구할인"
1991,BeV Ⅸ 토탈마일 카드,KB국민카드,신용,VISA,"해외겸용 [1,000,000]원",0,없음,항공마일리지: 500원 | 항공권: 무제한 | 호텔: 30%,"무실적, 공과금/렌탈, 교육/육아, 레저/스포츠, OTT/영화/문화, 항공마일리지, 프리미엄, 여행/숙박",false,,https://d1c5n4ri2guedi.cloudfront.net/card/1991/card_img/22007/1991card.png,https://www.card-gorilla.com/card/detail/1991,"대한항공: 토탈마일리지 적립서비스 | 바우처: 대한항공 동반자 항공권 서비스 | 바우처: 대한항공 본인항공권 좌석승급 서비스 | 바우처: KB국민카드 여행상품 할인 서비스 | 바우처: [영화 / 공연 서비스 (연 2회, 서비스 ①/② 중 택1)] | 프리미엄 서비스: BeV Ⅸ 서비스"
2007,LG전자 라서즐거운 카드,우리카드,신용,"Mastercard, UnionPay","해외겸용 [10,000]원",300000,"300,000원",렌탈: 20000원 | 카페/디저트: 20% | 영화: 3000원,"푸드, 카페/디저트, 공과금/렌탈, 레저/스포츠, OTT/영화/문화",false,,https://d1c5n4ri2guedi.cloudfront.net/card/2007/card_img/21991/2007card.png,https://www.card-gorilla.com/card/detail/2007,렌탈: LG전자 할인 서비스 | 패밀리레스토랑: 패밀리레스토랑 10% 청구할인 | 카페: 커피 20% 청구할인 | 영화: 전국 영화관 3천원 청구할인 | 테마파크: 주요 놀이공원 자유이용권 50% 현장할인
719,WON DISCOUNT(원 디스카운트) AIR,우리카드,신용,"Mastercard, BC","국내전용 [10,000]원 / 해외겸용 [10,000]원",500000,"500,000원",디지털구독: 10% | 자동차: 10% | 통신: 5%,"모든가맹점, 교통, 주유, 통신, 푸드, 카페/디저트, OTT/영화/문화, 해외",false,,https://d1c5n4ri2guedi.cloudfront.net/card/719/card_img/22193/719card.png,https://www.card-gorilla.com/card/detail/719,할인: 기본 할인 0.7% | 디지털구독: 넷플릭스 10% 할인 | 배달앱: 배달의민족 10% 할인 | 카페: 스타벅스 | 자동차: 전기차 충전 할인 10% | 생활: 일상 생활 할인 5%
723,IBK무민카드(신용),IBK기업은행,신용,"Mastercard, BC, UnionPay","국내전용 [10,000]원 / 해외겸용 [10,000]원",500000,"500,000원",카페: 20% | 온라인쇼핑: 20% | 편의점: 10%,"교통, 주유, 마트/편의점, 쇼핑, 카페/디저트, 뷰티/피트니스, 레저/스포츠, OTT/영화/문화",false,,https://d1c5n4ri2guedi.cloudfront.net/card/723/card_img/22197/723card.png,https://www.card-gorilla.com/card/detail/723,"카페: 주요 커피전문점 20% 할인 | 온라인쇼핑: 쿠팡, 티몬, 위메프 20% 할인 | 쇼핑: GS25, CU, 세븐일레븐, 올리브영 10% 할인 | 영화: CGV, 롯데시네마, 메가박스 1만원 할인 | 대중교통: 버스, 지하철 이용건당 200원 할인 | 주유: 전 주유소 리터당 60원 할인(LPG포함) | 금융: 금융우대서비스(결제계좌를 IBK기업은행 입출식 통장으로 이용 시) | 테마파크: 주요 놀이공원 무료입장 또는 입장료/자유이용권 할인 (월 1회, 연 2회)"
724,the Purple osée,현대카드,신용,"VISA, Mastercard","국내전용 [800,000]원 / 해외겸용 [800,000]원",0,없음,바우처: 무제한 | 적립: 무제한 | 공항라운지: 무제한,"모든가맹점, 주유, 쇼핑, 무실적, 자동차/하이패스, OTT/영화/문화, 항공마일리지, 공항라운지/PP, 프리미엄, 여행/숙박, 해외",false,,https://d1c5n4ri2guedi.cloudfront.net/card/724/card_img/22198/724card.png,https://www.card-gorilla.com/card/detail/724,"바우처: 트래블&middot;호텔&middot;쇼핑 영역별 최대 4매, 총 60만원까지 연 1회 선택 가능 | 적립: 항공마일리지 &middot; M포인트 적립(대한항공 마일리지형/아시아나 마일리지형/M포인트형 중 택1) | 적립: 연간 이용실적 4,000만원 충족 시 로열티 보너스 제공(연 1회, 택 1) | 프리미엄: 특수 소재 플레이트"
726,알뜰폰 Hub 카드,KB국민카드,신용,UnionPay,"국내전용 [20,000]원 / 해외겸용 [20,000]원",500000,"500,000원",통신: 10000원 | 프리미엄: 무제한,"통신, 공항라운지/PP",false,,https://d1c5n4ri2guedi.cloudfront.net/card/726/card_img/22200/726card.png,https://www.card-gorilla.com/card/detail/726,"통신: 알뜰폰 통신료 자동이체 할인 서비스 | 프리미엄: 티타늄 전용 서비스(공항/호텔 발레바킹, 공항 라운지 등)"
727,알뜰폰 Hub Ⅱ 카드,KB국민카드,신용,"Mastercard, JCB","국내전용 [15,000]원 / 해외겸용 [15,000]원",300000,"300,000원",통신: 10000원,통신,false,,https://d1c5n4ri2guedi.cloudfront.net/card/727/card_img/22201/727card.png,https://www.card-gorilla.com/card/detail/727,통신: 알뜰폰 통신료 자동이체 할인 서비스
694,배민현대카드,현대카드,신용,Mastercard,"국내전용 [10,000]원 / 해외겸용 [10,000]원",300000,"300,000원",배달앱: 3% | 온라인쇼핑: 2% | 디지털구독: 2%,"모든가맹점, 쇼핑, 푸드, 교육/육아, OTT/영화/문화",false,,https://d1c5n4ri2guedi.cloudfront.net/card/694/card_img/22168/694card.png,https://www.card-gorilla.com/card/detail/694,배달앱: 배민 앱에서 배민페이 결제 시 배민포인트 3% 적립 | 온라인쇼핑: 배민포인트 | 디지털구독: 배민포인트 | 적립: 배민포인트 | 기타: 배민 앱에서 배민페이 연간 이용금액 10만원 이상 시 차년도 연회비 면제
700,현대카드 M BOOST,현대카드,신용,VISA,"국내전용 [30,000]원 / 해외겸용[30,000]원",500000,"500,000원",적립: 3% | 간편결제: 5% | 해외: 5%,"통신, 마트/편의점, 쇼핑, 푸드, 카페/디저트, 뷰티/피트니스, 병원/약국, 교육/육아, 자동차/하이패스, OTT/영화/문화, 간편결제, 프리미엄, 해외",false,,https://d1c5n4ri2guedi.cloudfront.net/card/700/card_img/22174/700card.png,https://www.card-gorilla.com/card/detail/700,적립: [M포인트 적립] 기본 적립률 | 적립: [M포인트 적립] 5% 적립 | 적립: 당월 이용금액 100만원 이상 시 보너스 리워드 1만 M포인트 적립 | 무이자할부: 모든 가맹점 2~3개월 무이자할부 | 프리미엄 서비스: VISA/MasterCard 브랜드 플래티넘
661,카드의정석 UNTACT AIR,우리카드,신용,"Mastercard, BC","국내전용 [15,000]원 / 해외겸용 [15,000]원",500000,"500,000원",생활: 20% | 배달앱: 30% | 소셜커머스: 20%,"쇼핑, 푸드, 카페/디저트, 공과금/렌탈, 교육/육아, OTT/영화/문화, 간편결제, 해외",false,,https://d1c5n4ri2guedi.cloudfront.net/card/661/card_img/21424/661card.png,https://www.card-gorilla.com/card/detail/661,생활: [정기결제 할인 서비스] | 기타: [UNTACT AIR 서비스] | 해외: [해외 서비스]
667,모두의 건강,하나카드,신용,VISA,"국내전용 [15,000]원 / 해외겸용 [15,000]원",300000,"300,000원",저녁: 5% | APP: 5% | 병원: 5%,"마트/편의점, 쇼핑, 푸드, 카페/디저트, 병원/약국, 애완동물, 레저/스포츠",false,,https://d1c5n4ri2guedi.cloudfront.net/card/667/card_img/21432/667card.png,https://www.card-gorilla.com/card/detail/667,저녁: [일상의 혜택] | 대형마트: [일상의 혜택] | 카페: [일상의 혜택] | APP: [일상의 혜택] | 레저/스포츠: [건강한 혜택] | 병원: [건강한 혜택]
671,BLISS.7 카드(마일리지),IBK기업은행,신용,VISA,"해외겸용 [200,000]원",0,없음,대한항공: 500원 | 대한항공: 500원 | 바우처: 200000원,"모든가맹점, 카페/디저트, 무실적, OTT/영화/문화, 항공마일리지, 프리미엄, 여행/숙박, 해외",false,,https://d1c5n4ri2guedi.cloudfront.net/card/671/card_img/21436/671card.png,https://www.card-gorilla.com/card/detail/671,대한항공: 기본마일리지 | 바우처: Travel &amp; Leisure | 프리미엄 서비스: Travel &amp; Leisure | 프리미엄: VISA Signature Contents
672,BLISS.7 카드(포인트),IBK기업은행,신용,"VISA, BC Global","해외겸용 [190,000]원",0,없음,적립: 500원 | 적립: 500원 | 바우처: 200000원,"모든가맹점, 카페/디저트, 무실적, OTT/영화/문화, 프리미엄, 여행/숙박, 해외",false,,https://d1c5n4ri2guedi.cloudfront.net/card/672/card_img/21437/672card.png,https://www.card-gorilla.com/card/detail/672,적립: 기본포인트 | 바우처: Travel &amp; Leisure | 프리미엄 서비스: Travel &amp; Leisure | 프리미엄: VISA Signature Contents
717,그랑블루 1st,우리카드,신용,"Mastercard, BC","국내전용 [100,000]원 / 해외겸용 [100,000]원",0,없음,적립: 0.5% | 해외: 2% | 바우처: 50000원,"모든가맹점, 교통, 주유, 통신, 쇼핑, 무실적, 공과금/렌탈, 병원/약국, 레저/스포츠, 공항라운지/PP, 프리미엄, 여행/숙박, 해외",false,,https://d1c5n4ri2guedi.cloudfront.net/card/717/card_img/22191/717card.png,https://www.card-gorilla.com/card/detail/717,"적립: [고액 적립] 최대 1.5% 적립 | 적립: [특별 적립] | 적립: [기본적립] 특별 적립 외 국내 적립 대상 가맹점 0.5% 적립 | 바우처: 프리미엄 기프트(연 1회, 택 1) | 프리미엄 서비스: [그랑블루 1st 프리미엄 서비스] | 주유: SK 주유 및 충전 시 리터(ℓ)당 60원 청구 할인 | 여행/숙박: 여행 지원 서비스 | 기타: 개인사업자 Win-Tax 서비스"
701,현대카드 X BOOST,현대카드,신용,VISA,"국내전용 [30,000]원 / 해외겸용[30,000]원",500000,"500,000원",모든가맹점: 1.5% | 간편결제: 5% | 해외: 5%,"모든가맹점, 간편결제, 프리미엄, 해외",false,,https://d1c5n4ri2guedi.cloudfront.net/card/701/card_img/22175/701card.png,https://www.card-gorilla.com/card/detail/701,모든가맹점: 모든 가맹점에서 1%/1.5% 할인 | 할인: 온라인 간편결제서비스 이용 시 5% 할인 | 무이자할부: 모든 가맹점 2~3개월 무이자할부 | 프리미엄: VISA 플래티넘서비스
702,현대카드 M2 BOOST,현대카드,신용,VISA,"국내전용 [60,000]원 / 해외겸용[60,000]원",500000,"500,000원",적립: 3% | 간편결제: 5% | 해외: 5%,"모든가맹점, 교통, 주유, 통신, 마트/편의점, 쇼핑, 푸드, 카페/디저트, 뷰티/피트니스, 공과금/렌탈, 병원/약국, 교육/육아, 자동차/하이패스, OTT/영화/문화, 간편결제, 프리미엄, 해외",false,,https://d1c5n4ri2guedi.cloudfront.net/card/702/card_img/22176/702card.png,https://www.card-gorilla.com/card/detail/702,적립: [M포인트 적립] 기본 적립률 | 적립: [M포인트 적립] 5% 적립 | 적립: 당월 이용금액 100만원 이상 시 보너스 리워드 1만 M포인트 적립 | 무이자할부: 모든 가맹점 2~3개월 무이자할부 | 프리미엄 서비스: VISA/MasterCard 브랜드 플래티넘서비스 | 기타: 커피전문점 할인
703,현대카드 M3 BOOST,현대카드,신용,VISA,"국내전용 [90,000]원 / 해외겸용[90,000]원",500000,"500,000원",적립: 6% | 간편결제: 5% | 해외: 5%,"모든가맹점, 교통, 주유, 통신, 마트/편의점, 쇼핑, 푸드, 카페/디저트, 뷰티/피트니스, 공과금/렌탈, 병원/약국, 교육/육아, 자동차/하이패스, OTT/영화/문화, 간편결제, 항공마일리지, 프리미엄, 해외",false,,https://d1c5n4ri2guedi.cloudfront.net/card/703/card_img/22177/703card.png,https://www.card-gorilla.com/card/detail/703,적립: [M포인트 적립] 기본 적립률 | 적립: [M포인트 적립] 5% 적립 | 적립: 당월 이용금액 100만원 이상 시 보너스 리워드 1만 M포인트 적립 | 무이자할부: 모든 가맹점 2~3개월 무이자할부 | 프리미엄 서비스: VISA/MasterCard 브랜드 플래티넘서비스 | 기타: 커피전문점 할인
704,현대카드 X2 BOOST,현대카드,신용,VISA,"국내전용 [60,000]원 / 해외겸용[60,000]원",500000,"500,000원",모든가맹점: 1.5% | 간편결제: 5% | 해외: 5%,"모든가맹점, 카페/디저트, 간편결제, 프리미엄, 해외",false,,https://d1c5n4ri2guedi.cloudfront.net/card/704/card_img/22178/704card.png,https://www.card-gorilla.com/card/detail/704,모든가맹점: 모든 가맹점에서 1%/1.5% 할인 | 할인: 온라인 간편결제서비스 이용 시 5% 할인 | 무이자할부: 모든 가맹점 2~3개월 무이자할부 | 프리미엄 서비스: VISA/MasterCard 브랜드 플래티넘서비스 | 기타: 커피전문점 할인
705,현대카드 X3 BOOST,현대카드,신용,VISA,"국내전용 [90,000]원 / 해외겸용 [90,000]원",500000,"500,000원",모든가맹점: 1.5% | 간편결제: 5% | 기타: 10000원,"모든가맹점, 카페/디저트, 간편결제, 프리미엄, 해외",false,,https://d1c5n4ri2guedi.cloudfront.net/card/705/card_img/22179/705card.png,https://www.card-gorilla.com/card/detail/705,모든가맹점: 모든 가맹점에서 1%/1.5% 할인 | 할인: 온라인 간편결제서비스 이용 시 5% 할인 | 할인: 당월 이용금액 200만원 이상 시 1만원 캐시백 | 무이자할부: 모든 가맹점 2~3개월 무이자할부 | 프리미엄 서비스: VISA/MasterCard 브랜드 플래티넘서비스 | 기타: 커피전문점 할인
1866,RAUME O (아시아나),삼성카드,신용,Mastercard,"해외겸용 [2,000,000]원",0,없음,아시아나항공: 1000원 | 바우처: 무제한 | 여행/숙박: 무제한,"무실적, 레저/스포츠, OTT/영화/문화, 항공마일리지, 공항라운지/PP, 프리미엄, 여행/숙박, 해외",false,,https://d1c5n4ri2guedi.cloudfront.net/card/1866/card_img/28080/1866card.png,https://www.card-gorilla.com/card/detail/1866,"기타: RAUME STORY | 아시아나항공: 이용금액 1,000원당 아시아나 1 마일리지 적립 | 기타: 라이프 케어 서비스 제공 | 바우처: 특1급 호텔, 국내 최고 골프클럽, 명품 브랜드, 에버랜드 및 뷰티숍에서 이용할 수 있는 기프트 바우처를 연 1회 제공 | 골프: 항공권 | 프리미엄: 삼성프리미엄카드 서비스 | 프리미엄: 패션 브랜드 스타일링 클래스, 미술관 프라이빗 투어, 전문가와 함께하는 살롱 콘서트 등 다양한 분야에 걸쳐 소수의 회원님을 모시고 진행되는 특별한 이벤트인 RAUME Experience 에 회원님을 초대합니다. | 여행/숙박: 발렛파킹 이용 무료"
1608,SK 7mobile카드,KB국민카드,신용,"Mastercard, JCB","해외겸용 [15,000]원",300000,"300,000원",통신: 10000원,모든가맹점,false,,https://d1c5n4ri2guedi.cloudfront.net/card/1608/card_img/22596/1608card.png,https://www.card-gorilla.com/card/detail/1608,통신: SK 7mobile 통신료 자동이체 청구할인
1710,카드의정석 HEROES,우리카드,신용,"VISA, BC","국내전용 [10,000]원 / 해외겸용 [12,000]원",300000,"300,000원",적립: 0.6% | 간편결제: 3% | 기타: 0.1%,"교통, 주유, 통신, 마트/편의점, 쇼핑, 카페/디저트, OTT/영화/문화, 간편결제, 해외",false,,https://d1c5n4ri2guedi.cloudfront.net/card/1710/card_img/22414/1710card.png,https://www.card-gorilla.com/card/detail/1710,적립: 모아포인트 5% ~ 0.6% 적립 | 간편결제: 주요 간편결제 모아포인트 3% 추가적립 | 기타: 우리카드가 고객님께서 [카드의정석 HEROES]로 이용하신 국내이용금액의 0.1%를 광복회에 후원합니다.
1382,몰테일 KB국민카드,KB국민카드,신용,Mastercard,"국내전용 [12,000]원 / 해외겸용 [12,000]원",0,없음,쇼핑: 2% | 모든가맹점: 0.5% | 해외: 3%,"쇼핑, 무실적, 여행/숙박, 해외",false,,https://d1c5n4ri2guedi.cloudfront.net/card/1382/card_img/20761/1382card.png,https://www.card-gorilla.com/card/detail/1382,적립: [기본적립] 국내 가맹점 0.5% 포인트리 적립 | 해외: [기본적립] 해외 전 가맹점 1.5% 포인트리 적립 | 쇼핑: 몰테일 포인트 적립
1487,IBK 무직타이거 카드(신용),IBK기업은행,신용,"BC, Mastercard","국내전용 [10,000]원 / 해외겸용 [12,000]원",500000,"500,000원",대중교통: 200원 | 주유: 무제한 | 쇼핑: 20%,"교통, 주유, 마트/편의점, 쇼핑, 카페/디저트, 레저/스포츠, OTT/영화/문화",false,,https://d1c5n4ri2guedi.cloudfront.net/card/1487/card_img/20427/1487card.png,https://www.card-gorilla.com/card/detail/1487,"대중교통: 버스, 지하철 이용건당 200원 할인 | 주유: 전 주유소 리터당 60원 할인(LPG 포함) | 마트/편의점: GS25, CU, 세븐일레븐, 올리브영 10% 할인 | 온라인쇼핑: 쿠팡, 티몬, 위메프 20% 할인 | 영화: CGV, 메가박스, 롯데시네마 1만원 할인 | 카페: 주요 커피전문점 20% 할인 | 금융: 금융우대서비스 | 테마파크: 주요 놀이공원 무료입장 또는 입장료/자유이용권 할인 (월 1회, 연 2회)"
1519,LG전자 렌탈 플러스 하나카드,하나카드,신용,"VISA, Mastercard, UnionPay","해외겸용 [15,000]원 / 해외겸용 [20,000]원",300000,"300,000원",렌탈: 10000원,공과금/렌탈,false,,https://d1c5n4ri2guedi.cloudfront.net/card/1519/card_img/20214/1519card.png,https://www.card-gorilla.com/card/detail/1519,렌탈: LG전자 렌탈요금 할인서비스
1529,KT Super DC,하나카드,신용,"VISA, JCB","국내전용 [12,000]원 / 해외겸용 [15,000]원",300000,"300,000원",KT: 10000원 | 카페: 5% | 영화: 3000원,"통신, 카페/디저트, OTT/영화/문화",false,,https://d1c5n4ri2guedi.cloudfront.net/card/1529/card_img/20202/1529card.png,https://www.card-gorilla.com/card/detail/1529,"KT: KT통신 이용요금 할인 서비스 | 카페: 5대 커피업종 5% 청구할인 | 영화: 영화업종 3,000원 청구할인 | 기타: 올레콘텐츠박스 이용쿠폰 제공"
1532,LGU+ 카드의정석 Ⅱ,우리카드,신용,"BC, Mastercard","국내전용 [20,000]원 / 해외겸용 [20,000]원",300000,"300,000원",LGU+: 10000원 | LGU+: 무제한 | 영화: 3000원,"통신, 레저/스포츠, OTT/영화/문화",false,,https://d1c5n4ri2guedi.cloudfront.net/card/1532/card_img/20199/1532card.png,https://www.card-gorilla.com/card/detail/1532,"LGU+: LGU+ 통신서비스 요금 청구할인 | 영화: 모든 영화관 3,000원 청구할인 | 테마파크: 롯데월드, 에버랜드, 서울랜드, 이월드(대구), 경주월드, 통도환타지아 자유이용권 50% 현장할인"
1544,해피포인트 KB국민카드,KB국민카드,신용,"VISA, Mastercard, JCB","해외겸용 [5,000]원",100000,"100,000원",해피포인트: 30% | 온라인쇼핑: 5% | 영화: 3500원,"쇼핑, 푸드, OTT/영화/문화",false,,https://d1c5n4ri2guedi.cloudfront.net/card/1544/card_img/22690/1544card.png,https://www.card-gorilla.com/card/detail/1544,"해피포인트: 해피포인트 가맹점 10~30% 청구할인 | 온라인쇼핑: 옥션 &middot; G마켓 5% 청구할인 | 영화: 인터파크 3,500원 청구할인 | 여행/숙박: 제너두 둔내 펜션 10%~40% 현장할인 | 무이자할부: 백화점 및 할인점 2~3개월 무이자할부"
1549,하나투어 KB국민카드,KB국민카드,신용,"VISA, Mastercard, JCB","국내전용 [10,000]원 / 해외겸용 [10,000]원",0,없음,여행사: 10% | 금융: 30% | 영화: 3500원,"푸드, 카페/디저트, 무실적, OTT/영화/문화, 여행/숙박, 해외",false,,https://d1c5n4ri2guedi.cloudfront.net/card/1549/card_img/22685/1549card.png,https://www.card-gorilla.com/card/detail/1549,"여행사: 기본적립 | 영화: 인터파크 영화예매 1매당 3,500원 청구 할인 | 여행사: 하나투어 세이브 서비스 대상 상품 및 가능 금액 | 무이자할부: 하나투어 / 국내 면세점 이용시 2~3개월 무이자 할부 상시제공 (5만원 이상 사용시) | 금융: 외국통화 매매 및 여행자 수표 매도 시 매매마진율의 30% 우대"
1816,카드의정석 시니어플러스,우리카드,신용,"Mastercard, BC","국내전용 [10,000]원 / 해외겸용 [12,000]원",300000,"300,000원",적립: 3% | 영화: 3000원 | 카페: 10%,"교통, 통신, 마트/편의점, 카페/디저트, 뷰티/피트니스, 자동차/하이패스, 레저/스포츠, OTT/영화/문화, 공항라운지/PP, 여행/숙박",false,,https://d1c5n4ri2guedi.cloudfront.net/card/1816/card_img/22290/1816card.png,https://www.card-gorilla.com/card/detail/1816,"적립: 모아포인트 1.0 ~ 3.0% 적립 | 공항라운지: 인천 공항라운지 무료이용 서비스 | 영화: 전국 영화관 12,000원 이상 결제 시 3,000원 청구할인 | 카페: 커피전문점 10% 청구할인 | 여행/숙박: 프리미엄 투어 서비스 | 하이브리드: Two-in-One 결제서비스"
1818,카드의정석 삼성화재 당신에게 좋은보험,우리카드,신용,"BC, JCB","국내전용 [19,000]원 / 해외겸용 [20,000]원",300000,"300,000원",보험사: 10000원 | 영화: 3000원 | 카페: 1000원,"카페/디저트, 공과금/렌탈, OTT/영화/문화",false,,https://d1c5n4ri2guedi.cloudfront.net/card/1818/card_img/22288/1818card.png,https://www.card-gorilla.com/card/detail/1818,보험사: 삼성화재 보험료 장기할부 서비스 | 영화: 영화관 할인 | 카페: 커피전문점 할인
1829,바디프랜드 카드,우리카드,신용,"BC Global, Mastercard","해외겸용 [10,000]원",300000,"300,000원",렌탈: 20000원 | 영화: 6000원 | 카페: 5%,"카페/디저트, 공과금/렌탈, 레저/스포츠, OTT/영화/문화",false,,https://d1c5n4ri2guedi.cloudfront.net/card/1829/card_img/22277/1829card.png,https://www.card-gorilla.com/card/detail/1829,"렌탈: 바드프랜드 렌탈요금 할인서비스 | 영화: 영화 12,000원 이상 결제 시 6,000원 청구할인 | 카페: 스타벅스, 커피빈, 카페베네, 투썸플레이스에서 결제 시 5% 청구할인 | 테마파크: 전국 놀이공원 자유이용권 50% 현장할인"
1854,ALL 다모아카드,우리카드,신용,"VISA, BC, Mastercard","국내전용 [10,000]원 / 해외겸용 [12,000]원",0,없음,적립: 1.8% | 주유: 무제한 | 멤버십포인트: 무제한,"모든가맹점, 주유, 통신, 마트/편의점, 쇼핑, 푸드, 카페/디저트, 무실적, 병원/약국, 교육/육아, 레저/스포츠, OTT/영화/문화, 해외",false,,https://d1c5n4ri2guedi.cloudfront.net/card/1854/card_img/22147/1854card.png,https://www.card-gorilla.com/card/detail/1854,적립: 모아포인트 1.0% ~ 1.8% 적립 | 주유: SK주유소 머핀포인트 적립 서비스 | 멤버십포인트: 멀티 멤버십 서비스 - &quot;모아포인트와 4대 멤버십을 1장의 카드로!&quot; | OTT/영화/문화: NHN Entertainment 서비스 | 생활: 생활 밀착 서비스
1861,롭스 롯데카드,롯데카드,신용,Mastercard,"국내전용 [7,000]원 / 해외겸용 [10,000]원",0,없음,드럭스토어: 15% | 헤어: 20% | 공연/전시: 30%,"마트/편의점, 쇼핑, 푸드, 카페/디저트, 뷰티/피트니스, 무실적, 레저/스포츠, OTT/영화/문화, 해외",false,,https://d1c5n4ri2guedi.cloudfront.net/card/1861/card_img/22154/1861card.jpg,https://www.card-gorilla.com/card/detail/1861,"드럭스토어: 혜택 | 헤어: 박준뷰티랩 | 테마파크: 롯데월드 종합이용권 50% 할인 | 경기관람: 대상 | 쇼핑: 롯데백화점 5% 할인 e-쿠폰 및 무료 주차권 제공 | 공연/전시: 뮤지컬, 연극 등 공연 10~30% 할인 | 푸드: 보네스뻬/보네스뻬브레드 10% 할인 | 멤버십포인트: - 롯데멤버스㈜ 고객정보 제공에 동의 하신 회원에 한하여 L.POINT 회원 가입이 가능합니다."
1759,SC제일은행 아시아나 삼성지엔미카드,삼성카드,신용,Mastercard,"국내전용 [20,000]원 / 해외겸용 [20,000]원",0,없음,아시아나항공: 무제한 | 쇼핑: 무제한 | 카페: 무제한,"주유, 쇼핑, 카페/디저트, 무실적, 자동차/하이패스, 레저/스포츠, 항공마일리지",false,,https://d1c5n4ri2guedi.cloudfront.net/card/1759/card_img/28077/1759card.png,https://www.card-gorilla.com/card/detail/1759,아시아나항공: 서비스안내 | 아시아나항공: 서비스안내 | 아시아나항공: 서비스안내 | 주유: 서비스안내 | 테마파크: 서비스 안내 | 정비: 서비스안내 | 은행사: 서비스안내
1446,웅진씽크빅 카드,KB국민카드,신용,"Mastercard, JCB","국내전용 [15,000]원 / 해외겸용 [15,000]원",300000,"300,000원",학습지: 10000원,교육/육아,false,,https://d1c5n4ri2guedi.cloudfront.net/card/1446/card_img/20628/1446card.png,https://www.card-gorilla.com/card/detail/1446,학습지: 웅진씽크빅 자동납부요금 청구할인 월 최대 1만 7천원
2486,LFmall 신용카드,KB국민카드,신용,Mastercard,"국내전용 [15,000]원 / 해외겸용 [15,000]원",0,없음,쇼핑: 5% | 모든가맹점: 0.5%,"모든가맹점, 무실적",false,,https://d1c5n4ri2guedi.cloudfront.net/card/2486/card_img/28401/2486card.png,https://www.card-gorilla.com/card/detail/2486,쇼핑: LFmall (lfmall.co.kr) 이용 시 5% 청구할인 | 모든가맹점: 국내외 가맹점 이용 시 0.5% 포인트리 적립 | 선택형: 원하는 플레이트 선택 가능
2488,베베쿡 신한카드,신한카드,신용,VISA,"국내전용 [15,000]원 / 해외겸용 [15,000]원",500000,"500,000원",기타: 10% | 쇼핑: 5% | 쇼핑: 5%,"마트/편의점, 쇼핑, 카페/디저트, 뷰티/피트니스, 교육/육아",false,,https://d1c5n4ri2guedi.cloudfront.net/card/2488/card_img/28422/2488card.png,https://www.card-gorilla.com/card/detail/2488,"기타: 베베쿡 10% 할인 | 쇼핑: 일상생활 쇼핑 할 때에도 5% 결제일 할인 | 쇼핑: 주요 커피점, 잡화, 온라인서점 쇼핑할 때에도 5% 결제일 할인"
2479,제주신화월드 신한카드,신한카드,신용,VISA,"국내전용 [15,000]원 / 해외겸용 [18,000]원",500000,"500,000원",리조트: 15% | 쇼핑: 10000원 | 생활: 10%,모든가맹점,false,,https://d1c5n4ri2guedi.cloudfront.net/card/2479/card_img/28408/2479card.png,https://www.card-gorilla.com/card/detail/2479,리조트: 제주신화월드 객실 15% 할인 | 쇼핑: 쇼핑 할인서비스 할인한도 | 생활: 생활 할인서비스 할인한도
2605,TMAP KB국민카드,KB국민카드,신용,VISA,"국내전용 [15,000원] / 해외겸용 [15,000원]",400000,"400,000원",자동차: 50% | 디지털구독: 10% | 주유: 5%,"주유, 마트/편의점, 카페/디저트, OTT/영화/문화",false,2023-06-20,https://d1c5n4ri2guedi.cloudfront.net/card/2605/card_img/31230/2605card.png,https://www.card-gorilla.com/card/detail/2605,자동차: 티맵 최대 50% 청구 할인 | 디지털구독: OTT 10% 청구 할인 | 주유: 주유 5% 청구 할인 | 푸드: 식음료 5% 청구 할인
2595,랭킹닭컴 신용카드,KB국민카드,신용,VISA,"국내전용 [15,000원] / 해외겸용 [15,000원]",300000,"300,000원",쇼핑: 20% | 골프: 10% | 디지털구독: 10%,"쇼핑, 레저/스포츠, OTT/영화/문화",false,,https://d1c5n4ri2guedi.cloudfront.net/card/2595/card_img/30969/2595card.png,https://www.card-gorilla.com/card/detail/2595,쇼핑: 랭킹닭컴 청구할인 | 골프: 골프(연습)장 청구할인 | 디지털구독: 구독서비스 청구할인
2596,신한카드 봄(도구리),신한카드,신용,Mastercard,"국내전용 [17,000원] / 해외겸용 [20,000원]",0,없음,캐시백: 0.5% | 대중교통: 200원 | 디지털구독: 10000원,"모든가맹점, 교통, 무실적, OTT/영화/문화",false,2023-03-20,https://d1c5n4ri2guedi.cloudfront.net/card/2596/card_img/31068/2596card.png,https://www.card-gorilla.com/card/detail/2596,캐시백: 국내외 이용금액 최대 0.5% 캐시백 | 대중교통: 버스/지하철 후불교통 이용금액 캐시백 | 디지털구독: 디지털 구독 이용금액 캐시백
2250,위버스 신한카드(TXT),신한카드,신용,AMEX,"국내전용 [35,000]원 / 해외겸용 [35,000]원",300000,"300,000원",적립: 4% | 할인: 50% | 기타: 무제한,"교통, 마트/편의점, 쇼핑, 카페/디저트, 뷰티/피트니스, OTT/영화/문화",false,,https://d1c5n4ri2guedi.cloudfront.net/card/2250/card_img/21000/2250card.png,https://www.card-gorilla.com/card/detail/2250,적립: Weverse Shop 이용금액의 4% Weverse Shop 캐시 추가 적립 | 생활: 생활영역 이용금액의 10% Weverse Shop 캐시 적립 | 기타: HYBE INSIGHT 내 매장 결제 시 50% 할인 | 선택형: 카드 디자인 선택가능
1340,New Happy 하나카드,하나카드,신용,VISA,"국내전용 [10,000]원 / 해외겸용 [10,000]원",0,없음,해피포인트: 5000원 | 해피포인트: 2% | 모든가맹점: 1%,"모든가맹점, 푸드, 무실적",false,,https://d1c5n4ri2guedi.cloudfront.net/card/1340/card_img/20835/1340card.png,https://www.card-gorilla.com/card/detail/1340,해피포인트: Happy 언택트 | 해피포인트: 해피포인트 가맹점 이용 시 현장 적립
2036,NH올원 Shopping&AMOREPACIFIC카드,NH농협카드,신용,Mastercard,"국내전용 [10,000]원 / 해외겸용 [12,000]원",300000,"300,000원",뷰티/피트니스: 10% | 카페: 10% | 베이커리: 5%,"카페/디저트, 뷰티/피트니스, 레저/스포츠, OTT/영화/문화",false,,https://d1c5n4ri2guedi.cloudfront.net/card/2036/card_img/21962/2036card.png,https://www.card-gorilla.com/card/detail/2036,화장품: 아모레퍼시픽 가맹점 5~10% 청구할인 | 생활: 커피 10% 청구할인 | 테마파크: 전국 주요 놀이공원 할인
2021,NH올원 Rental&바디프랜드카드,NH농협카드,신용,Mastercard,"국내전용 [12,000]원 / 해외겸용 [14,000]원",300000,"300,000원",쇼핑: 30000원 | 테마파크: 50%,"공과금/렌탈, 레저/스포츠",false,,https://d1c5n4ri2guedi.cloudfront.net/card/2021/card_img/21977/2021card.png,https://www.card-gorilla.com/card/detail/2021,렌탈: 매월 바디프랜드 렌탈료 1~3만원 청구할인 | 테마파크: 전국 주요 놀이공원 할인
2181,1st 플래티늄 카드,전북은행,신용,,"국내 [28,000]원 / 해외겸용 [30,000]원",100000,"100,000원",적립: 0.7% | 골프: 100000원 | 영화: 3000원,"레저/스포츠, OTT/영화/문화",false,,https://d1c5n4ri2guedi.cloudfront.net/card/2181/card_img/21795/2181card.png,https://www.card-gorilla.com/card/detail/2181,"적립: - 모든 가맹점 이용액 0.7 % 적립/캐시백 | 골프: - 전국 모든 골프장 건별 사용금액 10만원당 5천원 적립/캐시백 | 영화: ※ 일 1회, 월 2회, 연 8회 이내 제공 | 프리미엄 서비스: 프리미엄 서비스에 대한 보다 상세한 안내를 원하시는 고객님께서는 아래의 홈페이지를 참조하여 주시기 바랍니다. | 금융: 당행 ATM 출금 수수료 면제 (월 5회 이내)"
2150,국민행복카드,제주은행,신용,,국내전용 [없음],0,없음,병원: 5% | 적립: 4% | 카페: 20%,"교통, 푸드, 카페/디저트, 무실적, 병원/약국, 교육/육아, OTT/영화/문화",false,,https://d1c5n4ri2guedi.cloudfront.net/card/2150/card_img/21832/2150card.gif,https://www.card-gorilla.com/card/detail/2150,국민행복: - 이동통신요금 자동이체시 1천원 청구할인 | 국민행복: 이동통신요금 자동이체시 1천원 청구할인 | 국민행복: 국내 가맹점 이용금액 0.2~0.8% 에코머니 포인트 기본 적립 | 기타: 그린카드 멤버십 서비스
2177,1st Link On 카드,전북은행,신용,"BC, Mastercard","국내전용 [19,000]원/ 해외겸용 [20,000]원",500000,"500,000원",기타: 10000원 | 온라인쇼핑: 5% | 간편결제: 5%,"쇼핑, 푸드, OTT/영화/문화",false,,https://d1c5n4ri2guedi.cloudfront.net/card/2177/card_img/21791/2177card.png,https://www.card-gorilla.com/card/detail/2177,적립: 디지털 스트리밍 서비스 결제 시 최대 월 1만원 할인 | 적립: 온라인에서 결제 시 5% 청구할인
2249,위버스 신한카드(SEVENTEEN),신한카드,신용,AMEX,"국내전용 [35,000]원 / 해외겸용 [35,000]원",300000,"300,000원",적립: 4% | 할인: 50% | 기타: 무제한,"교통, 마트/편의점, 쇼핑, 카페/디저트, 뷰티/피트니스, OTT/영화/문화",false,,https://d1c5n4ri2guedi.cloudfront.net/card/2249/card_img/20999/2249card.png,https://www.card-gorilla.com/card/detail/2249,적립: Weverse Shop 이용금액의 4% Weverse Shop 캐시 추가 적립 | 생활: 생활영역 이용금액의 10% Weverse Shop 캐시 적립 | 기타: HYBE INSIGHT 내 매장 결제 시 50% 할인 | 선택형: 카드 디자인 선택가능
2267,L.PAY 신한카드,신한카드,신용,VISA,"국내전용 [17,000]원 / 해외겸용 [20,000]원",0,없음,적립: 0.1% | 적립: 1% | 적립: 6%,"교통, 마트/편의점, 쇼핑, 무실적, OTT/영화/문화, 해외",false,,https://d1c5n4ri2guedi.cloudfront.net/card/2267/card_img/20699/2267card.png,https://www.card-gorilla.com/card/detail/2267,"적립: 국내/해외 이용금액 0.1% 포인트 적립 | 적립: 후불교통(버스/지하철) 및 택시, 롯데 더드림영역 이용금액 1% 포인트 적립 | 적립: 특별적립 대상 롯데 더드림영역에서 L.PAY 결제시 최대 6% 추가 포인트 적립"
905,메가쇼핑 신한카드,신한카드,신용,Mastercard,"국내전용 [12,000]원 / 해외겸용 [15,000]원",0,없음,마트/편의점: 1% | 모든가맹점: 0.5% | 교통: 5%,"교통, 주유, 무실적",false,,https://d1c5n4ri2guedi.cloudfront.net/card/905/card_img/21639/905card.png,https://www.card-gorilla.com/card/detail/905,"마트/편의점: 메가마트 매장 내 결제 시 메가포인트 1.0% 적립 | 모든가맹점: 메가마트를 제외한 국내외 가맹점 메가포인트0.5% 적립 | 교통: 택시, 버스, 지하철 3~5% 할인(모바일 교통거래 포함) | 주유: GS칼텍스 주유 시 리터당 60원 할인"
865,홈플러스 스페셜 신한카드,신한카드,신용,VISA,"국내전용 [15,000]원 / 해외겸용 [18,000]원",500000,"500,000원",대형마트: 7% | 온라인쇼핑: 7% | 모든가맹점: 0.3%,"마트/편의점, 쇼핑",false,,https://d1c5n4ri2guedi.cloudfront.net/card/865/card_img/21677/865card.png,https://www.card-gorilla.com/card/detail/865,대형마트: 홈플러스 이용금액 적립 | 모든가맹점: 홈플러스 외 가맹점 이용금액 할인
768,Green Wave 1.5℃카드,KB국민카드,신용,"Mastercard, UnionPay","국내전용 [15,000]원 / 해외겸용 [15,000]원",400000,"400,000원",충전소: 10% | 쇼핑: 20% | 디지털구독: 1000원,"교통, 주유, 자동차/하이패스, OTT/영화/문화",false,,https://d1c5n4ri2guedi.cloudfront.net/card/768/card_img/22242/768card.png,https://www.card-gorilla.com/card/detail/768,자동차: [Green Mobility] | 쇼핑: [Green Shopping] | 디지털구독: [Green Plus] | 기타: # Green
1944,엘포인트카드(비씨),NH농협카드,신용,UnionPay,"해외겸용 [15,000]원",500000,"500,000원",쇼핑: 3% | 생활: 1% | 마트/편의점: 3%,"주유, 마트/편의점, 쇼핑, 푸드, 카페/디저트, 레저/스포츠, OTT/영화/문화, 해외",false,,https://d1c5n4ri2guedi.cloudfront.net/card/1944/card_img/22054/1944card.png,https://www.card-gorilla.com/card/detail/1944,멤버십포인트: 롯데 쇼핑계열 특별가맹점 3% L.POINT 적립 | 멤버십포인트: 생활편의업종 1% L.POINT 적립 | 대형마트: 농협하나로 클럽&middot;마트 3% 청구할인 | 테마파크: 주요 놀이공원 할인 | 멤버십포인트: L.POINT 안내
2185,NEW AUTO+,전북은행,신용,,"국내전용 [9,000]원/해외겸용 [10,000]원",300000,"300,000원",주유: 100원 | 보험: 2% | 생활: 10%,"주유, 마트/편의점, 쇼핑, 푸드, 카페/디저트, 공과금/렌탈",false,,https://d1c5n4ri2guedi.cloudfront.net/card/2185/card_img/21799/2185card.png,https://www.card-gorilla.com/card/detail/2185,"주유소: 전월실적 | 보험: 손해보험업종 2% 청구할인 | 생활: 이마트, 홈플러스, 롯데마트 5%청구 할인"
623,LOCA for Edu,롯데카드,신용,Mastercard,"국내전용 [20,000]원 / 해외겸용 [20,000]원",1500000,"1,500,000원",교육/육아: 5% | 도서: 10%,교육/육아,false,,https://d1c5n4ri2guedi.cloudfront.net/card/623/card_img/21389/623card.png,https://www.card-gorilla.com/card/detail/623,교육/육아: [교육] | 도서: [서점/문구]
1381,모두투어 투어마일리지 KB국민카드,KB국민카드,신용,JCB,"해외겸용 [15,000]원",0,없음,여행사: 무제한 | 푸드: 10% | 테마파크: 50%,"푸드, 카페/디저트, 무실적, 레저/스포츠, OTT/영화/문화, 여행/숙박",false,,https://d1c5n4ri2guedi.cloudfront.net/card/1381/card_img/20762/1381card.png,https://www.card-gorilla.com/card/detail/1381,"여행사: 모두투어 투어마일리지 적립 | 패밀리레스토랑: 외식 10% 청구할인 | 카페: 커피 10% 청구할인 | OTT/영화/문화: 롯데월드, 에버랜드, 캐리비안베이 30~50% 현장할인"
1611,PlayStation® - 현대카드M,현대카드,신용,VISA,"국내전용 [20,000]원 / 해외겸용 [20,000]원",0,없음,게임: 무제한 | 게임: 10000원 | 적립: 0.2%,"주유, 무실적, 자동차/하이패스, 레저/스포츠",false,,https://d1c5n4ri2guedi.cloudfront.net/card/1611/card_img/22591/1611card.png,https://www.card-gorilla.com/card/detail/1611,게임: PlayStation&reg;Plus 정기구독서비스 결제 시 캐시백 | 적립: 모든 가맹점에서 0.2% M포인트 적립
1695,한화생명 Family 카드 (문화형),우리카드,신용,"BC Global, Mastercard","해외겸용 [5,000]원 / 해외겸용 [10,000]원",300000,"300,000원",주유: 무제한 | 택시: 5% | 통신: 3%,"교통, 주유, 통신, 마트/편의점, 카페/디저트, 레저/스포츠, OTT/영화/문화, 항공마일리지, 여행/숙박",false,,https://d1c5n4ri2guedi.cloudfront.net/card/1695/card_img/22429/1695card.png,https://www.card-gorilla.com/card/detail/1695,"주유: SK주유소(LPG포함) 주유 할인 | 교통: 전국 버스, 지하철 대중교통비 할인 | 여행/숙박: 항공권 할인 | 통신: KT, SKT, LGU+ 매월 청구금액의 3% 청구할인 | 할인: 커피전문점 할인 | 테마파크: 놀이공원 자유이용권 50% 현장할인 | 영화: 영화관 할인 | 여행/숙박: 해외 호텔 최대 10% 할인 | 기타: 한화그룹 계열사 서비스 상세내용 및 문의는 한화생명 사내 홈페이지에 게시된 상품설명서를 참조하시길 바랍니다."
942,AK KB국민카드,KB국민카드,신용,"Mastercard, JCB","해외겸용 [12,000]원",300000,"300,000원",백화점: 10% | 제주항공: 10% | 영화: 3500원,"쇼핑, 푸드, 카페/디저트, 뷰티/피트니스, 레저/스포츠, OTT/영화/문화, 항공마일리지",false,,https://d1c5n4ri2guedi.cloudfront.net/card/942/card_img/21601/942card.png,https://www.card-gorilla.com/card/detail/942,"백화점: AK PLAZA 청구할인 | 생활: [생활영역 청구 할인] 학원, 패밀리레스토랑,커피,미용실 5% 할인 | 해피포인트: [생활영역 청구 할인] 해피포인트 10% 할인 | 제주항공: [생활영역 청구 할인] 제주항공 10% 할인 | 영화: 인터파크 영화예매 1매당 3,500원 청구 할인 | 테마파크: 롯데월드 종합이용권 50%할인"
1018,리디 신한카드,신한카드,신용,VISA,"해외겸용 [10,000]원",300000,"300,000원",도서: 20% | SPA브랜드: 10% | 영화: 4000원,"쇼핑, 카페/디저트, 뷰티/피트니스, 교육/육아, OTT/영화/문화",false,,https://d1c5n4ri2guedi.cloudfront.net/card/1018/card_img/21517/1018card.png,https://www.card-gorilla.com/card/detail/1018,도서: 리디북스 이용 시 20% 결제일 할인 | SPA브랜드: SPA 브랜드 10% 결제일 할인 | 드럭스토어: H&amp;B Store 10% 결제일 할인 | 영화: 영화 예매시 4천원 결제일 할인 | 카페: 커피 업종 이용시 20% 결제일 할인
1248,바디프랜드 하나카드,하나카드,신용,JCB,"해외겸용 [12,000원]",300000,"300,000원",렌탈: 13000원 | 대형마트: 3% | 카페: 10%,"마트/편의점, 카페/디저트, 공과금/렌탈",false,,https://d1c5n4ri2guedi.cloudfront.net/card/1248/card_img/21060/1248card.png,https://www.card-gorilla.com/card/detail/1248,"렌탈: 바디프랜드 렌탈요금 자동이체 시 월 1만3천원 청구할인 | 대형마트: 이마트, 이마트 트레이더스, 홈플러스, 롯데마트 이용금액 3% 청구할인 | 카페: 커피빈 이용금액 10% 청구할인"
1253,랭킹닭컴 하나카드,하나카드,신용,"Mastercard, UnionPay","해외겸용 [15,000원]",300000,"300,000원",푸드: 무제한 | 배달앱: 5% | 카페: 4000원,"교통, 통신, 쇼핑, 푸드, 카페/디저트, OTT/영화/문화, 해외",false,,https://d1c5n4ri2guedi.cloudfront.net/card/1253/card_img/21055/1253card.png,https://www.card-gorilla.com/card/detail/1253,"푸드: 랭킹닭컴 이용 시 7% 청구할인 | 영화: CGV, 메가박스, 롯데시네마 3천원 할인 (월 3천원 한도) | 해외이용: 해외 전 가맹점 5% 할인 (월 5천원 한도) | 배달앱: 요기요, 배달의민족 5% 할인 (월 5천원 한도) | 카페: 스타벅스, 커피빈 4천원 할인 (월 4천원 한도, 월 1회) | 생활: 지난달 이용실적 70만원 이상 시 제공"
2240,위버스 신한카드(BTS),신한카드,신용,AMEX,"국내전용 [35,000]원 / 해외겸용 [35,000]원",300000,"300,000원",적립: 4% | 적립: 50% | 기타: 무제한,"교통, 마트/편의점, 쇼핑, 카페/디저트, 뷰티/피트니스, OTT/영화/문화",false,,https://d1c5n4ri2guedi.cloudfront.net/card/2240/card_img/20944/2240card.png,https://www.card-gorilla.com/card/detail/2240,적립: Weverse Shop 이용금액의 4% Weverse Shop 캐시 추가 적립 | 생활: 생활영역 이용금액의 10% Weverse Shop 캐시 적립 | 기타: HYBE INSIGHT 내 매장 결제 시 50% 할인 | 선택형: 카드 디자인 선택가능
2355,레고랜드카드,KB국민카드,신용,Mastercard,"국내전용 [20,000원] / 해외겸용 [20,000원]",400000,"400,000원",테마파크: 10% | 배달앱: 10% | 온라인쇼핑: 5%,"마트/편의점, 쇼핑, 푸드, 카페/디저트, 교육/육아, 레저/스포츠, 여행/숙박, 해외",false,,https://d1c5n4ri2guedi.cloudfront.net/card/2355/card_img/24768/2355card.png,https://www.card-gorilla.com/card/detail/2355,테마파크: 레고랜드 리조트 10% 청구할인 | 푸드: 배달앱/커피/제과/패스트푸드 10% 청구할인 | 기타: 대형마트/온라인쇼핑/소셜커머스/교육 5% 청구할인 | APP: KB Pay 온라인쇼핑 결제 5% 청구할인 | 해외: 해외 가맹점 이용 5% 캐시백
2357,레고랜드매니아카드,KB국민카드,신용,Mastercard,"국내전용 [100,000원] / 해외겸용 [100,000원]",400000,"400,000원",테마파크: 30% | 기타: 10% | 기타: 80000원,"모든가맹점, 푸드, 레저/스포츠, OTT/영화/문화, 해외",false,,https://d1c5n4ri2guedi.cloudfront.net/card/2357/card_img/24771/2357card.png,https://www.card-gorilla.com/card/detail/2357,테마파크: 레고랜드 리조트 30% 청구할인 | 기타: 레고/완구 구매 10% 청구할인 | 쇼핑: 백화점/대형마트 10% 청구할인 | 배달앱: 배달앱 10% 청구할인 | 디지털구독: 구독서비스 20% 청구할인 | 간편결제: KB Pay 결제 10% 청구할인 | 해외이용: 해외 가맹점 이용 10% 캐시백 | 프리미엄 서비스: 웰컴 레고랜드 포인트리 7만점 적립 | 프리미엄 서비스: 연간 결제납부실적 1천만원 이상 달성 시 레고랜드 포인트리 8만점 적립
2497,LG BEST SHOP 486 신한카드,신한카드,신용,Mastercard,"국내전용 [22,000원] / 해외겸용 [25,000원]",500000,"500,000원",기타: 6.5% | 기타: 11000원,모든가맹점,false,,https://d1c5n4ri2guedi.cloudfront.net/card/2497/card_img/28551/2497card.png,https://www.card-gorilla.com/card/detail/2497,"기타: - LG전자 베스트샵 매장에서 48개월/60개월 할부 이용 시, 연 6.5% 할부 수수료 적용 | 기타: - 전월 이용금액 50만원 이상 이용 시 11,000원 캐시백"
2404,코오롱몰 우리카드,우리카드,신용,"Mastercard, BC","국내전용 [15,000]원 / 해외겸용 [15,000]원",300000,"300,000원",쇼핑: 5% | 쇼핑: 무제한 | 공항라운지: 무제한,"마트/편의점, 쇼핑, 공항라운지/PP",false,,https://d1c5n4ri2guedi.cloudfront.net/card/2404/card_img/26275/2404card.png,https://www.card-gorilla.com/card/detail/2404,"쇼핑: 코오롱 FnC 온/오프라인 매장 상품 구매시 청구할인 제공 | 쇼핑: 코오롱 FnC 온/오프라인 매장 상품 구매시 장기할부 제공 | 공항라운지: 국내외 공항 라운지 무료 이용 서비스(통합 월 1회, 연 2회) | 편의점: 편의점 5% 청구할인 서비스 | 선택형"
176,부자되세요 HomeShopping카드(비씨),NH농협카드,신용,"VISA, UnionPay","해외겸용 [10,000]원",200000,"200,000원",쇼핑: 6% | 카페/디저트: 10% | OTT/영화/문화: 3000원,"쇼핑, 푸드, 카페/디저트, OTT/영화/문화",false,,https://d1c5n4ri2guedi.cloudfront.net/card/176/card_img/20391/176card.png,https://www.card-gorilla.com/card/detail/176,홈쇼핑: 홈쇼핑 6대 홈쇼핑 이용액의 6% 청구할인 | 생활: 생활 할인 서비스
2241,Kakaopage 롯데카드,롯데카드,신용,VISA,"국내전용 [15,000]원 / 해외겸용 [15,000]원",0,없음,캐시백: 5% | 모든가맹점: 0.5%,무실적,false,,https://d1c5n4ri2guedi.cloudfront.net/card/2241/card_img/20990/2241card.png,https://www.card-gorilla.com/card/detail/2241,"캐시백: 카카오페이지에서 결제 시 5% 캐시백, 국내외 온&middot;오프라인 최대 0.5% 캐시백 | 멤버십포인트: L.POINT | 선택형: 카드 디자인 선택 가능"
594,카드의정석 삼성디지털프라자,우리카드,신용,"VISA, BC","국내전용 [20,000]원 / 해외겸용 [20,000]원",300000,"300,000원",쇼핑: 무제한 | 영화: 3000원 | 카페: 1000원,"카페/디저트, OTT/영화/문화, 프리미엄",false,,https://d1c5n4ri2guedi.cloudfront.net/card/594/card_img/21361/594card.png,https://www.card-gorilla.com/card/detail/594,쇼핑: 삼성디지털프라자 상품 및 서비스 구매 시 장기할부 제공 | 영화: 영화관 할인 | 카페: 커피전문점 할인 | 프리미엄 서비스: VISA브랜드 제공 서비스
596,셀리턴 우리카드,우리카드,신용,"VISA, BC","국내전용 [15,000]원 / 해외겸용 [20,000]원",0,없음,렌탈: 무제한,"무실적, 공과금/렌탈",false,,https://d1c5n4ri2guedi.cloudfront.net/card/596/card_img/21363/596card.png,https://www.card-gorilla.com/card/detail/596,렌탈: 셀리턴 렌탈 요금 자동이체 시 청구할인
838,올레 Super DC 대구은행카드,iM뱅크,신용,"VISA, UnionPay","해외겸용 [8,000]원",300000,"300,000원",KT: 10000원 | 카페: 10% | 캐시백: 30000원,"모든가맹점, 통신, 카페/디저트",false,,https://d1c5n4ri2guedi.cloudfront.net/card/838/card_img/21704/838card.png,https://www.card-gorilla.com/card/detail/838,"KT: KT통신료 월 7천원 ~ 1만5천원 청구할인 | 카페: 슬립리스인시애틀 10% 청구할인 | 캐시백: 연간 1,500만원 이상 사용 시, 3만원 캐쉬백 | BC TOP: 전국 TOP포인트 가맹점에서 TOP포인트 적립"
778,GS SHOP KB국민카드,KB국민카드,신용,"VISA, UnionPay","국내전용 [25,000]원 / 해외겸용 [25,000]원",400000,"400,000원",온라인쇼핑: 12% | 편의점: 10% | 통신: 5%,"교통, 통신, 마트/편의점, 쇼핑, 카페/디저트, 뷰티/피트니스, 레저/스포츠",false,,https://d1c5n4ri2guedi.cloudfront.net/card/778/card_img/22252/778card.png,https://www.card-gorilla.com/card/detail/778,온라인쇼핑: GS SHOP 12% 청구 할인 | 대형마트: 대형마트 5% 청구 할인 | 통신: 이동통신 5% 청구 할인 | 카페: 커피 10% 청구 할인 | 편의점: 편의점 10% 청구 할인 | 택시: 택시 10% 청구 할인 | 레저/스포츠: 미용실/화장품/문화센터/스포츠 5% 청구 할인
2139,세븐일레븐 멤버쉽롯데카드,롯데카드,신용,,"국내전용 [5,000]원",0,없음,편의점: 10% | 연회비지원: 무제한 | 헤어: 20%,"주유, 마트/편의점, 쇼핑, 푸드, 카페/디저트, 뷰티/피트니스, 무실적, 레저/스포츠, OTT/영화/문화, 항공마일리지, 여행/숙박, 해외",false,,https://d1c5n4ri2guedi.cloudfront.net/card/2139/card_img/21873/2139card.png,https://www.card-gorilla.com/card/detail/2139,"편의점: 혜택 | 연회비지원: 2차년도부터 전년도 유실적시 당해년도 기본연회비 면제 | 헤어: 박준뷰티랩 | 테마파크: 롯데월드 종합이용권 50% 할인 | 경기관람: 대상 | 쇼핑: 롯데백화점 5% 할인 e-쿠폰 및 무료 주차권 제공 | 여행/숙박: 해외항공권 | 공연/전시: 뮤지컬, 연극 등 공연 10~30% 할인 | 푸드: 보네스뻬/보네스뻬브레드 10% 할인 | 주유소: SK주유소 리터당 SK주유포인트 50원적립 | 멤버십포인트: 국내 및 해외 가맹점에서 사용한 금액에 대해 0.2% 적립"
1996,NH올원 LG전자BEST카드,NH농협카드,신용,"Mastercard, JCB","해외겸용 [15,000]원",300000,"300,000원",기타: 20000원 | 카페/디저트: 10% | 카페/디저트: 10%,"카페/디저트, 공과금/렌탈, 레저/스포츠, OTT/영화/문화",false,,https://d1c5n4ri2guedi.cloudfront.net/card/1996/card_img/22002/1996card.png,https://www.card-gorilla.com/card/detail/1996,렌탈: LG Best Shop 라이트할부 및 렌탈료 자동이체 할인서비스 | 생활할인: 생활할인 서비스 | 테마파크: 전국 주요 놀이공원 할인
1630,한화생명 Family카드 (골프형),우리카드,신용,"BC Global, Mastercard","해외겸용 [5,000]원 / 해외겸용 [10,000]원",300000,"300,000원",주유: 무제한 | 택시: 5% | 통신: 3%,"교통, 주유, 통신, 마트/편의점, 카페/디저트, 레저/스포츠, 항공마일리지, 여행/숙박",false,,https://d1c5n4ri2guedi.cloudfront.net/card/1630/card_img/22552/1630card.png,https://www.card-gorilla.com/card/detail/1630,"주유: SK주유소(LPG포함) 주유 할인 | 교통: 전국 버스, 지하철 대중교통비 할인 | 여행/숙박: 항공권 할인 | 통신: KT, SKT, LGU+ 매월 청구금액의 3% 청구할인 | 할인: 커피전문점 할인 | 테마파크: 놀이공원 자유이용권 50% 현장할인 | 영화: 영화관 할인 | 여행/숙박: 해외 호텔 최대 10% 할인 | 기타: 한화그룹 계열사 서비스 상세내용 및 문의는 한화생명 사내 홈페이지에 게시된 상품설명서를 참조하시길 바랍니다."
2385,Flex카드 몽블랑 에디션,롯데카드,신용,Mastercard,"국내전용 [100,000]원 / 해외겸용 [100,000]원",500000,"500,000원",모든가맹점: 0.5% | 디지털구독: 30% | 카페: 50%,"모든가맹점, 카페/디저트, OTT/영화/문화, 프리미엄, 해외",false,,https://d1c5n4ri2guedi.cloudfront.net/card/2385/card_img/25501/2385card.png,https://www.card-gorilla.com/card/detail/2385,프리미엄 서비스: 몽블랑 에디션이 드리는 프리미엄 선물 | 모든가맹점: 국내외 가맹점 L.POINT 0.5% 적립 | 생활: 스트리밍&middot;커피 결제일 할인 | 면세점: 롯데면세점 5~15% 현장할인(정상가 기준) | 멤버십포인트: L.POINT | 프리미엄 서비스: Master WORLD 서비스(Master WORLD 카드 발급시 제공)
2434,갤러리아 KB국민카드,KB국민카드,신용,VISA,"국내전용 [15,000]원 / 해외겸용 [15,000]원",500000,"500,000원",백화점: 5% | 온라인쇼핑: 5% | 멤버십포인트: 무제한,쇼핑,false,,https://d1c5n4ri2guedi.cloudfront.net/card/2434/card_img/27302/2434card.png,https://www.card-gorilla.com/card/detail/2434,백화점: 갤러리아 백화점 5% 현장할인 | 온라인쇼핑: 갤러리아 백화점(Mall) 5% 청구할인 | 멤버십포인트: 갤러리아 마일리지 적립 | 선택형: 갤러리아 KB국민카드 디자인 선택
2369,Happy 디지털카드,롯데카드,신용,"VISA, Mastercard","국내전용 [15,000원] /  해외겸용 [15,000원]",300000,"300,000원",해피포인트: 10% | 생활: 5% | 모든가맹점: 0.5%,"모든가맹점, 교통, 마트/편의점, 푸드, 교육/육아, 프리미엄",false,,https://d1c5n4ri2guedi.cloudfront.net/card/2369/card_img/25141/2369card.png,https://www.card-gorilla.com/card/detail/2369,"해피포인트: 해피포인트 가맹점에서 10% 해피포인트 적립 | 생활: 일상 가맹점, 업종에서 5% 해피포인트 적립 | 모든가맹점: 국내외 온&middot;오프라인 가맹점에서 최대 0.5% 해피포인트 적립 | 멤버십포인트: 해피포인트 가맹점 이용 시 5% 현장적립 | 프리미엄 서비스: Platinum 등급의 서비스 제공 | 선택형: 플레이트 디자인 선택 가능"
2608,대성학원 신한카드,신한카드,신용,VISA,"국내전용 [30,000]원 / 해외겸용 [33,000]원",300000,"300,000원",교육/육아: 5% | 주유: 무제한 | 테마파크: 50%,"주유, 교육/육아, 레저/스포츠",false,2023-08-01,https://d1c5n4ri2guedi.cloudfront.net/card/2608/card_img/31237/2608card.png,https://www.card-gorilla.com/card/detail/2608,학원: 대성학원 및 학원업종 3~5% 캐시백 | 주유: GS칼텍스 주유시 리터랑 40원 결제일 할인 | 테마파크: 테마파크 자유이용권 본인 할인
2511,신한카드 봄,신한카드,신용,Mastercard,"국내전용 [17,000원] / 해외겸용 [20,000원]",0,없음,캐시백: 0.5% | 교통: 200원 | 디지털구독: 10000원,"모든가맹점, 교통, 무실적, OTT/영화/문화",false,,https://d1c5n4ri2guedi.cloudfront.net/card/2511/card_img/28736/2511card.png,https://www.card-gorilla.com/card/detail/2511,캐시백: 국내외 이용금액 최대 0.5% 캐시백 | 대중교통: 버스/지하철 후불교통 이용금액 캐시백 | 디지털구독: 디지털 구독 이용금액 캐시백
2501,부자되세요 The Oil 카드,BC 바로카드,신용,"VISA, UnionPay","해외겸용 [5,000원]",300000,"300,000원",주유: 150원 | 쇼핑: 5% | 패밀리레스토랑: 20%,"교통, 주유, 마트/편의점, 쇼핑, 푸드, 카페/디저트, 공과금/렌탈",false,,https://d1c5n4ri2guedi.cloudfront.net/card/2501/card_img/28619/2501card.png,https://www.card-gorilla.com/card/detail/2501,주유소: GS칼텍스 리터당 최대 150원 할인 | 온라인쇼핑: 온라인쇼핑 10% 청구할인 | 백화점: 백화점업종 5% 청구할인 | 대형마트: 대형마트 5% 청구할인 | 패밀리레스토랑: 패밀리레스토랑 20% 청구할인 | 카페: 커피 전문점 10% 청구할인 | 대중교통: 대중교통 이용액 10% 청구할인 | 보험사: 삼성화재 Travel Master 보험 서비스 무료 제공
2371,신한카드 플리,신한카드,신용,,"국내전용 [15,000원] / 해외겸용 [18,000원]",0,없음,할인: 0.9% | 해외: 0.5% | 기타: 무제한,"모든가맹점, 무실적, 해외",false,,https://d1c5n4ri2guedi.cloudfront.net/card/2371/card_img/31359/2371card_2.png,https://www.card-gorilla.com/card/detail/2371,"국내외가맹점: 국내 이용금액 최대 0.9% 결제일 할인 | 기타: 매주 1회 국내 이용 할인 쿠폰 제공 | 적립: My Pick 가맹점 월 3, 6, 9번째 이용 건에 대해 마이신한포인트 1,000원 적립 | 선택형: 카드 플레이트 선택 가능"
2603,KB차차차 신용카드,KB국민카드,신용,Mastercard,"국내전용 [30,000원] / 해외겸용 [30,000원]",400000,"400,000원",주유: 300원 | 자동차: 10%,"주유, 자동차/하이패스",false,,https://d1c5n4ri2guedi.cloudfront.net/card/2603/card_img/31201/2603card.png,https://www.card-gorilla.com/card/detail/2603,"주유: 주유소(충전소 포함) 리터당 150원~300원 청구할인 | 자동차: 차량정비, 주차장, 세차장 업종 10% 청구할인"
2583,PAYCO 36 우리카드,우리카드,신용,VISA,"국내전용 [15,000원] / 해외겸용 [15,000원]",400000,"400,000원",멤버십포인트: 1% | 기타: 무제한 | 카페: 5%,"마트/편의점, 카페/디저트",false,2023-05-23,https://d1c5n4ri2guedi.cloudfront.net/card/2583/card_img/30703/2583card.png,https://www.card-gorilla.com/card/detail/2583,멤버십포인트: 적립 서비스 유의사항 | 기타: PAYCO 36 우리카드 장기할부 서비스 제공 | 카페: 커피전문점 5% 청구할인 | 편의점: 편의점 5% 청구할인
2480,수소차 충전할인 신한카드,신한카드,신용,Mastercard,"국내전용 [20,000]원 / 해외겸용 [23,000]원",300000,"300,000원",충전소: 10% | 자동차: 10% | 마트/편의점: 5%,"주유, 마트/편의점, 푸드, 자동차/하이패스",false,,https://d1c5n4ri2guedi.cloudfront.net/card/2480/card_img/28407/2480card.png,https://www.card-gorilla.com/card/detail/2480,충전소: 수소차 충전요금 10% 결제일 할인 | 자동차: 주차장 업종 10% 결제일 할인 | 마트/편의점: 주요 할인점 5% 결제일 할인 | 배달앱: 배달의민족/쿠팡이츠/요기요/땡겨요 5% 결제일 할인
2466,이디야 하나카드,하나카드,신용,VISA,"해외겸용 [15,000]원",300000,"300,000원",카페: 무제한 | 카페: 50% | 디지털구독: 30%,"교통, 카페/디저트, OTT/영화/문화",false,,https://d1c5n4ri2guedi.cloudfront.net/card/2466/card_img/28184/2466card.png,https://www.card-gorilla.com/card/detail/2466,카페: 이디야 멤버스 음료쿠폰 제공 | 카페: 이디야커피 청구할인 | 디지털구독: 디지털 구독 30% 청구할인 | 교통: 교통 5% 청구할인 | 선택형: 다양한 플레이트 선택 가능
2777,이마트 e카드 Basic,현대카드,신용,Mastercard,"국내전용 [20,000]원 / 해외겸용 [20,000]원",500000,"500,000원",마트/편의점: 1.5% | 적립: 0.5%,"모든가맹점, 마트/편의점, 카페/디저트",false,2024-09-19,https://d1c5n4ri2guedi.cloudfront.net/card/2777/card_img/38199/2776card.png,https://www.card-gorilla.com/card/detail/2777,적립: [기본 혜택] 전월 이용 금액 50만원 이상 시 국내외 가맹점 0.5% 신세계포인트 적립 | 적립: [추가 혜택] 전월 이용 금액 50만원 이상 시 이마트 7대 가맹점 1.5% 신세계포인트 적립
2962,더한섬 신한카드,신한카드,신용,Mastercard,"국내전용 [15,000]원 / 해외겸용 [18,000]원",400000,"400,000원",할인: 5% | 적립: 3% | 적립: 0.5%,"모든가맹점, 주유, 통신, 쇼핑, 푸드, 카페/디저트, 병원/약국, 레저/스포츠, 해외",false,2025-08-14,https://d1c5n4ri2guedi.cloudfront.net/card/2962/card_img/48069/2962card.png,https://www.card-gorilla.com/card/detail/2962,할인: 전월 이용금액별 월 할인한도 | 적립: 전월 이용금액별 월 할인한도 | 국내외가맹점: 전월 이용금액별 월 할인한도
1597,신협-신한카드 Air One,신협,신용,AMEX,"해외겸용 [49,000]원",500000,"500,000원",대한항공: 무제한 | 면세점: 무제한 | 해외이용: 무제한,"항공마일리지, 해외",false,,https://d1c5n4ri2guedi.cloudfront.net/card/1597/card_img/22610/1597card.png,https://www.card-gorilla.com/card/detail/1597,"대한항공: 기본 적립 | 해외이용: 해외 이용 | 면세점: 신라면세점 더 심플(앱) | 프리미엄 서비스: - 서비스 내용은 플래티늄 서비스 안내장, 신한카드 홈페이지(www.shinhancard.com) 및 국제브랜드사 홈페이지(www.americanexpress.co.kr)를 통해 안내되고 있사오니, 이용 전 서비스 세부 내용 및 유의사항을 참조해 주시기 바랍니다."
738,신한카드 혼디모앙,신한카드,신용,VISA,"국내전용 [30,000]원 / 해외겸용 [33,000]원",0,없음,모든가맹점: 0.2% | 대형마트: 10% | 충전소: 30%,"모든가맹점, 교통, 주유, 통신, 마트/편의점, 쇼핑, 카페/디저트, 무실적, 레저/스포츠",false,,https://d1c5n4ri2guedi.cloudfront.net/card/738/card_img/22212/738card.png,https://www.card-gorilla.com/card/detail/738,적립: [기본적립] 일시불 &middot; 할부 이용금액 0.2% 포인트 적립 | 대형마트: [제주 특화 서비스] | 주유: [제주 특화 서비스] | 레저/스포츠: [제주 특화 서비스] | 온라인쇼핑: [온라인 쇼핑 할인 서비스] | 대중교통: [생활 할인 서비스] | 통신: [생활 할인 서비스]
621,LOCA for Auto,롯데카드,신용,Mastercard,"국내전용 [20,000]원 / 해외겸용 [20,000]원",1500000,"1,500,000원",주유: 100원 | 보험: 10000원 | 편의점: 5%,"주유, 마트/편의점, 푸드, 공과금/렌탈",false,,https://d1c5n4ri2guedi.cloudfront.net/card/621/card_img/21387/621card.png,https://www.card-gorilla.com/card/detail/621,주유: [주유] | 보험: [자동차 보험] | 마트/편의점: [편의점] | 배달앱: [배달앱]
649,마이핏카드(적립형),KB국민카드,신용,Mastercard,"국내전용 [30,000]원 / 해외겸용 [30,000]원",500000,"500,000원",간편결제: 1.5% | 생활: 1000원 | 쇼핑: 5%,"교통, 마트/편의점, 쇼핑, 푸드, 간편결제",false,,https://d1c5n4ri2guedi.cloudfront.net/card/649/card_img/21412/649card.png,https://www.card-gorilla.com/card/detail/649,간편결제: 간편결제 1.5% 포인트리 적립 | 생활: 편의점/택시 1천점 포인트리 적립 | 쇼핑: 쇼핑/배달 5% 포인트리 적립
2005,GS&POINT 롯데카드,롯데카드,신용,Mastercard,"국내전용 [15,000원] / 해외겸용 [15,000원]",400000,"400,000원",온라인쇼핑: 5% | 편의점: 5% | 주유소: 3000원,"주유, 마트/편의점, 쇼핑, 뷰티/피트니스",false,,https://d1c5n4ri2guedi.cloudfront.net/card/2005/card_img/21993/2005card.gif,https://www.card-gorilla.com/card/detail/2005,쇼핑: GS계열사 이용 시 결제일 청구 할인 | 멤버십포인트: L.POINT
2014,NH올원 NH투자증권카드,NH농협카드,신용,Mastercard,"국내전용 [8,000]원 / 해외겸용 [10,000]원",0,없음,모든가맹점: 0.9% | 해외이용: 0.9%,"모든가맹점, 무실적, 해외",false,,https://d1c5n4ri2guedi.cloudfront.net/card/2014/card_img/21984/2014card.png,https://www.card-gorilla.com/card/detail/2014,적립: 전월실적에 상관없이 0.7 ~ 0.9% 적립 | 기타: OK Cashbag
2184,둘과넷 카드,전북은행,신용,,"국내전용 [8,000]원 / 해외겸용 [10,000]원",0,없음,선택형: 2%,"교통, 주유, 마트/편의점, 쇼핑, 푸드, 카페/디저트, 무실적, 병원/약국, 교육/육아, OTT/영화/문화",false,,https://d1c5n4ri2guedi.cloudfront.net/card/2184/card_img/21798/2184card.png,https://www.card-gorilla.com/card/detail/2184,선택형: 10대 소비영역 중 고객님의 Top3 업종 이용금액에 대해서 2~4배 캐시백
2199,산림조합-현대카드M(청구할인형),현대카드,신용,"BC, Mastercard, UnionPay","국내 [10,000]원 / 해외겸용 [10,000]원",0,없음,제휴/PLCC: 17000원 | 적립: 0.2% | 적립: 1.5%,"주유, 마트/편의점, 무실적, 공과금/렌탈, 자동차/하이패스, 해외",false,,https://d1c5n4ri2guedi.cloudfront.net/card/2199/card_img/21813/2199card.png,https://www.card-gorilla.com/card/detail/2199,제휴/PLCC: 산림조합상조 납부금액 청구 할인 | 적립: 업종별 적립률
2180,1st TRIPLE Platinum 카드,전북은행,신용,,"국내전용 [30,000]원/해외겸용 [33.000]원",0,없음,선택형: 1.5% | 대중교통: 5% | 카페/디저트: 5%,"교통, 마트/편의점, 쇼핑, 카페/디저트, 뷰티/피트니스, 무실적, 병원/약국, 교육/육아, 자동차/하이패스, 레저/스포츠, OTT/영화/문화, 해외",false,,https://d1c5n4ri2guedi.cloudfront.net/card/2180/card_img/21794/2180card.png,https://www.card-gorilla.com/card/detail/2180,"선택형: 전월실적, 한도제한없이 선택 타입 업종 최대 1% 적립 | 적립: 1. 후불교통(버스,지하철) 이용요금 5% J머니 적립 | 프리미엄 서비스: 마스터카드 플래티늄 등급에 해당되는 서비스 제공"
771,L.pay 롯데카드 Ⅱ,롯데카드,신용,"VISA, Mastercard","국내전용 [10,000]원 / 해외겸용 [10,000]원",300000,"300,000원",적립: 1.5% | 적립: 1%,모든가맹점,false,,https://d1c5n4ri2guedi.cloudfront.net/card/771/card_img/22245/771card.png,https://www.card-gorilla.com/card/detail/771,"간편결제: 지난달 실적 30만원 이상 시, 1.5%~1.0% L.POINT 적립"
753,아모레퍼시픽 신한카드,신한카드,신용,VISA,"국내전용 [17,000]원 / 해외겸용 [20,000]원",300000,"300,000원",화장품: 12% | 적립: 5%,"주유, 마트/편의점, 쇼핑, 카페/디저트, 뷰티/피트니스, 교육/육아, 해외",false,,https://d1c5n4ri2guedi.cloudfront.net/card/753/card_img/22227/753card.png,https://www.card-gorilla.com/card/detail/753,화장품: 아모레퍼시픽 이용 시 뷰티포인트 12% 적립 | 쇼핑: 특별가맹점 이용 시 뷰티포인트 5% 적립
2248,위버스 신한카드(ENHYPEN),신한카드,신용,AMEX,"국내전용 [35,000]원 / 해외겸용 [35,000]원",300000,"300,000원",적립: 4% | 할인: 50% | 기타: 무제한,"교통, 마트/편의점, 쇼핑, 카페/디저트, 뷰티/피트니스, OTT/영화/문화",false,,https://d1c5n4ri2guedi.cloudfront.net/card/2248/card_img/20998/2248card.png,https://www.card-gorilla.com/card/detail/2248,적립: Weverse Shop 이용금액의 4% Weverse Shop 캐시 추가 적립 | 생활: 생활영역 이용금액의 10% Weverse Shop 캐시 적립 | 기타: HYBE INSIGHT 내 매장 결제 시 50% 할인 | 선택형: 카드 디자인 선택가능
1758,올바른SAFE카드,NH농협카드,신용,Mastercard,"국내전용 [12,000]원 / 해외겸용 [12,000]원",0,없음,적립: 0.7% | 금융: 6000원 | 쇼핑: 0.5%,"모든가맹점, 마트/편의점, 쇼핑, 무실적",false,,https://d1c5n4ri2guedi.cloudfront.net/card/1758/card_img/22355/1758card.png,https://www.card-gorilla.com/card/detail/1758,"적립: 기본 적립 : 국내/해외 이용가맹점 0.7% | 금융: 대출 보유 시 매월 최대 6,000 NH포인트 적립"
595,아이파킹 크레딧 카,우리카드,신용,"VISA, BC","국내전용 [15,000]원 / 해외겸용 [18,000]원",300000,"300,000원",자동차/하이패스: 10000원 | 주유: 100원,"주유, 자동차/하이패스",false,,https://d1c5n4ri2guedi.cloudfront.net/card/595/card_img/21362/595card.png,https://www.card-gorilla.com/card/detail/595,자동차/하이패스: i PARKING 주차비 할인 | 주유: 주유 / 충전 할인
916,위비 알뜰주유소 할인카드,우리카드,신용,"Mastercard, UnionPay","국내전용 [12,000원] / 해외겸용 [12,000원]",300000,"300,000원",주유: 100원 | 영화: 3000원 | 카페/디저트: 10%,"주유, 푸드, 카페/디저트, OTT/영화/문화",false,,https://d1c5n4ri2guedi.cloudfront.net/card/916/card_img/21628/916card.png,https://www.card-gorilla.com/card/detail/916,"주유: 알뜰주유소 리터당 80원 ~ 100원 청구할인 | 푸드: 치킨&middot;피자 10% 청구할인 | 영화: 전국 영화관 12,000원 이상 결제 시 3,000원 청구할인 | 카페: 커피전문점 10% 청구할인"
692,요기요 신한카드,신한카드,신용,Mastercard,"국내전용 [24,000]원 / 해외겸용 [27,000]원",500000,"500,000원",배달앱: 20% | 배달앱: 10% | 디지털구독: 15%,"쇼핑, 푸드, 카페/디저트, OTT/영화/문화",false,,https://d1c5n4ri2guedi.cloudfront.net/card/692/card_img/22165/692card.png,https://www.card-gorilla.com/card/detail/692,배달앱: 1. 요기요 20% 결제일 할인 | 디지털구독: [홈Life 서비스] | 온라인쇼핑: [홈Life 서비스] | 카페: [홈Life 서비스]
2481,신한 햇살론카드,신한카드,신용,,"국내전용 [5,000]원",300000,"300,000원",쇼핑: 7% | 카페/디저트: 10% | 쇼핑: 10%,"마트/편의점, 쇼핑, 카페/디저트",false,,https://d1c5n4ri2guedi.cloudfront.net/card/2481/card_img/28406/2481card.png,https://www.card-gorilla.com/card/detail/2481,쇼핑: 생활쇼핑 가맹점 7% 결제일 할인 | 카페/디저트: 커피전문점/제과점 10% 결제일 할인 | 쇼핑: 주말 복합쇼핑몰 10% 결제일 할인
2463,LOCA Mobility 반띵 카드,롯데카드,신용,"Mastercard, AMEX","국내전용 [17,000]원 / 해외겸용 [17,000]원",400000,"400,000원",대중교통: 50% | 교통: 무제한 | 생활: 50%,"교통, 쇼핑, 카페/디저트, 뷰티/피트니스, OTT/영화/문화",true,,https://d1c5n4ri2guedi.cloudfront.net/card/2463/card_img/28157/2463card.png,https://www.card-gorilla.com/card/detail/2463,"대중교통: 대중교통 50% 할인 | 카페: 커피 50% 할인 | 헤어: 미용실 50% 할인 | 온라인쇼핑: 온라인쇼핑 50% 할인 | 디지털구독: 스트리밍 서비스 50% 할인 | 교통: LOCA Mobility 반띵 카드 발급 시, &#39;로카모빌리티카드&#39; 1매 무료 제공"
2496,신세계사이먼 프리미엄 아울렛 신한카드,신한카드,신용,Mastercard,"국내전용 [20,000원] / 해외겸용 [23,000원]",400000,"400,000원",아울렛: 10% | 기타: 7% | 주유소: 무제한,"주유, 마트/편의점, 쇼핑",false,,https://d1c5n4ri2guedi.cloudfront.net/card/2496/card_img/28549/2496card.png,https://www.card-gorilla.com/card/detail/2496,"아울렛: 신세계사이먼 프리미엄 아울렛 10% 결제일 할인 | 쇼핑: 신세계 계열사 영역별 7% 결제일 할인 | 주유소: GS칼텍스, S-OIL(LPG 충전소 제외) 리터 당 40원 결제일 할인 | 멤버십포인트: - 신세계백화점 멤버십 및 신세계포인트는 제휴사의 정책을 따릅니다."
2360,LOCA in MEGACITY,롯데카드,신용,Mastercard,"국내전용 [20,000원] /  해외겸용 [20,000원]",1500000,"1,500,000원",테마파크: 10% | 쇼핑: 5% | 온라인쇼핑: 5%,"마트/편의점, 쇼핑, 레저/스포츠",false,,https://d1c5n4ri2guedi.cloudfront.net/card/2360/card_img/24781/2360card.png,https://www.card-gorilla.com/card/detail/2360,"테마파크: 롯데월드 부산, 스카이라인루지 부산 10% 할인 | 경기관람: 롯데자이언츠 관람권 10% 할인 | 쇼핑: 오프라인 쇼핑 5% 할인 | 온라인쇼핑: 온라인 쇼핑 5% 할인"
2564,[광주] K-그린카드v2,광주은행,신용,Mastercard,"국내전용 [10,000원] / 해외겸용 [12,000원]",300000,"300,000원",온라인쇼핑: 5% | 통신: 5% | 교통: 10%,"모든가맹점, 교통, 통신, 쇼핑, 카페/디저트, OTT/영화/문화",false,,https://d1c5n4ri2guedi.cloudfront.net/card/2564/card_img/29689/2564card.png,https://www.card-gorilla.com/card/detail/2564,"온라인쇼핑: 온라인 업종 5% 에코머니 포인트 적립 | 통신: 통신요금(SKT, KT, LG U+) 자동이체시 5% 에코머니 포인트 적립 | 대중교통: 버스, 지하철 10% 에코머니 포인트 적립 | 교통: KTX, 고속버스 5% 에코머니 포인트 적립 | 카페: 스타벅스, 엔젤리너스, 이디야, 투썸플레이스, 메가커피, 5% 에코머니 포인트 적립 | 영화: CGV, 롯데시네마, 메가박스 2,000점 에코머니 포인트 적립 | 모든가맹점: 국내 전 가맹점 0.3% 에코머니 포인트 적립"
163,#ing+(샵핑플러스)카드,NH농협카드,신용,Mastercard,"국내전용 [23,000]원 / 해외겸용 [25,000]원",300000,"300,000원",쇼핑: 7% | 카페: 7% | 해외이용: 7%,"마트/편의점, 쇼핑, 카페/디저트, 레저/스포츠, 해외",false,,https://d1c5n4ri2guedi.cloudfront.net/card/163/card_img/20383/163card.png,https://www.card-gorilla.com/card/detail/163,"쇼핑: 전국 주요 쇼핑업종, 모든 해외가맹점 청구할인 7% 할인(월5천원~5만원) | 카페: 전월실적 100만원 이상 고객 대상 월 1회 제공 | 테마파크: 전국 주요 놀이공원 할인"
2936,RROUND PAY X 디지로카,롯데카드,신용,VISA,"국내전용 [30,000]원 / 해외겸용 [30,000]원",0,없음,적립: 2% | 적립: 1% | 적립: 300000원,무실적,false,2025-08-20,https://d1c5n4ri2guedi.cloudfront.net/card/2936/card_img/46472/2936card.png,https://www.card-gorilla.com/card/detail/2936,적립: RROUND PAY X 디지로카 포인트 적립 서비스 | 적립: 최대 30만P RROUND PAY X 디지로카 카드 RR PAY POINT 미리적립
2869,E1 우리카드,우리카드,신용,Mastercard,"국내전용 [20,000]원 / 해외겸용 [20,000]원",400000,"400,000원",충전소: 10% | 편의점: 10% | 카페: 10%,"주유, 마트/편의점, 카페/디저트",false,2025-07-18,https://d1c5n4ri2guedi.cloudfront.net/card/2869/card_img/43912/2869card.png,https://www.card-gorilla.com/card/detail/2869,충전소: E1 충전소 10% 청구할인 | 편의점: 편의점 업종 10% 청구할인 | 카페: 커피 업종 10% 청구할인
2598,CJ ONE 프리즘 신한카드,신한카드,신용,Mastercard,"국내전용 [20,000]원 / 해외겸용 [23,000]원",400000,"400,000원",드럭스토어: 10% | 푸드: 30% | CJ ONE: 0.3%,"쇼핑, 푸드, 카페/디저트, 뷰티/피트니스, OTT/영화/문화",false,2023-07-18,https://d1c5n4ri2guedi.cloudfront.net/card/2598/card_img/31074/2598card.png,https://www.card-gorilla.com/card/detail/2598,드럭스토어: 올리브영 이용금액 10% CJ ONE 포인트 적립 | 푸드: 빕스/뚜레쥬르/CGV 이용금액 30% CJ ONE 포인트 적립 | CJ ONE: 7대 CJ브랜드 이용금액 최대 3% CJ ONE 포인트 적립 | 국내외가맹점: 국내외 전가맹점(7대 CJ브랜드 제외) 최대 0.3% CJ ONE 포인트 적립
2538,LOCA CLASSIC 롯데마트,롯데카드,신용,Mastercard,"국내전용 [20,000]원 / 해외겸용 [20,000]원",0,없음,모든가맹점: 0.5% | 모든가맹점: 1%,"모든가맹점, 무실적",false,,https://d1c5n4ri2guedi.cloudfront.net/card/2538/card_img/29446/2538card.png,https://www.card-gorilla.com/card/detail/2538,국내외가맹점: 국내외 가맹점에서 최대 1% 할인
2359,Hyundai Mobilty카드(상용차),현대카드,신용,"VISA, Mastercard, AMEX","국내전용 [30,000원] / 해외겸용[30,000원]",300000,"300,000원",주유: 무제한 | 모든가맹점: 0.2% | 기타: 1.5%,"주유, 자동차/하이패스",false,,https://d1c5n4ri2guedi.cloudfront.net/card/2359/card_img/24780/2359card.png,https://www.card-gorilla.com/card/detail/2359,주유소: 전월 이용금액에 따라 대상 주유소에서 경유 주유 시 블루멤버스 포인트 적립 | 모든가맹점: 주유 적립 대상 외 모든 가맹점 이용 시 0.2% 블루멤버스 포인트 적립 | 멤버십포인트: 현대자동차 신차 구매 시 1.5% 블루멤버스 포인트 적립(블루 세이브-오토 이용 여부 관계없이 적립) | 정비: 현대자동차 구매 후 8년간 매년 1회씩 정기점검 및 차량케어 서비스 | 선택형: 카드 플레이트 선택 가능
2363,wavve카드,KB국민카드,신용,"VISA, UnionPay","국내전용 [15,000원] / 해외겸용 [15,000원]",300000,"300,000원",디지털구독: 7900원 | 푸드: 10% | 디지털구독: 20%,"마트/편의점, 푸드, 카페/디저트, 뷰티/피트니스, OTT/영화/문화",false,,https://d1c5n4ri2guedi.cloudfront.net/card/2363/card_img/24884/2363card.png,https://www.card-gorilla.com/card/detail/2363,"디지털구독: wavve 월 이용권 7,900원 청구할인 | 푸드: 식음료 10% 청구할인 | 디지털구독: 멤버십 정기구독 20% 청구할인 | 생활: 자기관리(미용/스포츠) 5% 청구할인"
2351,부자되세요 홈쇼핑카드,BC 바로카드,신용,Mastercard,"해외겸용 [5,000원]",200000,"200,000원",쇼핑: 6% | 카페/디저트: 20% | : 20%,"쇼핑, 카페/디저트, OTT/영화/문화",false,,https://d1c5n4ri2guedi.cloudfront.net/card/2351/card_img/24715/2351card.png,https://www.card-gorilla.com/card/detail/2351,"홈쇼핑: 6대 홈쇼핑 6% 할인 서비스 | 패밀리레스토랑: 패밀리레스토랑 10% 청구할인 | 베이커리: 베이커리 20% 청구할인 | 카페: 커피 20% 청구할인 | 소셜커머스: 소셜커머스 20% 청구할인 | 영화: 영화 3,000원 청구할인(현장/온라인 예매 포함) | 기타: 부자되세요 홈쇼핑카드&#39; 전용 홈페이지 를 통해 모바일쿠폰 (커피, 영화 등) 및 온라인 쇼핑 상품 구매 시 할인 혜택 제공"
2365,닥터구디 T&R(티앤알) 카드,하나카드,신용,AMEX,"국내전용 [25,000원] / 해외겸용 [25,000원]",400000,"400,000원",통신: 15000원 | 공과금/렌탈: 15000원 | 보험사: 15000원,"통신, 공과금/렌탈",false,,https://d1c5n4ri2guedi.cloudfront.net/card/2365/card_img/25019/2365card.png,https://www.card-gorilla.com/card/detail/2365,"통신: 통신요금 자동이체 최대 15,000원 청구할인 | 렌탈: 렌탈요금 자동이체 최대 15,000원 청구할인 | 보험사: 손해보험사 자동이체 최대 15,000원 청구할인 | 기타: 기타 자동이체 가맹점 최대 15,000원 청구할인"
2277,요기패스 신용카드,KB국민카드,신용,"Mastercard, JCB","국내전용 [15,000]원 / 해외겸용 [15,000]원",300000,"300,000원",디지털구독: 9900원 | 디지털구독: 10% | 생활: 5%,"푸드, 카페/디저트, 뷰티/피트니스, OTT/영화/문화",false,,https://d1c5n4ri2guedi.cloudfront.net/card/2277/card_img/20689/2277card.png,https://www.card-gorilla.com/card/detail/2277,"디지털구독: 요기패스 멤버십 청구할인 9,900원 | 생활: 생활업종 청구할인 5% | 선택형: 신용카드 디자인 선택"
2251,오케이몰 우리카드,우리카드,신용,"BC, Mastercard","국내전용 [15,000]원 / 해외겸용 [15,000]원",300000,"300,000원",쇼핑: 20000원 | 카페: 5% | 편의점: 5%,"마트/편의점, 쇼핑, 카페/디저트",false,,https://d1c5n4ri2guedi.cloudfront.net/card/2251/card_img/21001/2251card.png,https://www.card-gorilla.com/card/detail/2251,"쇼핑: 오케이몰 상품 구매 시 장기할부 제공 | 카페: 스타벅스, 투썸플레이스, 이디야, 폴바셋 이용금액 5% 할인 | 편의점: GS25, CU, 세븐일레븐, 이마트24 이용금액 5% 할인"
2148,KCTV알뜰카드,제주은행,신용,BC,"국내전용 [5,000]원",300000,"300,000원",패밀리레스토랑: 10% | 온라인쇼핑: 5% | 카페: 20%,"쇼핑, 카페/디저트, 공과금/렌탈, OTT/영화/문화",false,,https://d1c5n4ri2guedi.cloudfront.net/card/2148/card_img/21830/2148card.gif,https://www.card-gorilla.com/card/detail/2148,"기타: KCTV 방송요금 자동이체시 5천원 ~ 7천원 청구 할인 | 영화: 영화관 최대 3천원 청구 할인 | 온라인쇼핑: 온라인쇼핑몰 5% 청구 할인 | 카페: - 스타벅스, 투썸플레이스, 카페베네 | 기타: 자동화기기, 전자금융(인터넷뱅킹, 텔레뱅킹, 모바일뱅킹) 이용수수료 면제"
2179,1st 카드(레드),전북은행,신용,,"국내 [8,000]원/ 해외겸용 [10,000]원",0,없음,선택형: 2% | 모든가맹점: 0.5% | 영화: 3000원,"모든가맹점, 교통, 주유, 마트/편의점, 쇼핑, 푸드, 카페/디저트, 뷰티/피트니스, 무실적, 공과금/렌탈, 교육/육아, 레저/스포츠, OTT/영화/문화",false,,https://d1c5n4ri2guedi.cloudfront.net/card/2179/card_img/21793/2179card.png,https://www.card-gorilla.com/card/detail/2179,선택형: 1. 기본 선택서비스 적립 또는 캐시백 | 모든가맹점: 전월 실적 무관 전 가맹점 이용액 0.5 % 적립/캐시백 | 영화: 전국 영화관 건당 8천원 이상 이용시 3천원 할인 | 기타: 전월 실적 10만원 이상 이용시 당행 ATM 출금 수수료 월 5회 면제
1987,롯데마트 롯데카드,롯데카드,신용,VISA,"국내전용 [10,000]원 / 해외겸용 [15,000]원",200000,"200,000원",대형마트: 10% | 테마파크: 50% | 헤어: 20%,"마트/편의점, 쇼핑, 푸드, 카페/디저트, 뷰티/피트니스, 레저/스포츠, OTT/영화/문화, 해외",false,,https://d1c5n4ri2guedi.cloudfront.net/card/1987/card_img/22011/1987card.png,https://www.card-gorilla.com/card/detail/1987,"대형마트: 롯데마트 온/오프라인 매장에서 5만원 이상 결제시, 10%청구할인 | 무이자할부: 롯데마트 및 토이저러스에서 5만원 이상 결제시 2~3개월 무이자할부 서비스 제공 | 헤어: 박준뷰티랩 | 테마파크: 롯데월드 종합이용권 50% 할인 | 경기관람: 롯데 자이언츠 20% 할인 | 쇼핑: 롯데백화점 5%할인 e-쿠폰 | OTT/영화/문화: 롯데시네마 관람료 1,500원 청구할인 | 푸드: 보네스뻬/보네스뻬브레드 10% 할인"
735,커피빈 신용카드,KB국민카드,신용,"VISA, UnionPay","국내전용 [20,000]원 / 해외겸용 [20,000]원",500000,"500,000원",카페: 10000원 | 카페: 10000원 | 생활: 5%,"주유, 마트/편의점, 푸드, 카페/디저트, 뷰티/피트니스, 병원/약국, 교육/육아, 레저/스포츠",false,,https://d1c5n4ri2guedi.cloudfront.net/card/735/card_img/22209/735card.png,https://www.card-gorilla.com/card/detail/735,카페: 커피빈 이용 시 청구 할인 | 생활: 주요 생활 영역 5% 청구 할인
1213,펫(PET)카드,BNK부산은행,신용,"BC, Mastercard","국내전용 [10,000]원 / 해외겸용 [12,000]원",400000,"400,000원",애완동물: 10% | 애완동물: 10% | 마트/편의점: 5%,"주유, 마트/편의점, 쇼핑, 애완동물",false,,https://d1c5n4ri2guedi.cloudfront.net/card/1213/card_img/21095/1213card.png,https://www.card-gorilla.com/card/detail/1213,애완동물: 반려동물 | 마트/편의점: 대형마트할인서비스 | 주유: 주유할인서비스 | 소셜커머스: 소셜커머스
1019,더본 신한카드,신한카드,신용,VISA,"해외겸용 [10,000]원",0,없음,카페/디저트: 30% | 편의점: 5% | 택시: 10%,"교통, 마트/편의점, 푸드, 카페/디저트, 무실적, OTT/영화/문화",false,,https://d1c5n4ri2guedi.cloudfront.net/card/1019/card_img/21516/1019card.png,https://www.card-gorilla.com/card/detail/1019,"카페: 빽다방 이용시 30% 결제일 할인 | 푸드: 더본(theborn) 모든 매장 이용시 10% 결제일 할인 | 편의점: 편의점(GS25,CU,세븐일레븐) 이용시 5% 결제일 할인 | 택시: 택시 이용요금 10% 결제일 할인 | 영화: CGV 예매시 3천원 결제일 할인"
1887,넷마블 신한카드,신한카드,신용,Mastercard,"국내전용 [10,000]원 / 해외겸용 [13,000]원",400000,"400,000원",게임: 10% | 편의점: 10% | 영화: 20%,"마트/편의점, 카페/디저트, 레저/스포츠, OTT/영화/문화",false,,https://d1c5n4ri2guedi.cloudfront.net/card/1887/card_img/22109/1887card.png,https://www.card-gorilla.com/card/detail/1887,"게임: 구글 플레이스토어, 애플 앱스토어, 원스토어 10% 할인 | 편의점: GS25, CU 10% 할인 | 카페: 스타벅스, 커피빈 10% 할인 | 베이커리: 파리바게뜨, 뚜레쥬르 10% 할인 | 영화: CGV, 롯데시네마 20% 할인"
622,LOCA for Coffee,롯데카드,신용,,"국내전용 [20,000]원 / 해외겸용 [20,000]원",1500000,"1,500,000원",카페: 50% | 디지털구독: 20% | 교통: 10%,"교통, 쇼핑, 푸드, 카페/디저트, OTT/영화/문화",false,,https://d1c5n4ri2guedi.cloudfront.net/card/622/card_img/21388/622card.png,https://www.card-gorilla.com/card/detail/622,카페: [커피] | 디지털구독: [스트리밍] | 교통: [교통] | 배달앱: [배달앱] | 온라인쇼핑: [온라인쇼핑]
632,[DGB대구] 그린카드v2,iM뱅크,신용,"Mastercard, BC","국내전용 [10,000]원 / 해외겸용 [12,000]원",400000,"400,000원",대중교통: 20% | 온라인쇼핑: 5% | 공과금: 5%,"모든가맹점, 교통, 통신, 쇼핑, 공과금/렌탈, OTT/영화/문화",false,,https://d1c5n4ri2guedi.cloudfront.net/card/632/card_img/21398/632card.png,https://www.card-gorilla.com/card/detail/632,모든가맹점: [기본 서비스] | 온라인쇼핑: [특화 서비스] | 생활: [특화 서비스] | 대중교통: [특화 서비스] | 교통: [특화 서비스] | 영화: [특화 서비스] | 기타: Green &amp; Eco 서비스
162,#ing(샵핑)카드,NH농협카드,신용,Mastercard,"국내전용 [8,000]원 / 해외겸용 [10,000]원",300000,"300,000원",쇼핑: 5% | 온라인쇼핑: 5% | 해외이용: 5%,"마트/편의점, 쇼핑, 레저/스포츠, 해외",false,,https://d1c5n4ri2guedi.cloudfront.net/card/162/card_img/20382/162card.png,https://www.card-gorilla.com/card/detail/162,"쇼핑: 전국 주요 쇼핑업종, 모든 해외가맹점 청구할인 5% 할인(월5천원~2만5천원) | 테마파크: 전국 주요 놀이공원 할인"
164,ME+(미플러스)카드,NH농협카드,신용,Mastercard,"국내전용 [23,000]원 / 해외겸용 [25,000]원",300000,"300,000원",푸드: 7% | 교통: 7% | 카페: 30%,"교통, 쇼핑, 푸드, 카페/디저트, 레저/스포츠, 해외",false,,https://d1c5n4ri2guedi.cloudfront.net/card/164/card_img/20384/164card.png,https://www.card-gorilla.com/card/detail/164,푸드: 전국 음식점 7% 청구할인(해외포함) | 교통: 전국 대중교통 7% 청구할인(해외포함) | 온라인쇼핑: 국내외 온라인쇼핑 7% 청구할인 | 카페: 국내외 커피전문점 30% 청구할인 | 테마파크: 전국 주요 놀이공원 할인
487,신한카드 B.Big(마이펫 스노우볼 삑),신한카드,신용,VISA,"해외겸용 [13,000]원",300000,"300,000원",대중교통: 600원 | 택시: 10% | 기차: 10%,"교통, 통신, 마트/편의점, 쇼핑, 카페/디저트, OTT/영화/문화",false,,https://d1c5n4ri2guedi.cloudfront.net/card/487/card_img/21177/487card.png,https://www.card-gorilla.com/card/detail/487,"대중교통: 버스, 지하철 후불 교통 이용 금액 일 200원 ~ 일 600원 할인 | 택시: 택시/KTX 이용 금액 10% 할인 | 백화점: 4대 백화점 5% 할인 | 카페: 커피전문점 10% 할인 | 편의점: 편의점 5% 할인 | 통신: 이동통신요금 5% 할인 | 영화: CGV 영화 예매 최대 4천원 결제일 할인 | 캐시백: 전기요금, 통신요금, 해외이용금액 5% 캐시백 제공"
516,올바른 BAZIC+ 카드,NH농협카드,신용,"Mastercard, JCB","해외겸용 [23,000]원",400000,"400,000원",모든가맹점: 1.4% | 해외: 1% | 선택형: 2.1%,"주유, 마트/편의점, 쇼핑, 병원/약국, 해외",false,,https://d1c5n4ri2guedi.cloudfront.net/card/516/card_img/21201/516card.png,https://www.card-gorilla.com/card/detail/516,모든가맹점: 국내이용가맹점 0.7% 청구할인 | 해외: 해외이용가맹점(해외사이트 포함) 1.0% 청구할인 | 생활: 선택영역 중 1개 영역 1.4%~2.1% 청구할인
478,마이 홈플러스 신한카드,신한카드,신용,VISA,"국내전용 [12,000]원 / 해외겸용 [15,000]원",0,없음,대형마트: 1.2% | 기타: 무제한 | 영화: 무제한,"마트/편의점, 무실적, OTT/영화/문화",false,,https://d1c5n4ri2guedi.cloudfront.net/card/478/card_img/21168/478card.png,https://www.card-gorilla.com/card/detail/478,"대형마트: 홈플러스 이용금액 적립 | 영화: YES24, 인터파크 영화 예매 할인 | 기타: 생활친화가맹점 잔돈할인 서비스(Coin-Save 월 10회 제공)"
2606,신한라이프 THE PRIDE 신한카드,신한카드,신용,VISA,"국내전용 [15,000원] / 해외겸용 [18,000원]",0,없음,보험사: 5% | 병원/약국: 무제한 | 할인: 7%,"마트/편의점, 푸드, 뷰티/피트니스, 무실적, 공과금/렌탈, 병원/약국, 레저/스포츠",false,2023-09-01,https://d1c5n4ri2guedi.cloudfront.net/card/2606/card_img/31231/2606card.png,https://www.card-gorilla.com/card/detail/2606,보험사: 신한라이프 전용보험 우대서비스 | 병원: GC헬스케어 Basic 서비스 | 병원/약국: 의료 업종 할인 | 피트니스: 스포츠 및 헬스 업종 할인 | 생활: 생활편의 가맹점 할인
2340,쇼핑& 카드,BC 바로카드,신용,BC,"국내전용 [10,000]원",300000,"300,000원",온라인쇼핑: 7% | 생활: 7%,"마트/편의점, 쇼핑, 뷰티/피트니스, OTT/영화/문화",false,,https://d1c5n4ri2guedi.cloudfront.net/card/2340/card_img/24315/2340card.png,https://www.card-gorilla.com/card/detail/2340,"온라인쇼핑: [온라인] 쿠팡, G마켓, 옥션 7% 청구할인 | 온라인쇼핑: [온라인] 로켓와우, 스마일클럽 멤버십 7% 청구할인 | 드럭스토어: [라이프] H&amp;B 스토어 7% 청구할인 | 디지털구독: [라이프] 디지털구독 7% 청구할인 | 편의점: [라이프] 편의점 7% 청구할인"
2309,톡톡 구독카드,KB국민카드,신용,"Mastercard, UnionPay","국내전용 [30,000]원 / 해외겸용 [30,000]원",400000,"400,000원",디지털구독: 10000원 | 기타: 50% | 음원사이트: 10%,"OTT/영화/문화, 간편결제",false,,https://d1c5n4ri2guedi.cloudfront.net/card/2309/card_img/23690/2309card.png,https://www.card-gorilla.com/card/detail/2309,디지털구독: [구독ON] | 디지털구독: [MY구독] | 디지털구독: [스트리밍]
2301,원스토어 1 하나카드,하나카드,신용,Mastercard,"국내전용 [12,000]원 / 해외겸용 [15,000]원",300000,"300,000원",APP: 2% | 게임: 5% | 배달앱: 5%,"푸드, 레저/스포츠",false,,https://d1c5n4ri2guedi.cloudfront.net/card/2301/card_img/23131/2301card.png,https://www.card-gorilla.com/card/detail/2301,"APP: ONEstore(원스토어) 2% 할인 | 게임: PC게임방 5% 할인 | 배달앱: 배달의 민족, 요기요, 쿠팡이츠 5% 할인"
2495,신세계 The BLOSSOM 신한카드,신한카드,신용,Mastercard,"국내전용 [45,000원] / 해외겸용 [48,000원]",500000,"500,000원",백화점: 7% | 기타: 5% | 생활: 5%,"마트/편의점, 쇼핑, 푸드, 카페/디저트, 뷰티/피트니스, 교육/육아, 해외",false,,https://d1c5n4ri2guedi.cloudfront.net/card/2495/card_img/28545/2495card.png,https://www.card-gorilla.com/card/detail/2495,백화점: 신세계백화점 최대 7% 결제일 할인 | 쇼핑: 신세계 계열사 5% 결제일 할인 | 생활: 커피&middot;배달앱&middot;온라인서점&middot;잡화 5% 결제일 할인 | 멤버십포인트: - 신세계백화점 멤버십 및 신세계 포인트는 제휴사의 정책을 따릅니다. | 프리미엄: 국제브랜드사 서비스 공통사항 안내 | 선택형: - 신세계 The BLOSSOM 신한카드의 특별한 디자인을 소개합니다. 취향에 맞는 카드 디자인을 선택하여 발급 받아보세요.
2854,미미(美米)카드,NH농협카드,신용,Mastercard,"국내전용 [28,000]원 / 해외겸용 [30,000]원",400000,"400,000원",쇼핑: 무제한 | 푸드: 50% | 공항라운지/PP: 무제한,"푸드, 공항라운지/PP",false,2025-03-21,https://d1c5n4ri2guedi.cloudfront.net/card/2854/card_img/43147/%EB%86%8D%ED%98%91-%EB%AF%B8%EB%AF%B8%EC%B9%B4%EB%93%9C2.png,https://www.card-gorilla.com/card/detail/2854,생활: 「쌀 - 구독서비스」 제공 | 일반음식점: 오전 5시 ~ 오전 9시 음식점 50% 청구할인 | 공항라운지: 전 세계 공항 라운지 무료 이용(The lounge / 더 라운지)
2956,두산베어스 KB카드,KB국민카드,신용,Mastercard,"국내전용 [15,000]원 / 해외겸용 [15,000]원",300000,"300,000원",할인: 30000원 | 할인: 20000원,"마트/편의점, 푸드, 레저/스포츠, OTT/영화/문화",false,2026-01-28,https://d1c5n4ri2guedi.cloudfront.net/card/2956/card_img/47584/2956card_1.png,https://www.card-gorilla.com/card/detail/2956,경기관람: 두산베어스 특화할인 | 할인: 생활 영역 할인
2127,JEJUJINI Air Money카드,제주은행,신용,VISA,"국내전용 [15,000]원 / 해외겸용 [20,000]원",300000,"300,000원",할인: 3% | 적립: 1%,"교통, 공과금/렌탈, 레저/스포츠, OTT/영화/문화, 공항라운지/PP, 여행/숙박, 해외",false,,https://d1c5n4ri2guedi.cloudfront.net/card/2127/card_img/22724/2127card.png,https://www.card-gorilla.com/card/detail/2127,할인: 제주지니 가맹점 이용시 3% 청구할인 | 적립: AIR MONEY 적립 | 보험: 여행자보험 | 공항라운지: [JEJU JINI Air Money Platinum카드] 국내선 동반자 무료항공권 제공 | 호텔: [JEJU JINI Air Money Platinum카드] 국내 특급호텔 무료숙박권 제공 | 렌터카: [JEJU JINI Air Money Platinum카드] 제주지역 렌터카 제공
2132,제주 삼다수카드(신용),제주은행,신용,"VISA, BC","국내 [13,000원] / 해외겸용 [15,000원]",300000,"300,000원",주유소: 100원 | 할인: 5%,"주유, 마트/편의점, 카페/디저트, 공과금/렌탈, 자동차/하이패스",false,,https://d1c5n4ri2guedi.cloudfront.net/card/2132/card_img/21867/2132card.png,https://www.card-gorilla.com/card/detail/2132,주유소: 전국 모든 정유사 대상 리터당 100원 할인 | 할인: 보험료할인
2183,1st 플래티늄+ 카드,전북은행,신용,Mastercard,"국내전용 [118,000]원 / 해외겸용 [120,000]원",500000,"500,000원",적립: 0.7% | 골프: 100000원 | 바우처: 100000원,"주유, 쇼핑, 푸드, 레저/스포츠, OTT/영화/문화, 프리미엄, 여행/숙박",false,,https://d1c5n4ri2guedi.cloudfront.net/card/2183/card_img/21797/2183card.png,https://www.card-gorilla.com/card/detail/2183,적립: - 모든 가맹점 이용액 0.7 % 적립/캐시백 | 골프: - 전국 모든 골프장 건별 사용금액 10만원당 5천원 적립/캐시백 | 영화: 영화관 별 할인 안내(8천원 이상 이용시 ) | 프리미엄 서비스: 프리미엄 서비스에 대한 보다 상세한 안내를 원하시는 고객님께서는 아래의 홈페이지를 참조하여 주시기 바랍니다. | 바우처: 1.외식 통합 상품권 (1만원권 12매 제공)
2071,삼성페이 롯데카드,롯데카드,신용,,"국내전용 [5,000]원",300000,"300,000원",삼성페이: 10000원 | 푸드: 20%,"모든가맹점, 쇼핑, 푸드, 카페/디저트, OTT/영화/문화, 간편결제, 해외",false,,https://d1c5n4ri2guedi.cloudfront.net/card/2071/card_img/21928/2071card.jpg,https://www.card-gorilla.com/card/detail/2071,"삼성페이: 국내 가맹점에서 삼성페이 롯데카드 결제 시 청구할인 | 푸드: L.POINT 외식업종 제휴사 : 롯데리아, 엔제리너스커피, TGIF, 크리스피크림도넛, 나뚜루, 보네스뻬 | 쇼핑: 롯데백화점 5% 할인 e-쿠폰 및 무료 주차권 제공 | 공연/전시: 뮤지컬, 연극 등 공연 10~30% 할인"
691,요기요 삼성카드,삼성카드,신용,Mastercard,"국내전용 [10,000]원 / 해외겸용 [10,000]원",0,없음,배달앱: 10% | 편의점: 5% | 디지털구독: 10%,"마트/편의점, 푸드, 카페/디저트, 무실적, OTT/영화/문화",false,,https://d1c5n4ri2guedi.cloudfront.net/card/691/card_img/27717/691card.png,https://www.card-gorilla.com/card/detail/691,배달앱: 서비스안내 | 배달앱: 서비스안내 | 기타: 서비스안내 | 디지털구독: 서비스안내
2278,NS홈쇼핑 삼성카드,삼성카드,신용,Mastercard,"국내전용 [10,000]원 / 해외겸용 [10,000]원",400000,"400,000원",홈쇼핑: 10% | 기타: 5% | 생활: 1000원,"주유, 통신, 마트/편의점, 쇼핑, 카페/디저트, 공과금/렌탈",false,,https://d1c5n4ri2guedi.cloudfront.net/card/2278/card_img/28093/2278card.png,https://www.card-gorilla.com/card/detail/2278,"홈쇼핑: NS홈쇼핑 10% 결제일할인 | 생활: 주유&middot;커피전문점&middot;제과점&middot;편의점&middot;생활잡화 5% 결제일할인 | 생활: 생활요금 정기결제 10,000원 이상 결제건별 1,000원 결제일할인"
1868,라이나생명 라서즐거운카드,우리카드,신용,"Mastercard, UnionPay","해외겸용 [10,000]원",0,없음,공과금: 30000원 | 영화: 3000원 | 카페/디저트: 20%,"푸드, 카페/디저트, 무실적, 공과금/렌탈, 레저/스포츠, OTT/영화/문화",false,,https://d1c5n4ri2guedi.cloudfront.net/card/1868/card_img/22128/1868card.png,https://www.card-gorilla.com/card/detail/1868,"공과금: 보험료 매월 1 / 1.5 / 2 / 3만원 할인 | 영화: 전국 영화관 12,000원 이상 결제 시 3,000원 청구할인 | 테마파크: 에버랜드, 롯데월드, 서울랜드, 대구이월드, 경주월드, 통도환타지아 자유이용권 50% 현장할인 | 패밀리레스토랑: 아웃백, TGIF, 베니건스 10% 청구 할인 | 카페: 스타벅스, 투썸플레이스 20% 청구할인"
1754,뉴GS칼텍스 롯데카드,롯데카드,신용,VISA,"국내전용 [5,000]원 / 해외겸용[10,000]원",0,없음,주유소: 무제한 | 헤어: 20% | 테마파크: 50%,"주유, 마트/편의점, 쇼핑, 푸드, 카페/디저트, 뷰티/피트니스, 무실적, 레저/스포츠, OTT/영화/문화, 해외",false,,https://d1c5n4ri2guedi.cloudfront.net/card/1754/card_img/22360/1754card.jpg,https://www.card-gorilla.com/card/detail/1754,주유소: 혜택 | 헤어: 미용실 최대 20% 할인 | 테마파크: 유의사항 | 쇼핑: 롯데백화점 5%할인 e-쿠폰 | 영화: 혜택 | 푸드: T.G.I.F 상시 10% 할인
1763,올바른SAFE Platinum카드,NH농협카드,신용,Mastercard,"국내전용 [100,000]원 / 해외겸용 [100,000]원",0,없음,적립: 0.7% | 쇼핑: 0.5% | 금융: 6000원,"모든가맹점, 마트/편의점, 쇼핑, 무실적, 프리미엄",false,,https://d1c5n4ri2guedi.cloudfront.net/card/1763/card_img/22350/1763card.png,https://www.card-gorilla.com/card/detail/1763,"적립: 기본 적립 : 국내/해외 이용가맹점 0.7% | 금융: 대출 보유 시 매월 최대 6,000 NH포인트 적립 | 프리미엄 서비스: 브랜드서비스 제공"
881,IBK-Syrup카드[신용],IBK기업은행,신용,"Mastercard, UnionPay","해외겸용 [5,000]원 / 해외겸용 [7,000]원",300000,"300,000원",바우처: 40000원 | 멤버십포인트: 무제한,모든가맹점,false,,https://d1c5n4ri2guedi.cloudfront.net/card/881/card_img/33921/881card.png,https://www.card-gorilla.com/card/detail/881,바우처: 모바일쿠폰 서비스 | 멤버십포인트: 통합 포인트 멤버십 서비스를 제공
1180,풀무원 하나카드,하나카드,신용,Mastercard,"국내전용 [20,000]원 / 해외겸용 [23,000]원",500000,"500,000원",푸드: 20000원 | 온라인쇼핑: 100000원,"쇼핑, 공과금/렌탈",false,,https://d1c5n4ri2guedi.cloudfront.net/card/1180/card_img/21128/1180card.png,https://www.card-gorilla.com/card/detail/1180,푸드: 풀무원 청구할인 서비스 | 적립: 대상 가맹점
920,skylife Ultra IBK카드,IBK기업은행,신용,"BC, Mastercard, UnionPay","국내전용 [10,000]원 / 해외겸용 [10,000]원",300000,"300,000원",기타: 10000원 | 쇼핑: 5% | 테마파크: 50%,"마트/편의점, 쇼핑, 레저/스포츠",false,,https://d1c5n4ri2guedi.cloudfront.net/card/920/card_img/21624/920card.gif,https://www.card-gorilla.com/card/detail/920,"생활: [skylife 서비스] skylife서비스 자동이체시 청구할인 | 쇼핑: [쇼핑서비스] 마트, 대형 할인점 5% 할인(이마트, 홈플러스, 롯데마트, 농협하나로클럽) | 테마파크: [놀이공원] 주요 놀이공원 무료입장 또는 입장료/자유이용권 할인"
1278,국민행복카드,BNK부산은행,신용,BC,국내전용 [없음],0,없음,국민행복: 무제한 | 병원/약국: 5% | 카페: 20%,"통신, 쇼핑, 푸드, 카페/디저트, 무실적, 병원/약국, 교육/육아",false,,https://d1c5n4ri2guedi.cloudfront.net/card/1278/card_img/21029/1278card.png,https://www.card-gorilla.com/card/detail/1278,국민행복: 건강 보험 임신&middot;출산 진료비 지원 | 병원: 의료비 | 온라인쇼핑: 온라인 | 패밀리레스토랑: 외식 | 카페: 커피 | 통신: 이동통신요금 | 테마파크: 키즈
1198,IKEA for Business with 신한카드,신한카드,신용,VISA,"국내전용 [27,000]원 / 해외겸용 [30,000]원",500000,"500,000원",인테리어: 10% | 마트/편의점: 5% | 모든가맹점: 0.3%,"주유, 통신, 마트/편의점, 쇼핑, 공과금/렌탈, 비즈니스",false,,https://d1c5n4ri2guedi.cloudfront.net/card/1198/card_img/21110/1198card.png,https://www.card-gorilla.com/card/detail/1198,쇼핑: IKEA 점내 이용금액 특별 할인 | 생활: IKEA 점외 가맹점 통합 할인
663,롤라카드,롯데카드,신용,Mastercard,"국내전용 [15,000]원 / 해외겸용 [15,000]원",400000,"400,000원",적립: 7% | 주유소: 1% | 기타: 5%,"주유, 마트/편의점, 쇼핑, 카페/디저트, 레저/스포츠, OTT/영화/문화, 여행/숙박",false,,https://d1c5n4ri2guedi.cloudfront.net/card/663/card_img/21428/663card.png,https://www.card-gorilla.com/card/detail/663,적립: 롤라머니 7% 적립 | 주유소: SK 주유소 롤라머니 1% 적립 | 기타: [플레이 롯데] | 기타: [플레이롤라]
612,펫블리(PETvely) 카드,NH농협카드,신용,"Mastercard, UnionPay","해외겸용 [23,000]원 / 해외겸용 [25,000]원",300000,"300,000원",애완동물: 7% | 쇼핑: 5% | 카페: 5%,"쇼핑, 카페/디저트, 애완동물",false,,https://d1c5n4ri2guedi.cloudfront.net/card/612/card_img/21379/612card.png,https://www.card-gorilla.com/card/detail/612,"생활: 반려동물병원 및 반려동물 관련 업종에서 7%, 대형 온라인 오픈마켓에서 5% NH포인트 적립 | 애완동물: 반려동물 배상책임보험 무료 제공 | 카페: 커피전문점 업종 5% 청구할인 | 프리미엄 서비스: 브랜드 서비스"
624,LOCA for Health,롯데카드,신용,Mastercard,"국내전용 [20,000]원 / 해외겸용 [20,000]원",1500000,"1,500,000원",병원: 10% | 쇼핑: 5% | 대중교통: 10%,"교통, 마트/편의점, 쇼핑, 병원/약국",false,,https://d1c5n4ri2guedi.cloudfront.net/card/624/card_img/21390/624card.png,https://www.card-gorilla.com/card/detail/624,병원: [병원] | 쇼핑: [쇼핑] | 대중교통: [대중교통]
2019,NH올원 Rental&넥센타이어카드,NH농협카드,신용,Mastercard,"국내전용 [10,000]원 / 해외겸용 [12,000]원",300000,"300,000원",렌탈: 30000원 | 테마파크: 50%,"공과금/렌탈, 자동차/하이패스, 레저/스포츠",false,,https://d1c5n4ri2guedi.cloudfront.net/card/2019/card_img/21979/2019card.png,https://www.card-gorilla.com/card/detail/2019,렌탈: 매월 넥센타이어 렌탈료 1~3만원 청구할인 | 테마파크: 전국 주요 놀이공원 할인
2151,제주그린카드,제주은행,신용,,면제,300000,"300,000원",카페: 10% | 영화: 2000원 | 적립: 0.8%,"모든가맹점, 교통, 카페/디저트, OTT/영화/문화",false,,https://d1c5n4ri2guedi.cloudfront.net/card/2151/card_img/21833/2151card.gif,https://www.card-gorilla.com/card/detail/2151,"카페: 커피전문점 10% 청구할인 | 영화: 영화관 2,000원 청구 할인 | 적립: 국내 가맹점 이용금액의 0.2&sim;0.8% 에코머니 포인트 적립 | 기타: 1. 전자금융(인터넷뱅킹, 텔레뱅킹) 이용수수료 면제"
2175,SK OIL&LPG 카드,전북은행,신용,"BC, Mastercard","국내전용 [10,000]원 /해외겸용 [15,000]원",300000,"300,000원",주유소: 120원 | 생활: 10% | 생활: 5%,"주유, 마트/편의점, 카페/디저트, 병원/약국",false,,https://d1c5n4ri2guedi.cloudfront.net/card/2175/card_img/21789/2175card.png,https://www.card-gorilla.com/card/detail/2175,"주유소: SK주유소, 충전소 리터당 최대 120원 청구할인 | 생활: 주차장 10% 청구할인"
758,다이소 신한카드,신한카드,신용,VISA,"해외겸용 [10,000]원 / 해외겸용 [13,000]원",300000,"300,000원",생활: 30% | 카페: 20% | 편의점: 10%,"마트/편의점, 카페/디저트, OTT/영화/문화",false,,https://d1c5n4ri2guedi.cloudfront.net/card/758/card_img/22232/758card.png,https://www.card-gorilla.com/card/detail/758,"생활: 다이소 30% 할인 | 편의점: GS25, CU 10% 할인 | 카페: 스타벅스, 커피빈 10% 할인 | 영화: CGV, 롯데시네마 20% 할인 | 베이커리: 파리바게뜨, 뚜레쥬르 10% 할인"
2331,땡겨요 신한카드,신한카드,신용,VISA,"국내전용 [15,000원] / 해외겸용 [18,000원]",300000,"300,000원",배달앱: 10% | 마트/편의점: 5%,"마트/편의점, 푸드",false,,https://d1c5n4ri2guedi.cloudfront.net/card/2331/card_img/24277/2331card.png,https://www.card-gorilla.com/card/detail/2331,배달앱: 땡겨요 앱 이용 금액 마이신한포인트 10% 적립 | 편의점: 편의점 이용금액 마이신한포인트 5% 적립
2361,케이뱅크 롯데카드,롯데카드,신용,"Mastercard, AMEX","국내전용 [15,000원] / 해외겸용 [15,000원]",0,없음,모든가맹점: 1% | 카페/디저트: 50% | 대중교통: 50%,"교통, 푸드, 카페/디저트, 무실적, OTT/영화/문화, 간편결제",true,,https://d1c5n4ri2guedi.cloudfront.net/card/2361/card_img/24783/2361card.png,https://www.card-gorilla.com/card/detail/2361,"모든가맹점: 모든 가맹점 0.5% 기본 캐시백 | 모든가맹점: 전월 실적 충족하면, 모든 가맹점 1% 특별캐시백 | 간편결제: 라이프 캐시백 혜택 상세 | 프리미엄: Master / AMEX Platinum Service | 선택형: 카드 플레이트 선택 가능"
2658,I-나눔,IBK기업은행,신용,"Mastercard, BC","국내전용 [14,000]원 / 해외겸용 [15,000]원",500000,"500,000원",국내외가맹점: 0.5% | 쇼핑: 1.5% | 마트/편의점: 1.5%,"모든가맹점, 교통, 주유, 통신, 마트/편의점, 쇼핑, 푸드, 카페/디저트, 애완동물, OTT/영화/문화",false,2023-05-30,https://d1c5n4ri2guedi.cloudfront.net/card/2658/card_img/32301/2658card.png,https://www.card-gorilla.com/card/detail/2658,국내외가맹점: [ALL] 국내・외 가맹점 0.5% 기부 | 할인: [LIVING] 1%~1.5% 할인 | 할인: [MEMBERSHIP] 5%~7% 할인
471,LOTTE ONers 롯데카드,롯데카드,신용,Mastercard,"국내전용 [5,000]원 / 해외겸용 [5,000]원",300000,"300,000원",생활: 0.5% | 생활: 3%,"모든가맹점, 쇼핑",false,,https://d1c5n4ri2guedi.cloudfront.net/card/471/card_img/21161/471card.png,https://www.card-gorilla.com/card/detail/471,생활: 기본적립 0.5% L.POINT 적립 | 생활: 특별적립 3% L.POINT 적립
562,올바른 GIVE 카드,NH농협카드,신용,Mastercard,"국내전용 [23,000]원 / 해외겸용 [25,000]원",0,없음,기타: 0.8% | 온라인쇼핑: 5% | 기타: 20000원,"모든가맹점, 통신, 쇼핑, 카페/디저트, 무실적, 병원/약국, 교육/육아, 레저/스포츠, OTT/영화/문화, 해외",false,,https://d1c5n4ri2guedi.cloudfront.net/card/562/card_img/21267/562card.png,https://www.card-gorilla.com/card/detail/562,"기타: 전가맹점 러브포인트 0.8% 적립 | 생활: 5대 업종 5% 청구할인 | 통신: 이동통신요금 자동납부건 2천원 청구할인(월 1회) | 병원: 종합건강검진비 2만원 청구할인(연 1회) | 테마파크: 전국 주요 놀이공원 할인(통합 월 1회, 연 6회) | 프리미엄 서비스: Mastercard 프리미엄 서비스 제공"
186,NH농협 콕카드,NH농협카드,신용,"VISA, Mastercard, JCB","해외겸용 [10,000]원",400000,"400,000원",마트/편의점: 10% | 생활: 10% | 통신: 10%,"주유, 마트/편의점, 뷰티/피트니스, 병원/약국",false,,https://d1c5n4ri2guedi.cloudfront.net/card/186/card_img/20403/186card.png,https://www.card-gorilla.com/card/detail/186,마트/편의점: 신용카드 서비스(Pack형 서비스) | 생활: 신용카드 서비스(Pack형 서비스) | 온라인쇼핑: 신용카드 서비스(Pack형 서비스) | 통신: 신용카드 서비스(Pack형 서비스) | 기타: 에코머니 제휴가맹점에서 결제시 에코머니 포인트 적립
161,NC다이노스카드,NH농협카드,신용,VISA,"국내전용 [8,000]원 / 해외겸용 [10,000]원",300000,"300,000원",경기관람: 2000원 | 온라인쇼핑: 10% | 영화: 30%,"쇼핑, 카페/디저트, 교육/육아, 레저/스포츠, OTT/영화/문화",false,,https://d1c5n4ri2guedi.cloudfront.net/card/161/card_img/47590/161card.png,https://www.card-gorilla.com/card/detail/161,"경기관람: NC다이노스 할인서비스 (월실적 관계없이 혜택 제공) | 온라인쇼핑: 온라인쇼핑 청구할인 (월 5천원~2만원) | 영화: CGV, 롯데시네마, 메가박스 월 5천원~2만원 청구할인 | 카페: 스타벅스(사이렌오더 포함), 카페베네, 커피빈, 탐앤탐스 월 5천원~2만원 청구할인 | 테마파크: 전국 주요 놀이공원 할인 | 통신: 휴대폰 국제전화 서비스 (1688-9898)"
264,olleh Super DC IBK카드,IBK기업은행,신용,"Mastercard, UnionPay","해외겸용 [10,000]원",300000,"300,000원",통신: 15000원 | 주유: 무제한 | 푸드: 10%,"주유, 통신, 푸드, 레저/스포츠, OTT/영화/문화",false,,https://d1c5n4ri2guedi.cloudfront.net/card/264/card_img/20488/264card.png,https://www.card-gorilla.com/card/detail/264,"KT: kt 통신요금 청구할인(월 1회) | 주유: 전 주유소 리터당 60원 청구할인 | 패밀리레스토랑: 아웃백, VIPS, TGIF, 베니건스 10% 청구할인 | 영화: 인터파크, 네이버영화, 예스24 인터넷 예매 시 1,500원 청구할인 | 테마파크: 전국 주요 놀이공원 무료입장 또는 이용권 할인(통합 월1회, 연2회)"
2352,&POP 카드,BC 바로카드,신용,"VISA, BC, UnionPay","국내전용 [5,000원] / 해외겸용 [5,000원]",0,없음,마트/편의점: 3% | 모든가맹점: 0.7% | 기타: 무제한,"모든가맹점, 마트/편의점, 무실적",false,,https://d1c5n4ri2guedi.cloudfront.net/card/2352/card_img/24716/2352card.png,https://www.card-gorilla.com/card/detail/2352,마트/편의점: GS가맹점 최대 3% GS&amp;POINT 적립 | 모든가맹점: 국내 전 가맹점 0.7% GS&amp;POINT 적립 | 기타: GS POP서비스 제공
2537,LOCA for 롯데마트,롯데카드,신용,Mastercard,"국내전용 [20,000]원 / 해외겸용 [20,000]원",0,없음,대형마트: 30000원 | 대형마트: 30000원,"마트/편의점, 무실적",false,,https://d1c5n4ri2guedi.cloudfront.net/card/2537/card_img/29445/2537card.png,https://www.card-gorilla.com/card/detail/2537,"대형마트: 롯데마트, MAXX 월 최대 30,000원 결제일 할인"
776,홈플러스 삼성카드,삼성카드,신용,VISA,"국내전용 [15,000]원 / 해외겸용 [15,000]원",0,없음,대형마트: 5% | 병원/약국: 5% | 주유: 무제한,"주유, 마트/편의점, 무실적, 병원/약국",false,,https://d1c5n4ri2guedi.cloudfront.net/card/776/card_img/28069/776card.png,https://www.card-gorilla.com/card/detail/776,대형마트: 홈플러스에서 결제 시 1%&middot;5% 결제일할인(청구할인) | 병원/약국: 의료비 5% 결제일할인(청구할인) | 주유소: GS칼텍스에서 주유 시 리터당 80원 결제일할인(청구할인)
940,CHALLENGE BAG KB국민카드,KB국민카드,신용,"Mastercard, JCB","해외겸용 [15,000]원",400000,"400,000원",간편결제: 11% | 생활: 5% | 모든가맹점: 0.1%,"주유, 마트/편의점, 푸드, 카페/디저트, 뷰티/피트니스, 병원/약국, 교육/육아, 레저/스포츠",false,,https://d1c5n4ri2guedi.cloudfront.net/card/940/card_img/29510/940card.png,https://www.card-gorilla.com/card/detail/940,OK캐쉬백: 11번가 OK캐쉬백 11% 특별적립 | OK캐쉬백: 생활밀착업종 OK캐쉬백 5% 특별적립 | 모든가맹점: 전 가맹점 OK캐쉬백 0.1% 기본적립 | 선택형
707,LOCA 100,롯데카드,신용,"VISA, Mastercard, AMEX","국내전용 [20,000]원 / 해외겸용 [20,000]원",750000,"750,000원",모든가맹점: 1% | 할인: 1.5% | 바우처: 60000원,"모든가맹점, 쇼핑",false,,https://d1c5n4ri2guedi.cloudfront.net/card/707/card_img/22181/707card.png,https://www.card-gorilla.com/card/detail/707,"국내외가맹점: 국내 모든 가맹점 최대 1%, 해외 모든 이용금액 최대 1% | 할인: 온라인 1.5% 결제일 할인 | 바우처: 6만원 Flex Voucher 제공"
2178,1st TRIPLE 카드,전북은행,신용,,"국내전용 [11,000]원/해외겸용 [12.000]원",0,없음,선택형: 1% | 대중교통: 5% | 카페: 5%,"모든가맹점, 교통, 마트/편의점, 쇼핑, 카페/디저트, 무실적, 병원/약국, 애완동물, 교육/육아, 자동차/하이패스, 레저/스포츠, 여행/숙박, 해외",false,,https://d1c5n4ri2guedi.cloudfront.net/card/2178/card_img/21792/2178card.png,https://www.card-gorilla.com/card/detail/2178,"선택형: 디지털 스트리밍 서비스 결제 시 최대 월 1만원 할인 | 적립: 1. 후불교통(버스,지하철) 이용요금 5% J머니 적립"
2198,캐롯손해보험-현대카드M Edition3,현대카드,신용,"VISA, BC, Mastercard","국내 [30,000]원 / 해외겸용 [30,000]원",500000,"500,000원",제휴/PLCC: 24000원 | 적립: 3% | 적립: 1.5%,"교통, 통신, 마트/편의점, 쇼핑, 푸드, 카페/디저트, 뷰티/피트니스, 공과금/렌탈, 병원/약국, 교육/육아, 자동차/하이패스, OTT/영화/문화, 해외",false,,https://d1c5n4ri2guedi.cloudfront.net/card/2198/card_img/21812/2198card.png,https://www.card-gorilla.com/card/detail/2198,제휴/PLCC: 캐롯손해보험료 납부 시 1~24개월 차 | 적립: 업종별 적립률
2840,오일모아카드,광주은행,신용,"VISA, Mastercard","국내전용 [14,000]원 / 해외겸용 [15,000]원",300000,"300,000원",주유소: 120원 | 정비: 5000원 | 캐시백: 10%,"주유, 카페/디저트, 자동차/하이패스, OTT/영화/문화",false,,https://d1c5n4ri2guedi.cloudfront.net/card/2840/card_img/41667/2840card.png,https://www.card-gorilla.com/card/detail/2840,주유소: 주유 리터당 80원~120원 캐시백 | 정비: 자동차 정비 가맹점 건당 5천원 캐시백 | 카페: 커피 20대 브랜드 10% 캐시백 | 영화: 영화 가맹점 10% 캐시백 | 디지털구독: OTT 가맹점 10% 캐시백
2896,KB라이프 딱좋은 요즘 건강 KB카드,KB국민카드,신용,Mastercard,"국내전용 [20,000]원 / 해외겸용 [20,000]원",400000,"400,000원",보험사: 8000원 | 병원/약국: 5%,"공과금/렌탈, 병원/약국",false,2025-06-24,https://d1c5n4ri2guedi.cloudfront.net/card/2896/card_img/44251/2896card.png,https://www.card-gorilla.com/card/detail/2896,보험사: 전월 이용실적 구간별 할인 금액 | 병원/약국: 병원/약국 5% 할인
2908,번개장터 삼성카드,삼성카드,신용,VISA,"국내전용 [20,000]원 / 해외겸용 [20,000]원",0,없음,적립: 1% | 적립: 2%,"모든가맹점, 쇼핑, 무실적",false,2025-07-29,https://d1c5n4ri2guedi.cloudfront.net/card/2908/card_img/44857/2908card_1.png,https://www.card-gorilla.com/card/detail/2908,"적립: 전월 이용금액에 관계없이, 적립한도 없이 국내외 가맹점 1% 번개포인트 기본 적립 | 적립: 번개장터 이용 시 2% 번개포인트 추가 적립"
2764,올리브영 현대카드,현대카드,신용,"VISA, AMEX","국내전용 [30,000]원 / 해외겸용 [30,000]원",400000,"400,000원",드럭스토어: 5% | 국내외가맹점: 1% | 드럭스토어: 무제한,"모든가맹점, 뷰티/피트니스",false,2024-08-19,https://d1c5n4ri2guedi.cloudfront.net/card/2764/card_img/37948/2764card_1.png,https://www.card-gorilla.com/card/detail/2764,드럭스토어: 올리브영 및 국내외 가맹점 이용 금액의 최대 5% 올리브영 현대카드 리워드 발행 | 기타: [우대 서비스] 메탈 플레이트 제공
2761,KB국민카드 KaPick,KB국민카드,신용,"Mastercard, AMEX","국내전용 [15,000]원 / 해외겸용 [15,000]원",300000,"300,000원",쇼핑: 10% | 쇼핑: 5% | 통신: 5%,"통신, 마트/편의점, 쇼핑, OTT/영화/문화",false,2024-09-05,https://d1c5n4ri2guedi.cloudfront.net/card/2761/card_img/37839/2760card.png,https://www.card-gorilla.com/card/detail/2761,온라인쇼핑: 온라인 쇼핑 10% 청구할인 | 쇼핑: 온라인 쇼핑 10% 청구할인 | 통신: 이동 통신 요금 자동납부 5% 청구할인 | 디지털구독: OTT 정기 결제 30% 청구할인 | 영화: OTT 정기 결제 30% 청구할인
2743,3 Body-A 현대카드,현대카드,신용,VISA,"국내전용 [300,000]원 / 해외겸용 [300,000]원",500000,"500,000원",대한항공: 무제한 | 자동차: 2.5% | 쇼핑: 7%,"쇼핑, 자동차/하이패스, 항공마일리지, 공항라운지/PP",false,2024-06-25,https://d1c5n4ri2guedi.cloudfront.net/card/2743/card_img/36737/2743card_1.png,https://www.card-gorilla.com/card/detail/2743,적립: [기본 혜택] 전월 이용 금액 50만원 이상 시 국내외 가맹점 이용 금액 3종 리워드 적립* | 적립: &middot; | 적립: 연간 보너스 리워드 적립 (연 1회) | 프리미엄: [우대 서비스] 메탈 플레이트 제공&middot;공항 라운지 무료 이용&middot;무료 발레파킹 서비스
2533,에너지 더블 카드,하나카드,신용,Mastercard,"국내전용 [20,000원] / 해외겸용 [20,000원]",400000,"400,000원",공과금: 10% | 대형마트: 5% | 충전소: 10%,"교통, 주유, 마트/편의점, 카페/디저트, 공과금/렌탈",false,,https://d1c5n4ri2guedi.cloudfront.net/card/2533/card_img/29209/2533card.png,https://www.card-gorilla.com/card/detail/2533,공과금: 에너지 공과금 청구할인 서비스 | 생활: 일상생활 청구할인 서비스 | 무이자할부: 2~3개월 무이자 할부 서비스
2723,롯데카드 KaPick,롯데카드,신용,Mastercard,"국내전용 [20,000]원 / 해외겸용 [20,000]원",400000,"400,000원",적립: 50000원 | 적립: 10% | 적립: 1.5%,"교통, 통신, 쇼핑, 푸드, 카페/디저트, OTT/영화/문화",false,2024-04-30,https://d1c5n4ri2guedi.cloudfront.net/card/2723/card_img/36056/2723card.png,https://www.card-gorilla.com/card/detail/2723,적립: 카카오톡 선물하기/ 카카오T 카카오페이 결제시 10% 적립 | 적립: 생활/요식/교통영역 결제시 1~1.5% 적립
270,아모레퍼시픽 IBK카드,IBK기업은행,신용,"VISA, UnionPay","해외겸용 [10,000]원",500000,"500,000원",화장품: 10% | 영화: 10000원 | 카페: 20%,"교통, 주유, 마트/편의점, 카페/디저트, 뷰티/피트니스, 레저/스포츠, OTT/영화/문화",false,,https://d1c5n4ri2guedi.cloudfront.net/card/270/card_img/20493/270card.png,https://www.card-gorilla.com/card/detail/270,"화장품: 아모레퍼시픽 10% 청구할인 | 영화: CGV, 롯데시네마, 메가박스 1만원 청구할인 | 카페: 주요 커피전문점 20% 청구할인 (스타벅스, 커피빈, 카페베네, 탐앤탐스, 엔제리너스, 투썸플레이스, 할리스,달.콤) | 대중교통: 버스, 지하철 이용건당 200원 청구할인 | 주유소: 전 주유소 리터당 60원 청구할인(LPG 포함) | 편의점: GS25, CU, 세븐일레븐 10% 청구할인 | 드럭스토어: 올리브영 10% 청구할인 | 대형마트: 이마트, 홈플러스, 롯데마트 5% 청구할인 | 테마파크: 주요 놀이공원 할인 (월간 통합할인한도와 별도로 제공)"
2070,뱅크샐러드 빨대카드,롯데카드,신용,"VISA, Mastercard, AMEX","국내전용 [20,000]원 / 해외겸용 [20,000]원",500000,"500,000원",카페/디저트: 25000원 | 디지털구독: 50% | 배달앱: 10000원,"마트/편의점, 푸드, 카페/디저트, OTT/영화/문화",false,,https://d1c5n4ri2guedi.cloudfront.net/card/2070/card_img/21929/2070card.png,https://www.card-gorilla.com/card/detail/2070,"카페: 스타벅스, 투썸플레이스, 폴바셋 5천원 결제일 할인 | 디지털구독: 넷플릭스, 유튜브, 왓챠, 멜론 50% 결제일 할인 | 편의점: GS25, CU, 세븐일레븐 1천원 결제일 할인 | 배달앱: 배달의민족, 요기요 1천원 결제일 할인 | 멤버십포인트: L.POINT"
951,넥센타이어 우리카드,우리카드,신용,"VISA, UnionPay","해외겸용 [10,000]원",300000,"300,000원",렌탈: 20000원 | 영화: 3000원 | 카페: 20%,"푸드, 카페/디저트, 공과금/렌탈, OTT/영화/문화",false,,https://d1c5n4ri2guedi.cloudfront.net/card/951/card_img/21592/951card.png,https://www.card-gorilla.com/card/detail/951,"렌탈: 렌탈요금 월 최대 20,000원 할인 | 패밀리레스토랑: 아웃백, TGIF 10% 청구할인 | 카페: 스타벅스, 투썸플레이스 20% 청구할인 | 영화: 모든 영화관 3,000원 청구할인 | 테마파크: 롯데월드, 에버랜드, 서울랜드, 이월드(대구), 경주월드, 통도환타지아 자유이용권 50% 현장할인"
1883,PAYCO taptap,삼성카드,신용,,"국내전용 [9,900]원 / 해외겸용 [9,900]원",400000,"400,000원",PAYCO: 5% | 카페/디저트: 5% | 배달앱: 5%,"마트/편의점, 푸드, 카페/디저트, 뷰티/피트니스, OTT/영화/문화, 간편결제",false,,https://d1c5n4ri2guedi.cloudfront.net/card/1883/card_img/28082/1883card.png,https://www.card-gorilla.com/card/detail/1883,간편결제: 국내 가맹점에서 PAYCO를 통한 간편결제 시 5% PAYCO 포인트 적립 | 음원사이트: 벅스 &lsquo;PAYCO taptap 전용상품 이용권&rsquo; 결제 시 50% PAYCO 포인트 적립 | 카페/디저트: 커피전문점&middot;헬스&amp;뷰티 5% PAYCO 포인트 적립 | 편의점: 편의점&middot;배달앱 5% PAYCO 포인트 적립
1586,신협-신한카드 Shopping,신협,신용,VISA,"해외겸용 [20,000]원",500000,"500,000원",쇼핑: 10% | 생활: 10% | 푸드: 10%,"주유, 마트/편의점, 쇼핑, 푸드, 뷰티/피트니스, 교육/육아, 해외",false,,https://d1c5n4ri2guedi.cloudfront.net/card/1586/card_img/22631/1586card.png,https://www.card-gorilla.com/card/detail/1586,쇼핑: [쇼핑 할인] | 온라인쇼핑: [쇼핑 할인] | 카페: [생활 할인] | 생활: [생활 할인] | 주유소: [생활 할인] | 해외: 해외이용금액 5% 캐시백 | 푸드: 맛있는 제휴 10% 할인서비스
1380,넥센타이어 KB국민카드,KB국민카드,신용,,"해외겸용 [12,000]원 / 해외겸용 [14,000]원",300000,"300,000원",자동차: 20000원 | 영화: 3500원 | 테마파크: 50%,"자동차/하이패스, 레저/스포츠, OTT/영화/문화",false,,https://d1c5n4ri2guedi.cloudfront.net/card/1380/card_img/20763/1380card.png,https://www.card-gorilla.com/card/detail/1380,"자동차: 넥센타이어 렌탈료 자동이체 시 1만 1천원 ~ 2만원 청구할인 | 영화: 인터파크 영화예매 시 3,500원 청구할인 | 테마파크: 롯데월드 50% 현장 할인"
626,LOCA PLATINUM 할인형,롯데카드,신용,Mastercard,"국내전용 [100,000]원 / 해외겸용 [100,000]원",1500000,"1,500,000원",모든가맹점: 1% | 프리미엄 서비스: 무제한 | 바우처: 50000원,"모든가맹점, 프리미엄, 여행/숙박",false,,https://d1c5n4ri2guedi.cloudfront.net/card/626/card_img/29021/626card.png,https://www.card-gorilla.com/card/detail/626,모든가맹점: 국내외 가맹점 결제일 할인 | 기타: 특급호텔 F&amp;B 5만원 이용권 | 프리미엄 서비스: Master Platinum 서비스(Master 플래티넘 카드 발급 시 제공)
633,[BNK부산] 그린카드v2,BNK부산은행,신용,"Mastercard, BC","국내전용 [10,000]원 / 해외겸용 [12,000]원",400000,"400,000원",대중교통: 20% | 온라인쇼핑: 5% | 공과금: 5%,"모든가맹점, 교통, 통신, 쇼핑, 공과금/렌탈, OTT/영화/문화",false,,https://d1c5n4ri2guedi.cloudfront.net/card/633/card_img/21399/633card.png,https://www.card-gorilla.com/card/detail/633,모든가맹점: [기본 서비스] | 기타: [기본 서비스] | 대중교통: [특화 서비스] | 교통: [특화 서비스] | 온라인쇼핑: [특화 서비스] | 생활: [특화 서비스] | 영화: [특화 서비스]
950,1st카드 (포인트 적립형),광주은행,신용,"VISA, Mastercard","국내전용 [8,000]원  해외겸용 [10,000]원",0,없음,모든가맹점: 0.5% | 선택형: 1.2% | 영화: 3000원,"모든가맹점, 교통, 주유, 통신, 마트/편의점, 쇼핑, 푸드, 카페/디저트, 뷰티/피트니스, 무실적, 공과금/렌탈, 병원/약국, 교육/육아, 레저/스포츠, OTT/영화/문화",false,,https://d1c5n4ri2guedi.cloudfront.net/card/950/card_img/21593/950card.png,https://www.card-gorilla.com/card/detail/950,모든가맹점: 전 가맹점 이용액 0.5% 적립 | 영화: 전국 영화관 건당 8천원 이상 이용시 3천원 적립 | 기타: 당행 자동화기기 출금 수수료 면제 | 선택형: 고객께서 원하시는 2가지 업종 선택 가능(추가연회비 미청구) | 선택형: 자유롭게 업종 선택 가능(혜택별 추가연회비 3천원)
706,LOCA MONEY,롯데카드,신용,"VISA, Mastercard, AMEX","국내전용 [20,000]원 / 해외겸용 [20,000]원",0,없음,모든가맹점: 1% | 적립: 2%,"모든가맹점, 무실적",false,,https://d1c5n4ri2guedi.cloudfront.net/card/706/card_img/22180/706card.png,https://www.card-gorilla.com/card/detail/706,국내외가맹점: 국내외 가맹점에서 한도 제한없이 로카코인 적립
2713,디지로카 Pet,롯데카드,신용,"Mastercard, AMEX","국내전용 [30,000]원 / 해외겸용 [30,000]원",500000,"500,000원",애완동물: 7% | 무이자할부: 무제한,애완동물,false,2024-06-14,https://d1c5n4ri2guedi.cloudfront.net/card/2713/card_img/35514/2713card.png,https://www.card-gorilla.com/card/detail/2713,"애완동물: 반려동물 센터, 동물병원 캐시백 혜택 | 무이자할부: 국내 가맹점 2~3개월 무이자 할부"
2487,CGV 우리카드,우리카드,신용,"BC, Mastercard","국내전용 [20,000]원 / 해외겸용 [20,000]원",300000,"300,000원",영화: 무제한 | 영화: 5000원 | 영화: 2000원,"모든가맹점, 교통, 주유, 통신, 마트/편의점, 쇼핑, 카페/디저트, OTT/영화/문화, 해외",false,,https://d1c5n4ri2guedi.cloudfront.net/card/2487/card_img/28399/2487card.png,https://www.card-gorilla.com/card/detail/2487,영화: CGV 영화관람권 1매 무료 예매 | 적립: 모아포인트 이용금액의 5% ~ 0.5% 적립 | 선택형: 원하는 플레이트 선택 가능
2838,기아 챔피언스카드,광주은행,신용,Mastercard,"국내전용 [14,000]원 / 해외겸용 [15,000]원",300000,"300,000원",경기관람: 5000원 | 캐시백: 4000원 | 테마파크: 50%,"교통, 주유, 마트/편의점, 쇼핑, 푸드, 카페/디저트, 레저/스포츠, OTT/영화/문화",false,,https://d1c5n4ri2guedi.cloudfront.net/card/2838/card_img/41672/2838card_2.png,https://www.card-gorilla.com/card/detail/2838,"경기관람: 광주-기아챔피언스필드 경기장 입장료 최대 5천원 혜택 | 쇼핑: 팀스토어 매장 이용시 10% 캐시백 | 편의점: 편의점 및 F&amp;B 매장 이용시 10% 캐시백 | 주유: 전국6 대주유소 리터당 100 원 캐시백 | 영화: 영화(온라인예매&middot;현장구매) 월 최대 3,000원 캐시백 | 카페: 커피 21 대 Brand 월 최대 4천원 캐시백 | 기차: 철도(KTX&amp;SRT) 5%, 월 최대 1만원 캐시백 | 레저/스포츠: 놀이공원,레저 30~50% 할인 | 패밀리레스토랑: 패밀리 레스토랑 20% 현장할인 서비스"
477,신한카드 Deep Taking,신한카드,신용,VISA,"국내전용 [20,000]원 / 해외겸용 [20,000]원",400000,"400,000원",선택형: 2% | 푸드: 2% | 생활: 2%,"교통, 주유, 통신, 마트/편의점, 쇼핑, 푸드, 카페/디저트, 병원/약국, 교육/육아, 해외",false,,https://d1c5n4ri2guedi.cloudfront.net/card/477/card_img/21167/477card.png,https://www.card-gorilla.com/card/detail/477,"선택형: 17개 서비스 영역 중 월별 이용금액이 많은 최대 5개 영역에서 | 쇼핑: [Making 10 서비스 - 쇼핑영역] | 푸드: [Making 10 서비스 - 푸드영역] | 해외: [Making 10 서비스 - 여행영역] | 생활: [Making 17 서비스 - 생활영역] | 적립: My Pick 가맹점 선택하여 월 3,6,9번째 이용시마다 마이신한포인트 1,000포인트 적립!"
185,NH농협 부자되세요 아파트카드(비씨),NH농협카드,신용,"Mastercard, UnionPay","해외겸용 [10,000]원",400000,"400,000원",생활: 10000원 | 쇼핑: 10000원 | 학원: 10000원,"마트/편의점, 카페/디저트, 교육/육아",false,,https://d1c5n4ri2guedi.cloudfront.net/card/185/card_img/20402/185card.png,https://www.card-gorilla.com/card/detail/185,"생활: 아파트관리비 자동이체 시 5천원 / 1만원 청구할인 | 쇼핑: 쇼핑 할인서비스 | 학원: 학원 업종 5% 청구할인 | 카페: 스타벅스, 이디야, 공차, 뚜레쥬르, 던킨도너츠 5% 청구할인"
192,KT수퍼할부카드(비씨),NH농협카드,신용,UnionPay,"해외겸용 [15,000]원",300000,"300,000원",KT: 무제한 | KT: 10000원 | 생활: 10%,"통신, 카페/디저트, 레저/스포츠, OTT/영화/문화",false,,https://d1c5n4ri2guedi.cloudfront.net/card/192/card_img/20412/192card.png,https://www.card-gorilla.com/card/detail/192,"KT: KT라이트할부 서비스 | 생활: 커피, 베이커리, 아이스크림 10% 청구할인 | 테마파크: 전국 주요 놀이공원 할인"
500,신세계면세점 SSG카드,SSGPAY. CARD,신용,Mastercard,"국내전용[108,000원] / 해외겸용 [110,000]원",0,없음,모든가맹점: 0.8% | 해외이용: 1.2% | 프리미엄: 50000원,"마트/편의점, 쇼핑, 무실적, 공항라운지/PP, 프리미엄, 해외",false,,https://d1c5n4ri2guedi.cloudfront.net/card/500/card_img/21189/500card.png,https://www.card-gorilla.com/card/detail/500,"모든가맹점: 카드 이용금액에 관계없이, 한도 제한없이 적립 또는 청구할인 | 면세점: 연회비 정상 결제 후 신세계면세점 선불카드 바우처 신청 가능 | 공항라운지/PP: 공항라운지 서비스(1일 1회, 연 3회) | 적립: 신세계백화점 및 이마트 등 신세계포인트 가맹점 이용 시 신세계포인트 적립"
465,K리그 축덕 하나멤버스 1Q Play1 카드,하나카드,신용,Mastercard,"국내전용 [10,000]원 / 해외겸용 [12,000]원",300000,"300,000원",생활: 10% | 쇼핑: 10% | 영화: 10000원,"교통, 통신, 마트/편의점, 쇼핑, 카페/디저트, 뷰티/피트니스, OTT/영화/문화, 해외",false,,https://d1c5n4ri2guedi.cloudfront.net/card/465/card_img/21157/465card.png,https://www.card-gorilla.com/card/detail/465,적립: 하나머니 적립 | 영화: 영화관 할인
2469,나무 롯데카드,롯데카드,신용,"Mastercard, AMEX","국내전용 [20,000]원 / 해외겸용 [20,000]원",0,없음,모든가맹점: 1% | 대중교통: 50% | 카페: 50%,"모든가맹점, 교통, 카페/디저트, 무실적, OTT/영화/문화",false,,https://d1c5n4ri2guedi.cloudfront.net/card/2469/card_img/28218/2469card.png,https://www.card-gorilla.com/card/detail/2469,국내외가맹점: 국내외가맹점 최대 1% 캐시백 | 대중교통: [라이프 캐시백] | 카페: [라이프 캐시백] | 디지털구독: [라이프 캐시백] | 프리미엄 서비스: Platinum Service | 선택형: 원하는 디자인 선택가능
2542,HERITAGE Reserve(포인트형),KB국민카드,신용,AMEX,"국내전용 [800,000원] / 해외겸용 [800,000원]",0,없음,프리미엄 서비스: 무제한 | 멤버십포인트: 3% | 프리미엄: 무제한,"무실적, 프리미엄",false,,https://d1c5n4ri2guedi.cloudfront.net/card/2542/card_img/29518/2542card.png,https://www.card-gorilla.com/card/detail/2542,멤버십포인트: 국내 가맹점 최대 1.2% 적립 | 프리미엄 서비스: 쿠폰1 골프클럽 주중 이용권 | 프리미엄 서비스: 골프백 딜리버리 서비스 | 프리미엄 서비스: 이용문의
2567,우리동네GS 삼성카드,삼성카드,신용,VISA,"국내전용 [15,000원] / 해외겸용 [15,000원]",0,없음,편의점: 10% | 카페/디저트: 10% | 디지털구독: 30%,"마트/편의점, 푸드, 카페/디저트, 무실적, OTT/영화/문화, 해외",false,2023-04-21,https://d1c5n4ri2guedi.cloudfront.net/card/2567/card_img/29851/2567card.png,https://www.card-gorilla.com/card/detail/2567,편의점: GS25 1%/5%/10% 결제일 할인 | SSM: GS THE FRESH 1%/5%/10% 결제일 할인 | 멤버십포인트: GS리테일 POP서비스 | 카페: 커피전문점/배달앱 10% 결제일할인 | 디지털구독: 디지털콘텐츠 30% 결제일 할인 | 해외: 해외 1% 결제일 할인 | 선택형
853,SmileCard the Club,현대카드,신용,VISA,"국내전용 [50,000]원 / 해외겸용 [50,000]원",0,없음,간편결제: 3% | 모든가맹점: 2% | 모든가맹점: 1%,"무실적, 해외",false,,https://d1c5n4ri2guedi.cloudfront.net/card/853/card_img/21689/853card.png,https://www.card-gorilla.com/card/detail/853,간편결제: 스마일캐시 소개 | 연회비지원: 스마일클럽 자동 가입 및 연회비 3만원 지원 | 무이자할부: - 모든 가맹점은 현대카드 가맹점 등록 기준 | 프리미엄 서비스: [VISA 플래티넘서비스]
744,IKEA(이케아) Family with 신한카드,신한카드,신용,VISA,"국내전용 [15,000]원 / 해외겸용 [18,000]원",300000,"300,000원",쇼핑: 10% | 쇼핑: 5% | 편의점: 5%,"통신, 마트/편의점, 쇼핑, 카페/디저트, OTT/영화/문화",false,,https://d1c5n4ri2guedi.cloudfront.net/card/744/card_img/22218/744card.png,https://www.card-gorilla.com/card/detail/744,쇼핑: [IKEA 특별 할인] | 쇼핑: [점외(IKEA 외) 통합할인] | 편의점: [점외(IKEA 외) 통합할인] | 영화: [점외(IKEA 외) 통합할인] | 카페: [점외(IKEA 외) 통합할인] | 통신: [점외(IKEA 외) 통합할인]
1299,가온 플래티늄바우처카드,KB국민카드,신용,Mastercard,"국내전용 [100,000]원 / 해외겸용 [100,000]원",500000,"500,000원",바우처: 80000원 | 모든가맹점: 1.3% | 해외이용: 5%,"쇼핑, 항공마일리지, 프리미엄, 해외",false,,https://d1c5n4ri2guedi.cloudfront.net/card/1299/card_img/20985/1299card.png,https://www.card-gorilla.com/card/detail/1299,모든가맹점: 국내가맹점 1~1.3% 포인트리 적립 | 해외: 해외이용(직구포함) 5% 할인 캐시백 | 바우처: 플래티늄 바우처_쿠폰 서비스 | 프리미엄 서비스: 고품격 서비스
1010,EVO 티타늄카드,KB국민카드,신용,"Mastercard, UnionPay","국내전용 [30,000]원 / 해외겸용 [30,000]원",500000,"500,000원",자동차: 50% | 생활: 5% | 생활: 무제한,"쇼핑, 자동차/하이패스",false,,https://d1c5n4ri2guedi.cloudfront.net/card/1010/card_img/21525/1010card.png,https://www.card-gorilla.com/card/detail/1010,기타: [Charging] 전기/수소차 충전 : 50% 포인트리 적립 | 기타: 이용건별 기부서비스(1+1적립) | 프리미엄 서비스: K-WORLD/국내전용 티타늄 서비스
650,마이핏카드(할인형),KB국민카드,신용,Mastercard,"국내전용 [10,000]원 / 해외겸용 [10,000]원",300000,"300,000원",푸드: 5% | 생활: 5% | 쇼핑: 5%,"주유, 통신, 마트/편의점, 쇼핑, 푸드, 카페/디저트, 뷰티/피트니스",false,,https://d1c5n4ri2guedi.cloudfront.net/card/650/card_img/21413/650card.png,https://www.card-gorilla.com/card/detail/650,"푸드: #외식 : VIPS, 아웃백 | 편의점: #편의점 : GS25, CU | 생활: #마트 : 이마트, 롯데마트 | 쇼핑: 쿠팡, G마켓, 배달의민족"
2957,한화이글스 신한카드,신한카드,신용,Mastercard,"국내전용 [20,000]원 / 해외겸용 [23,000]원",300000,"300,000원",할인: 5000원 | 국내외가맹점: 0.7% | 할인: 무제한,"모든가맹점, 통신, 레저/스포츠, OTT/영화/문화",false,2025-08-04,https://d1c5n4ri2guedi.cloudfront.net/card/2957/card_img/47588/2957card_1.png,https://www.card-gorilla.com/card/detail/2957,"경기관람: 한화이글스 정규시즌 홈경기 5천원 결제일 할인 | 국내외가맹점: 국내/외 가맹점 0.7% 캐시백 | 할인: 생활친화 가맹점 잔돈 할인 서비스, Coin-Save | 영화: CGV, 메가박스 영화 예매 최대 3,000원 할인"
2738,SILVER FOR LOTTE DEPARTMENT STORE,현대카드,신용,VISA,"국내전용 [30,000]원 / 해외겸용 [30,000]원",500000,"500,000원",적립: 1% | 백화점: 5% | 무이자할부: 무제한,"모든가맹점, 쇼핑",false,2024-07-25,https://d1c5n4ri2guedi.cloudfront.net/card/2738/card_img/36659/2738card_1.png,https://www.card-gorilla.com/card/detail/2738,"적립: [기본 혜택] 국내외 가맹점 1% M포인트 적립 | 적립: [추가 혜택] 롯데백화점, 롯데아울렛, 롯데몰, 롯데백화점몰(온라인) 5% M포인트 적립 (월 2만 M포인트 한도) | 기타: M 긴급적립(선지급 포인트 서비스)"
2963,더한섬 신한카드 플래티늄,신한카드,신용,Mastercard,"국내전용 [97,000]원 / 해외겸용 [100,000]원",400000,"400,000원",바우처: 무제한 | 할인: 5% | 적립: 5%,"모든가맹점, 주유, 통신, 쇼핑, 푸드, 카페/디저트, 병원/약국, 레저/스포츠, 해외",false,2025-08-14,https://d1c5n4ri2guedi.cloudfront.net/card/2963/card_img/48104/2963card.png,https://www.card-gorilla.com/card/detail/2963,바우처: 이용조건 | 할인: 전월 이용금액별 월 할인한도 | 적립: 전월 이용금액별 월 할인한도 | 국내외가맹점: 전월 이용금액별 월 할인한도
2402,GS리테일 NH농협카드,NH농협카드,신용,Mastercard,"국내전용 [12,000]원 / 해외겸용 [12,000]원",0,없음,멤버십포인트: 2% | 모든가맹점: 1% | 해외: 2%,"모든가맹점, 무실적, 공항라운지/PP, 해외",false,,https://d1c5n4ri2guedi.cloudfront.net/card/2402/card_img/26571/2402card.png,https://www.card-gorilla.com/card/detail/2402,"멤버십포인트: GS리테일 점내 이용 시 2% GS&amp;POINT 적립 | 모든가맹점: 국내 이용금액의 1%, 국외 이용금액의 2% NH포인트 적립 | 공항라운지: 국제공항 라운지 무료이용 연 2회 제공"
2408,올바른HOMETOWN카드,NH농협카드,신용,Mastercard,"국내전용 [12,000]원 / 해외겸용 [12,000]원",400000,"400,000원",홈쇼핑: 10% | 병원/약국: 5% | 보험사: 무제한,"교통, 마트/편의점, 쇼핑, 공과금/렌탈, 병원/약국",false,,https://d1c5n4ri2guedi.cloudfront.net/card/2408/card_img/26508/2408card.png,https://www.card-gorilla.com/card/detail/2408,대형마트: 하나로마트/하나로클럽 5% 청구할인 | SSM: 슈퍼마켓 5% 청구할인 | 병원/약국: 병의원/약국 5% 청구할인 | 홈쇼핑: 홈쇼핑 10% 청구할인 | 기타: 건강식품 10% 청구할인 | 대중교통: 대중교통(버스/지하철) 10% 청구할인 | 보험사: 보이스피싱 보상보험 무료 가입
2384,신세계 BC 바로 클리어 플러스,BC 바로카드,신용,"VISA, BC","국내전용 [5,000]원 / 해외겸용 [5,000]원",200000,"200,000원",푸드: 5% | 쇼핑: 7% | 제휴/PLCC: 무제한,"교통, 통신, 마트/편의점, 쇼핑, 푸드, 뷰티/피트니스, OTT/영화/문화, 프리미엄",false,,https://d1c5n4ri2guedi.cloudfront.net/card/2384/card_img/25486/2384card.png,https://www.card-gorilla.com/card/detail/2384,기타: 점심식사&middot;배달앱&middot;대중교통 5% 할인 | 쇼핑: 신세계&middot;온라인쇼핑&middot;뷰티&middot;통신 등 7% 할인 | 제휴/PLCC: 신세계백화점 제휴 서비스 제공 | 프리미엄 서비스: VISA Platinum 서비스 제공
2708,WE:SH Daily 카드,KB국민카드,신용,"Mastercard, JCB","국내전용 [15,000]원 / 해외겸용 [15,000]원",400000,"400,000원",할인: 0.5% | 선택형: 10% | 기타: 무제한,"모든가맹점, 마트/편의점, 쇼핑, 푸드, 카페/디저트, 뷰티/피트니스, OTT/영화/문화",false,2024-07-01,https://d1c5n4ri2guedi.cloudfront.net/card/2708/card_img/34915/2708card.png,https://www.card-gorilla.com/card/detail/2708,할인: [기본 적립] 국내 가맹점 0.5% 청구할인 | 선택형: [선택 할인] 쇼핑/편의/커피/생활/먹빵/취향 택 1 | 기타: 전월실적 채워드림
488,Easy auto 티타늄카드,KB국민카드,신용,"Mastercard, JCB","국내전용 [30,000]원 / 해외겸용 [30,000]원",500000,"500,000원",영화: 3000원 | 보험: 10000원 | 주유: 150원,"모든가맹점, 주유, 마트/편의점, 카페/디저트, 공과금/렌탈, 자동차/하이패스, OTT/영화/문화",false,,https://d1c5n4ri2guedi.cloudfront.net/card/488/card_img/21178/488card.png,https://www.card-gorilla.com/card/detail/488,주유: [차량 관리 서비스] | 자동차/하이패스: [차량 관리 서비스] | 보험: [차량 관리 서비스] | OTT/영화/문화: [Easy auto+ 서비스] | 카페/디저트: [Easy auto+ 서비스] | 편의점: [Easy auto+ 서비스] | 적립: 전 가맹점 적립 서비스 제외 대상 | 프리미엄 서비스: Easy auto 티타늄 서비스
173,NH올원+(플러스)카드,NH농협카드,신용,Mastercard,"국내전용 [23,000]원 / 해외겸용 [25,000]원",0,없음,모든가맹점: 0.9% | 해외이용: 1.2%,"모든가맹점, 무실적, 해외",false,,https://d1c5n4ri2guedi.cloudfront.net/card/173/card_img/20385/173card.png,https://www.card-gorilla.com/card/detail/173,모든가맹점: NH포인트 적립 기본서비스 | 해외이용: NH포인트 적립 기본서비스 | 기타: 제휴서비스
1648,NH올원 Direct&DB손해보험카드,NH농협카드,신용,VISA,"국내전용 [8,000]원 / 해외겸용 [10,000]원",300000,"300,000원",보험사: 30000원 | 주유: 5% | 푸드: 3%,"주유, 푸드, 카페/디저트, 공과금/렌탈",false,,https://d1c5n4ri2guedi.cloudfront.net/card/1648/card_img/22517/1648card.png,https://www.card-gorilla.com/card/detail/1648,"보험사: DB손해보험 다이렉트 자동차보험료 청구할인 서비스 | 주유: Sk에너지, 농협주유소 5% 청구할인(충전소 제외) | 푸드: 국내음식점, 커피전문점, 제과점, 아이스크림점, 패밀리레스토랑 및 패스트푸드점 3% 청구할인"
1171,H.Point KB국민카드,KB국민카드,신용,"Mastercard, JCB","해외겸용 [12,000]원",0,없음,백화점: 1.5% | 편의점: 5% | 영화: 3500원,"모든가맹점, 주유, 마트/편의점, 쇼핑, 푸드, 카페/디저트, 무실적, 병원/약국, 교육/육아, 레저/스포츠, OTT/영화/문화",false,,https://d1c5n4ri2guedi.cloudfront.net/card/1171/card_img/21137/1171card.png,https://www.card-gorilla.com/card/detail/1171,"모든가맹점: 모든 이용금액(일부 제외)0.5% 적립 | 백화점: 현대백화점그룹내 1%추가적립 | 생활: [Daily 할인 혜택] | 할인: [Weekly 할인 혜택] | 기타: [Monthly 할인 혜택] | 영화: 인터파크 영화 예매 시 1매당 3,500원 청구할인 | 테마파크: 롯데월드/에버랜드/캐리비안베이 30 ~ 50% 현장할인"
2243,GS Prime 신한카드,신한카드,신용,,"국내전용 [15,000]원 / 해외겸용 [18,000]원",0,없음,쇼핑: 2% | 적립: 0.3% | 무실적: 무제한,무실적,false,,https://d1c5n4ri2guedi.cloudfront.net/card/2243/card_img/30835/2243card.png,https://www.card-gorilla.com/card/detail/2243,쇼핑: GS리테일 점내 이용 시 GS&amp;POINT 2% 적립 | 모든가맹점: 그 외 모든 가맹점 이용 시 GS&amp;POINT 0.3% 기본 적립
2128,ON PLATINUM카드(스카이패스),NH농협카드,신용,Mastercard,"국내전용 [128,000]원 / 해외겸용 [130,000]원",0,없음,항공마일리지: 500원 | 항공마일리지: 1500000원 | 공항라운지: 무제한,"무실적, 항공마일리지, 프리미엄",false,,https://d1c5n4ri2guedi.cloudfront.net/card/2128/card_img/21863/2128card.png,https://www.card-gorilla.com/card/detail/2128,"대한항공: 마일리지형(스카이패스) 국내&middot;외 매출 건별 1,500원당 1마일리지 | 공항라운지: 전 세계 공항 라운지 무료 이용(더 라운지 멤버스) | 프리미엄 서비스: MASTERCARD PLATINUM PREMIUM SERVICES"
673,스타벅스 현대카드,현대카드,신용,"VISA, Mastercard","국내전용 [30,000]원 / 해외겸용 [30,000]원",300000,"300,000원",카페: 30000원 | 프리미엄 서비스: 무제한,"모든가맹점, 카페/디저트, 프리미엄",false,,https://d1c5n4ri2guedi.cloudfront.net/card/673/card_img/36499/673card_6.png,https://www.card-gorilla.com/card/detail/673,국내외가맹점: 당월 이용 금액 3만원 누적 시마다 1개 스타벅스 별 적립 | 프리미엄 서비스: VISA 플래티넘서비스
1243,U＋ 알뜰모바일카드,KB국민카드,신용,"Mastercard, JCB","해외겸용 [15,000]원",300000,"300,000원",LGU+: 10000원,통신,false,,https://d1c5n4ri2guedi.cloudfront.net/card/1243/card_img/21065/1243card.png,https://www.card-gorilla.com/card/detail/1243,LGU+: U+ 알뜰모바일 통신료 자동이체
890,e플래티넘 롯데카드,롯데카드,신용,VISA,"국내전용 [18,000]원 / 해외겸용 [20,000]원",500000,"500,000원",바우처: 20000원 | 간편결제: 20000원 | 간편결제: 30000원,"교통, 마트/편의점, 쇼핑, 푸드, 카페/디저트, OTT/영화/문화, 여행/숙박, 해외",false,,https://d1c5n4ri2guedi.cloudfront.net/card/890/card_img/21651/890card.png,https://www.card-gorilla.com/card/detail/890,바우처: 스페셜 기프트 - 매년 2만원 캐시백 | 간편결제: e스타일할인 - 매월 스마일페이 및 롯데 제휴사 매장 5천원 결제일 할인 | 간편결제: e스마일할인 - 매년 스마일페이 가맹점 결제일 할인 | 생활: 영라이프할인 - 라이프 가맹점 10~12% 결제일 할인 | 프리미엄 서비스: VISA Platinum 서비스
2622,어디로든 그린카드,BNK경남은행,신용,"BC, Mastercard","국내전용 [15,000]원 / 해외겸용 [17,000]원",0,없음,주유: 40% | 생활: 10% | 대중교통: 10%,"교통, 카페/디저트, 무실적",false,,https://d1c5n4ri2guedi.cloudfront.net/card/2622/card_img/31492/2622card.png,https://www.card-gorilla.com/card/detail/2622,충전소: 전기차/수소차 충전 최대 40% 적립 | 생활: 공유 모빌리티 10% 적립 | 대중교통: 버스/지하철 10% 적립 | 고속버스: 고속버스 10% 적립 | 카페: 커피전문점 10% 적립 | 적립: 국내 전가맹점 0.2% 적립
2505,오늘은e 신용카드,BNK부산은행,신용,"BC, Mastercard","국내전용 [7,000원] / 해외겸용 [10,000원]",300000,"300,000원",간편결제: 5% | 학원: 5% | 통신: 5%,"교통, 통신, 카페/디저트, 교육/육아, OTT/영화/문화, 간편결제",false,,https://d1c5n4ri2guedi.cloudfront.net/card/2505/card_img/28651/2505card.png,https://www.card-gorilla.com/card/detail/2505,간편결제: 간편 결제 할인 서비스 | 학원: 학원 업종 할인 서비스 | 통신: 이동통신 할인 서비스 | 카페: 커피 할인 서비스 | 대중교통: 대중교통 할인 서비스 | 영화: 영화관 할인 서비스
2554,밀리언달러 하나카드,하나카드,신용,VISA,"국내전용 [15,000원] / 해외겸용 [15,000원]",0,없음,수수료우대: 무제한 | 해외이용: 0.7% | 멤버십포인트: 20%,"교통, 마트/편의점, 카페/디저트, 무실적, OTT/영화/문화, 해외",false,,https://d1c5n4ri2guedi.cloudfront.net/card/2554/card_img/29613/2554card.png,https://www.card-gorilla.com/card/detail/2554,수수료우대: 해외수수료 면제 서비스 | 해외이용: 해외 가맹점 하나머니 적립 | 멤버십포인트: 국내 가맹점 하나머니 적립
2325,프레딧 하나카드,하나카드,신용,VISA,"국내전용 [12,000]원 / 해외겸용 [12,000]원",300000,"300,000원",쇼핑: 10% | 카페/디저트: 10% | 모든가맹점: 0.5%,"통신, 쇼핑, 카페/디저트, 간편결제",false,,https://d1c5n4ri2guedi.cloudfront.net/card/2325/card_img/23879/2325card.png,https://www.card-gorilla.com/card/detail/2325,"온라인쇼핑: 프레딧 10% 청구할인 | 카페/디저트: 스타벅스, 파리바게뜨, 뚜레쥬르 10% 청구 할인 | 간편결제: 네이버페이, 카카오페이에 카드 등록 및 결제 건 3% 할인 | 통신: SKT, KT, LG U+ 통신요금 자동이체 5% 청구 할인 | 모든가맹점: 국내외 전 가맹점 0.5% 청구 할인"
55,CU·배달의민족 삼성카드 taptap,삼성카드,신용,Mastercard,"국내전용 [10,000]원 / 해외겸용 [10,000]원",300000,"300,000원",편의점: 500원 | 배달앱: 2000원 | 교통: 무제한,"교통, 마트/편의점, 푸드",false,,https://d1c5n4ri2guedi.cloudfront.net/card/55/card_img/27710/55card.png,https://www.card-gorilla.com/card/detail/55,"편의점: CU 이용금액 1,500원당 200원 결제일할인(청구할인) | 배달앱: 배달의민족에서 15,000원 이상 결제 시 2,000원 결제일할인(청구할인) | 교통: 대중교통 이용금액 1,000원당 100원 결제일할인(청구할인) | 푸드: 음식점, 주점에서 10,000원 이상 결제 시 1,000원 결제일할인(청구할인)"
38,신한카드 Lesson Platinum#,신한카드,신용,AMEX,"해외겸용 [27,000]원",300000,"300,000원",교육/육아: 5% | 문화센터: 5% | 도서: 5%,"쇼핑, 푸드, 카페/디저트, 뷰티/피트니스, 교육/육아, 프리미엄",false,,https://d1c5n4ri2guedi.cloudfront.net/card/38/card_img/20119/38card.jpg,https://www.card-gorilla.com/card/detail/38,"학원: 전국 학원, 학습지, 독서실 업종에서 결제 시 5% 결제일할인 제공 | 문화센터: LESSON 통합할인 한도 | 도서: LESSON 통합할인 한도 | 생활: COIN - SAVE 란? | 프리미엄: 1일 무료주차"
42,SOCAR 제휴 SOCAR 신한카드,신한카드,신용,VISA,"해외겸용 [13,000]원",300000,"300,000원",렌터카: 30% | 기차: 10% | 카페: 20%,"교통, 마트/편의점, 카페/디저트, 여행/숙박",false,,https://d1c5n4ri2guedi.cloudfront.net/card/42/card_img/20123/42card.png,https://www.card-gorilla.com/card/detail/42,렌터카: SOCAR 할인 서비스 | 기차: 철도 할인 서비스 | 카페: 커피 할인 서비스 | 편의점: 편의점 할인 서비스 | 대형마트: 할인점 할인 서비스
568,부릉 삼성카드 BIZ,삼성카드,신용,Mastercard,"국내전용 [10,000]원 / 해외겸용 [10,000]원",0,없음,적립: 3% | 영화: 3000원 | 생활: 무제한,"주유, 통신, 마트/편의점, 쇼핑, 푸드, 카페/디저트, 무실적, 병원/약국, 교육/육아, OTT/영화/문화, 해외",false,,https://d1c5n4ri2guedi.cloudfront.net/card/568/card_img/28059/568card.png,https://www.card-gorilla.com/card/detail/568,"적립: 커피, 이동통신, 주유 등 1~3% 빅포인트 적립 | 베이커리: 파리바게뜨&middot;배스킨라빈스&middot;던킨도너츠 10% 결제일할인(청구할인) | 영화: CGV 및 롯데시네마 영화 티켓 8,000원 이상 결제 시 3,000원 결제일할인(청구할인) | 생활: 부가세환급 편의지원서비스 안내"
522,Liiv M 카드,KB국민카드,신용,Mastercard,"국내전용 [20,000]원 / 해외겸용 [20,000]원",500000,"500,000원",통신: 10000원 | 프리미엄 서비스: 무제한,"통신, 공항라운지/PP, 여행/숙박, 해외",false,,https://d1c5n4ri2guedi.cloudfront.net/card/522/card_img/21207/522card.png,https://www.card-gorilla.com/card/detail/522,통신: Liiv M 통신료 자동이체 할인 서비스 | 프리미엄 서비스: Liiv M 마스터 티타늄 서비스
1209,BNK 프렌즈 신용카드,BNK부산은행,신용,"BC Global, Mastercard","해외겸용 [10,000]원",0,없음,모든가맹점: 0.6% | 모든가맹점: 200000원 | 교통: 10%,"모든가맹점, 교통, 통신, 무실적",false,,https://d1c5n4ri2guedi.cloudfront.net/card/1209/card_img/21099/1209card.png,https://www.card-gorilla.com/card/detail/1209,모든가맹점: 기본 | 생활: 생활
2118,아시아나 마일리지카드,제주은행,신용,VISA,"해외겸용 [15,000]원",0,없음,아시아나항공: 1000원 | 주유소: 무제한 | 영화: 3000원,"모든가맹점, 주유, 푸드, 카페/디저트, 무실적, 레저/스포츠, OTT/영화/문화, 항공마일리지",false,,https://d1c5n4ri2guedi.cloudfront.net/card/2118/card_img/21879/2118card.jpg,https://www.card-gorilla.com/card/detail/2118,"아시아나항공: 아시아나항공 마일리지 적립 | 주유소: SK주유소 및 LPG충전소 리터당 60원 청구 할인 | 영화: 영화관 1,500원 ~ 3,000원 청구 할인 | 푸드: 커피전문점 이용금액의 10% 청구할인 | 테마파크: 롯데월드 이용 금액 50% 청구 할인 | 기타: 자동화기기, 전자금융(인터넷뱅킹, 텔레뱅킹, 모바일뱅킹) 이용수수료 면제"
620,LOCA CLASSIC,롯데카드,신용,Mastercard,"국내전용 [20,000]원 / 해외겸용 [20,000]원",1500000,"1,500,000원",모든가맹점: 1% | 기타: 무제한,모든가맹점,false,,https://d1c5n4ri2guedi.cloudfront.net/card/620/card_img/21386/620card.png,https://www.card-gorilla.com/card/detail/620,기타: LOCA CLASSIC x LOCA for 카드 | 모든가맹점: 국내외 가맹점 결제일 할인
1592,신협-신한카드 B.Big(삑),신협,신용,"VISA, UnionPay","해외겸용 [10,000]원",300000,"300,000원",대중교통: 600원 | 택시: 10% | 기차: 10%,"교통, 통신, 마트/편의점, 쇼핑, 카페/디저트, OTT/영화/문화",false,,https://d1c5n4ri2guedi.cloudfront.net/card/1592/card_img/22625/1592card.png,https://www.card-gorilla.com/card/detail/1592,"대중교통: 버스, 지하철 후불 교통 이용 금액 일 200원 ~ 일 600원 할인 | 택시: 택시/KTX 이용 금액 10% 할인 | 백화점: 4대 백화점 5% 할인 | 카페: 커피전문점 10% 할인 | 편의점: 편의점 5% 할인 | 통신: 이동통신요금 5% 할인 | 영화: CGV 영화 할인 | 캐시백: 전기요금, 통신요금, 해외이용금액 5% 캐시백 제공"
1884,라이프파트너 삼성카드,삼성카드,신용,Mastercard,"국내전용 [20,000]원 / 해외겸용 [20,000]원",300000,"300,000원",보험사: 20000원 | 보험사: 5000원 | 주유: 3000원,"주유, 마트/편의점, 공과금/렌탈, 병원/약국, OTT/영화/문화",false,,https://d1c5n4ri2guedi.cloudfront.net/card/1884/card_img/28083/1884card.png,https://www.card-gorilla.com/card/detail/1884,보험사: 서비스안내 | 보험사: 서비스안내 | 주유: 서비스안내 | 대형마트: 서비스안내 | 병원/약국: 서비스안내 | 영화: 서비스안내
2748,신한카드 The Premium Pet,신한카드,신용,Mastercard,"국내전용 [200,000]원 / 해외겸용 [203,000]원",400000,"400,000원",애완동물: 30% | 온라인쇼핑: 10% | 바우처: 무제한,"쇼핑, 애완동물, 공항라운지/PP, 프리미엄",false,2024-06-03,https://d1c5n4ri2guedi.cloudfront.net/card/2748/card_img/36836/2748card.png,https://www.card-gorilla.com/card/detail/2748,"동물병원: 전국 동물병원 30% 결제일 할인 | 쇼핑: 5개 펫 온라인 전용몰 30% 결제일 할인 | 온라인쇼핑: 일반 온라인 쇼핑몰 10% 결제일 할인 | 애완동물: 반려동물 등록 20% 결제일 할인 [연(1월~12월) 2회] | 할인: 동물병원, 펫 전용몰 할인한도 변경서비스 | 공항라운지: The Lounge 모바일 앱을 통한 전세계 공항 라운지 무료이용 (연 2회) | 바우처: Gift Option 1. [25년 7월까지 한정 신청] 동물병원 건강검진 30만원 할인권"
2619,DGB어디로든그린카드,iM뱅크,신용,"BC, Mastercard","국내전용 [15,000]원 / 해외겸용 [15,000]원",300000,"300,000원",주유: 40% | 교통: 10% | 적립: 0.2%,"교통, 카페/디저트",false,2023-11-07,https://d1c5n4ri2guedi.cloudfront.net/card/2619/card_img/31467/2619card.png,https://www.card-gorilla.com/card/detail/2619,적립: 에코머니 포인트 적립서비스
2672,樂SEA(락시),Sh수협은행,신용,"BC, Mastercard","국내전용 [20,000]원 / 해외겸용 [22,000]원",500000,"500,000원",레저/스포츠: 10% | 쇼핑: 5% | 주유: 무제한,"주유, 마트/편의점, 쇼핑",false,,https://d1c5n4ri2guedi.cloudfront.net/card/2672/card_img/32637/2672card.png,https://www.card-gorilla.com/card/detail/2672,"레저/스포츠: 승선비 10% 청구할인 | 쇼핑: 낚시 용품 등(해당 매장 상품) 2%~5% 청구할인 | 주유: 전 주유소 리터당 60원 청구할인 (LPG 포함) | 편의점: GS25, CU, 세븐일레븐 1천원 청구할인"
2651,W컨셉 삼성카드,삼성카드,신용,VISA,"국내전용 [10,000]원 / 해외겸용 [10,000]원",300000,"300,000원",멤버십포인트: 7% | 카페: 7% | 디지털구독: 20%,"통신, 쇼핑, 카페/디저트, 뷰티/피트니스, OTT/영화/문화, 해외",false,2023-10-24,https://d1c5n4ri2guedi.cloudfront.net/card/2651/card_img/32190/2651card.png,https://www.card-gorilla.com/card/detail/2651,멤버십포인트: W컨셉 7% W POINT 적립 | 카페: 커피전문점/헬스&amp;뷰티/온라인쇼핑몰/이동통신 7% W POINT 적립 | 디지털구독: 디지털콘텐츠 20% W POINT 적립 | 해외: 해외 1.5% W POINT 적립
2097,신한카드 The PREMIER GOLD EDITION (아시아나클럽),신한카드,신용,"VISA, UnionPay","해외겸용 [1,900,000]원",0,없음,아시아나항공: 무제한 | 호텔: 무제한 | 골프: 무제한,"모든가맹점, 무실적, 레저/스포츠, 항공마일리지, 공항라운지/PP, 프리미엄, 여행/숙박, 해외",false,,https://d1c5n4ri2guedi.cloudfront.net/card/2097/card_img/21903/2097card.png,https://www.card-gorilla.com/card/detail/2097,아시아나항공: 항공 마일리지 적립서비스 | 호텔: PREMIER HOTEL PACKAGE 서비스 | 항공권: 항공 좌석 업그레이드 또는 동반자 무료 항공권 제공 서비스 | PP: 공항라운지카드(Priority Pass) 서비스 | 생활: 라이프스타일 DESK 서비스 | 기타: 공항 또는 골프장 리무진 서비스 | 골프: 홀인원 축하금 서비스 | 면세점: 국내 유명 면세점 할인 서비스
879,자연드림 IBK카드,IBK기업은행,신용,"VISA, BC Global","해외겸용 [2,000]원 / 해외겸용 [5,000]원",0,없음,주유: 무제한 | 소셜커머스: 20% | 영화: 8000원,"주유, 쇼핑, 푸드, 카페/디저트, 무실적, 공과금/렌탈, 교육/육아, 레저/스포츠, OTT/영화/문화",false,,https://d1c5n4ri2guedi.cloudfront.net/card/879/card_img/21663/879card.gif,https://www.card-gorilla.com/card/detail/879,"BC TOP: TOP포인트 최대 0.4% 적립 | 주유: 전 주유소 리터당 60원 할인 (LPG포함) | 소셜커머스: 소셜커머스 20% 할인 | 영화: 영화관 8천원 청구할인 | 패밀리레스토랑: 아웃백, 빕스, 블랙스미스, 토다이, TGIF, 애슐리 20% 할인 | 카페: 스타벅스, 커피빈, 카페베네, 탐앤탐스, 할리스, 엔제리너스, 달.콤 | 금융: 당행 전자금융 이체수수료 면제 | 테마파크: 주요 놀이공원 무료입장 또는 입장료/자유이용권 할인 (월 1회, 연 2회) | 기타: 자연드림 이용금액 7% 청구할인"
506,할인조아카드,NH농협카드,신용,"VISA, BC","국내전용 [13,000]원 / 해외겸용[15,000]원",400000,"400,000원",주유: 무제한 | 영화: 2000원 | 테마파크: 무제한,"교통, 주유, 마트/편의점, 쇼핑, 카페/디저트, 레저/스포츠, OTT/영화/문화",false,,https://d1c5n4ri2guedi.cloudfront.net/card/506/card_img/21195/506card.png,https://www.card-gorilla.com/card/detail/506,"주유: 전 주유소(LPG 포함) 리터당 60원 청구할인 | 영화: CGV/롯데시네마/메가박스 2천원 청구할인 | 카페: 스타벅스/이디야 2천원 청구할인 | 온라인쇼핑: 쿠팡/티몬/위메프 2천원 청구할인 | 편의점: GS25/CU/세븐일레븐 1천원 청구할인 | 대형마트: 하나로마트/이마트/홈플러스/롯데마트 5% 청구할인 | 대중교통: 버스/지하철 이용 시 건당 100원 청구할인 | 테마파크: 전국 주요 놀이공원 할인 (월 1회, 연 6회)"
109,SK에너지 러브유 KB국민카드,KB국민카드,신용,"Mastercard, JCB","국내전용 [7,000]원 / 해외겸용 [12,000]원",300000,"300,000원",주유소: 100원 | 정비: 무제한 | 대중교통: 10%,"교통, 주유, 자동차/하이패스",false,,https://d1c5n4ri2guedi.cloudfront.net/card/109/card_img/20267/109card.png,https://www.card-gorilla.com/card/detail/109,"주유소: SK 주유소 주유시 리터당 100원 할인 | 정비: 스피드메이트 자동차 정비관련 서비스 제공(실적유예기간 없음) | 대중교통: 버스, 지하철요금 10% 청구 할인"
183,SolSol(쏠쏠)카드,NH농협카드,신용,"Mastercard, JCB","해외겸용 [10,000]원",300000,"300,000원",뷰티/피트니스: 12% | 카페/디저트: 10% | 교통: 5%,"교통, 주유, 통신, 마트/편의점, 쇼핑, 푸드, 카페/디저트, 뷰티/피트니스, 애완동물, OTT/영화/문화",false,,https://d1c5n4ri2guedi.cloudfront.net/card/183/card_img/20400/183card.png,https://www.card-gorilla.com/card/detail/183,생활: 주요 12대 생활업종 3~12% 청구할인
2776,이마트 e카드 Plus,현대카드,신용,Mastercard,"국내전용 [30,000]원 / 해외겸용 [30,000]원",500000,"500,000원",대형마트: 5% | 적립: 5% | 적립: 0.5%,"모든가맹점, 마트/편의점, 쇼핑, 병원/약국, 교육/육아",false,2024-09-19,https://d1c5n4ri2guedi.cloudfront.net/card/2776/card_img/38184/2776card.png,https://www.card-gorilla.com/card/detail/2776,적립: [기본 혜택] 전월 이용 금액 50만원 이상 시 국내외 가맹점 0.5% 신세계포인트 적립 | 적립: [추가 혜택] 전월 이용 금액 50만원 이상 시 영역별 5% 신세계포인트 적립 | 프리미엄 서비스: 유의사항
2873,스타필드 신한카드,신한카드,신용,Mastercard,"국내전용 [17,000]원 / 해외겸용 [20,000]원",400000,"400,000원",쇼핑: 10% | 쇼핑: 5% | 생활: 5%,"마트/편의점, 쇼핑, 카페/디저트, 뷰티/피트니스, 애완동물, 레저/스포츠, OTT/영화/문화",false,2025-05-22,https://d1c5n4ri2guedi.cloudfront.net/card/2873/card_img/43924/2873card.png,https://www.card-gorilla.com/card/detail/2873,"쇼핑: 전월 이용금액별 월간 스타필드 통합 할인한도 | 백화점: 신세계백화점 5% 결제일 할인 | 마트/편의점: 할인점, 편의점 5% 결제일 할인 | 온라인쇼핑: 온라인쇼핑 5% 결제일 할인 | 카페: 스타벅스 5% 결제일 할인 | 생활: 까사미아 5% 결제일 할인 | 동물병원: 동물병원 5% 결제일 할인 | 배달앱: 배달앱 5% 결제일 할인 | 영화: 영화관 5% 결제일 할인 | 화장품: 올리브영 5% 결제일 할인 | 레저/스포츠: 스몹 5% 결제일 할인"
2918,E9pay 신한카드 처음,신한카드,신용,Mastercard,"국내전용 [15,000원] / 해외겸용 [18,000원]",300000,"300,000원",적립: 5% | 적립: 20% | 적립: 10000원,"교통, 통신, 마트/편의점, 쇼핑, 푸드, 카페/디저트, 뷰티/피트니스, OTT/영화/문화, 해외",false,2025-04-28,https://d1c5n4ri2guedi.cloudfront.net/card/2918/card_img/45314/2918card.png,https://www.card-gorilla.com/card/detail/2918,적립: 음식점&middot;카페&middot;편의점&middot;온라인쇼핑 5% 마이신한포인트 적립 | 적립: 생활&middot;여행&middot;패션 5% 마이신한포인트 적립 | 적립: 통신 10%&middot;OTT 15%&middot;멤버십 20% 마이신한포인트 적립 | 적립: 소비관리 보너스 적립 서비스 소개 | 적립: 소비관리 보너스 적립 서비스 소개
2774,BC 바로 기후동행카드,BC 바로카드,신용,BC,"국내전용 [7,000]원",300000,"300,000원",교통: 15% | 통신: 5% | 디지털구독: 10%,"교통, 통신, 마트/편의점, 쇼핑, 카페/디저트, OTT/영화/문화",false,2024-11-13,https://d1c5n4ri2guedi.cloudfront.net/card/2774/card_img/38126/2774card.png,https://www.card-gorilla.com/card/detail/2774,"교통: 기후동행카드 안내 | 교통: 대중교통(버스, 지하철) 15% 할인 | 통신: 이동통신요금 5% 결제일 할인 | 디지털구독: OTT/스트리밍 10% 결제일 할인 | 편의점: 편의점 5% 결제일 할인 | 온라인쇼핑: 온라인쇼핑 멤버십 10% 결제일 할인 | 카페: 카페 5% 결제일 할인"
2787,LGE.COM 신한카드,신한카드,신용,Mastercard,"국내전용 [25,000]원 / 해외겸용 [28,000]원",500000,"500,000원",생활: 무제한 | 생활: 5%,"통신, 쇼핑, 카페/디저트",false,2024-10-11,https://d1c5n4ri2guedi.cloudfront.net/card/2787/card_img/39060/2787card.png,https://www.card-gorilla.com/card/detail/2787,"생활: LG전자 온라인몰 LGE.COM에서 제품 구매 시 플러스 서비스 혜택 제공 | 생활: LGE.COM 플러스 서비스 미이용 시, LGE.COM 플러스 미이용 시에만 제공되는 서비스"
783,SSG.COM카드,현대카드,신용,VISA,"국내전용 [20,000]원 / 해외겸용 [20,000]원",300000,"300,000원",온라인쇼핑: 4% | 생활: 5% | 모든가맹점: 0.5%,"교통, 주유, 통신, 마트/편의점, 푸드, 카페/디저트, OTT/영화/문화",false,,https://d1c5n4ri2guedi.cloudfront.net/card/783/card_img/21759/783card.png,https://www.card-gorilla.com/card/detail/783,온라인쇼핑: - 당월 이용금액 30만원 이상 시 2% | 생활: - 당월 이용금액 30만원 이상 시 3%
1899,New LG전자 베스트샵 PLUS 신한카드,신한카드,신용,Mastercard,"국내전용 [10,000]원 / 해외겸용 [12,000]원",500000,"500,000원",쇼핑: 10% | 무이자할부: 3% | 테마파크: 50%,레저/스포츠,false,,https://d1c5n4ri2guedi.cloudfront.net/card/1899/card_img/22097/1899card.png,https://www.card-gorilla.com/card/detail/1899,쇼핑: 베스트 플러스 할부 미이용 시 | 무이자할부: 베스트 플러스 할부 이용 시 | 테마파크: 주요 놀이공원 할인 서비스 | 프리미엄 서비스: 국제브랜드사 서비스 공통사항 안내
664,New PAYCO 롯데카드,롯데카드,신용,"VISA, Mastercard, UnionPay","국내전용 [15,000]원 / 해외겸용 [15,000]원",0,없음,PAYCO: 3% | 적립: 0.7%,"모든가맹점, 무실적, 간편결제",false,,https://d1c5n4ri2guedi.cloudfront.net/card/664/card_img/21429/664card.png,https://www.card-gorilla.com/card/detail/664,적립: New PAYCO 롯데카드 이용 시 PAYCO 포인트 적립
2701,하나투어 삼성카드,삼성카드,신용,VISA,"국내전용 [20,000]원 / 해외겸용 [20,000]원",500000,"500,000원",여행/숙박: 무제한 | 생활: 10% | 공항라운지/PP: 무제한,"주유, 통신, 마트/편의점, 쇼핑, 푸드, 카페/디저트, 공과금/렌탈, 공항라운지/PP, 여행/숙박, 해외",false,2024-05-03,https://d1c5n4ri2guedi.cloudfront.net/card/2701/card_img/34110/2701card_1.png,https://www.card-gorilla.com/card/detail/2701,온라인 여행사: 서비스안내 | 온라인 여행사: 서비스 안내 | 생활: 서비스 안내 | 생활: 서비스 안내 | 공항라운지: 서비스 안내 | 해외: 서비스 안내 | 프리미엄 서비스: 서비스 안내
2473,MY RENTAL+ 롯데카드,롯데카드,신용,Mastercard,"국내전용[15,000]원 / 해외겸용[18,000]원",500000,"500,000원",렌탈: 30000원 | 주유: 5% | 충전소: 50%,"주유, 공과금/렌탈",false,,https://d1c5n4ri2guedi.cloudfront.net/card/2473/card_img/28413/2473card.png,https://www.card-gorilla.com/card/detail/2473,"렌탈: 롯데렌탈 월 대여료 5,000~30,000원 결제일 할인 | 주유: 모든 주유소(LPG 포함) 5% 및 전기차 충전 50% 결제일 할인 | 자동차: 카카오 대리운전 2,000원 결제일 할인"
1906,후불하이패스카드(비씨),NH농협카드,신용,UnionPay,"해외겸용 [2,000]원",0,없음,하이패스: 50%,"무실적, 자동차/하이패스",false,,https://d1c5n4ri2guedi.cloudfront.net/card/1906/card_img/22090/1906card.png,https://www.card-gorilla.com/card/detail/1906,자동차/하이패스: 후불하이패스카드 신청방법
156,Shopping Save카드,NH농협카드,신용,"VISA, Mastercard","국내전용 [6,000]원 / 해외겸용 [8,000]원",100000,"100,000원",쇼핑: 10% | 통신: 5% | 교통: 5%,"통신, 마트/편의점, 쇼핑, 카페/디저트",false,,https://d1c5n4ri2guedi.cloudfront.net/card/156/card_img/20380/156card.png,https://www.card-gorilla.com/card/detail/156,"쇼핑: 쇼핑서비스 대상 가맹점 NH포인트 적립(5~10%) | 통신: 이동통신요금 자동이체 시 NH포인트 적립(5%) | 대중교통: 대중교통(버스, 지하철) 이용시 NH포인트 적립(5%) | 은행사: 농협 인터넷&middot;모바일&middot;스마트&middot;텔레뱅킹 이체 수수료 면제 | 기타: 외화 환전 수수료 현장할인(30~50%)"
531,NH농협 올바른 하나로(Hanaro) 카드,NH농협카드,신용,Mastercard,"국내전용 [13,000]원 / 해외겸용[15,000]원",400000,"400,000원",모든가맹점: 5% | 생활: 3% | 병원/약국: 5%,"모든가맹점, 교통, 마트/편의점, 카페/디저트, 병원/약국, 교육/육아, 레저/스포츠, OTT/영화/문화, 공항라운지/PP",false,,https://d1c5n4ri2guedi.cloudfront.net/card/531/card_img/21221/531card.png,https://www.card-gorilla.com/card/detail/531,"모든가맹점: 농협판매장 이용금액의 5% NH포인트 적립 | 생활: 주요 생활편의업종 이용액의 3% NH포인트 적립 | 테마파크: 전국 주요 놀이공원 할인 | 병원/약국: 병원, 약국 5% 청구할인 | 공항라운지: 국제공항 라운지 무료이용 | 기타: 전자금융 수수료 면제"
507,쇼핑조아카드,NH농협카드,신용,"BC, Mastercard","국내전용 [13,000]원 / 해외겸용[15,000]원",400000,"400,000원",간편결제: 5% | 쇼핑: 5% | 모든가맹점: 0.5%,"모든가맹점, 쇼핑, 뷰티/피트니스, 간편결제",false,,https://d1c5n4ri2guedi.cloudfront.net/card/507/card_img/21196/507card.png,https://www.card-gorilla.com/card/detail/507,간편결제: 페이 결제 시 5% 할인 | 쇼핑: 온라인/오프라인 쇼핑 5% 할인 | 모든가맹점: 전 가맹점 0.5% 기본할인
501,이마트에브리데이 SSG카드,SSGPAY. CARD,신용,Mastercard,"국내전용[9,000원] / 해외겸용 [10,000]원",0,없음,모든가맹점: 1% | 간편결제: 1.5% | 무실적: 무제한,"모든가맹점, 마트/편의점, 쇼핑, 무실적",false,,https://d1c5n4ri2guedi.cloudfront.net/card/501/card_img/21190/501card.png,https://www.card-gorilla.com/card/detail/501,"모든가맹점: 카드 이용금액에 관계없이, 한도 제한없이 적립 SSGPAY 결제 시 1.5%, 그 외 결제 시 1.0% | 적립: 신세계백화점 및 이마트 등 신세계포인트 가맹점 이용 시 신세계포인트 적립"
469,Easy pick카드,KB국민카드,신용,"Mastercard, JCB","국내전용 [20,000]원 / 해외겸용 [20,000]원",500000,"500,000원",온라인쇼핑: 5% | 생활: 5% | 생활: 5%,"교통, 주유, 통신, 마트/편의점, 쇼핑, 푸드",false,,https://d1c5n4ri2guedi.cloudfront.net/card/469/card_img/21159/469card.png,https://www.card-gorilla.com/card/detail/469,"온라인쇼핑: 인터넷쇼핑몰: G 마켓, 옥션, 11번가 5% 포인트리 적립 | 배달앱: 배달앱: 배달의민족, 마켓컬리 5% 포인트리 적립 | 대형마트: 대형마트: 이마트, 롯데마트, 홈플러스 5% 포인트리 적립 | 주유: 주유소/충전소: 국내 SK, GS주유소(충전소 포함) 5% 포인트리 적립 | 대중교통: 대중교통: 버스/지하철, 택시 5% 포인트리 적립 | 통신: 이동통신: SKT, KT, LG U+ 이동통신요금 자동이체 5% 포인트리 적립 | APP: 인터넷 쇼핑몰 앱카드 결제: G마켓, 옥션, 11번가 앱카드 결제 이용금액 | 선택형: 소셜커머스: 쿠팡, 티몬, 위메프 5% 포인트리 적립"
526,NH농협 올바른LIFE카드(할인형),NH농협카드,신용,VISA,"해외겸용 [10,000]원",300000,"300,000원",온라인쇼핑: 3% | 카페: 5% | 통신: 2000원,"통신, 마트/편의점, 쇼핑, 카페/디저트, 병원/약국, 교육/육아, 레저/스포츠, OTT/영화/문화",false,,https://d1c5n4ri2guedi.cloudfront.net/card/526/card_img/21212/526card.png,https://www.card-gorilla.com/card/detail/526,"온라인쇼핑: 온라인쇼핑 3% 청구할인 | 대형마트: 대형마트 3% 청구할인 | 병원/약국: 병원, 약국 3% 청구할인 | 도서: 서점 3% 청구할인 | 카페/디저트: 커피, 제과점 5% 청구할인 | 영화: 영화 5% 청구할인 | 편의점: 편의점 5% 청구할인 | 통신: 이동통신요금 자동납부건 2천원 청구할인 | 테마파크: 전국 주요 놀이공원 할인"
122,모바일101카드,KB국민카드,신용,"VISA, Mastercard","해외겸용 [1,000]원",200000,"200,000원",삼성페이: 5% | 소셜커머스: 5% | 대중교통: 5%,"교통, 통신, 쇼핑, 간편결제",false,,https://d1c5n4ri2guedi.cloudfront.net/card/122/card_img/20354/122card.png,https://www.card-gorilla.com/card/detail/122,"간편결제: 삼성페이, Kmotion 오프라인 모바일결제 할인 서비스 | 소셜커머스: 3대 소셜커머스 할인 서비스 | 통신: 이동통신요금 자동이체 할인 서비스 | 대중교통: 티머니 후불교통 할인 서비스"
2717,디지로카 Auto,롯데카드,신용,"Mastercard, AMEX","국내전용 [30,000]원 / 해외겸용 [30,000]원",500000,"500,000원",주유: 150원 | 무이자할부: 무제한,주유,false,2024-06-14,https://d1c5n4ri2guedi.cloudfront.net/card/2717/card_img/35572/2717card.png,https://www.card-gorilla.com/card/detail/2717,주유: 주유 캐시백 혜택 | 무이자할부: 국내 가맹점 2~3개월 무이자할부
2367,현대백화점 해피포인트카드,현대백화점,신용,,국내전용 [없음],0,없음,쇼핑: 5% | 멤버십포인트: 5% | 쇼핑: 무제한,"쇼핑, 푸드, 무실적",false,,https://d1c5n4ri2guedi.cloudfront.net/card/2367/card_img/39671/2367card.png,https://www.card-gorilla.com/card/detail/2367,백화점: 현대백화점/아울렛 5% 할인 | 해피포인트: 해피포인트 가맹점 5% 적립 및 사용 | 백화점: 현대백화점 2시간 무료주차 | 기타: 3개월 무이자 할부
2630,에버랜드 판다카드(푸바오 에디션),KB국민카드,신용,UnionPay,"해외겸용 [12,000]원",300000,"300,000원",테마파크: 50% | 주유: 무제한 | 패밀리레스토랑: 20%,"주유, 푸드, 레저/스포츠",false,,https://d1c5n4ri2guedi.cloudfront.net/card/2630/card_img/31750/2630card.png,https://www.card-gorilla.com/card/detail/2630,"테마파크: 에버랜드 종일권(대인 동반 소인 1매) 50% 현장할인・캐리비안베이 종일권 30% 현장할인 | 테마파크: 직영 기념품 매장 20% 현장할인・정기권 10% 현장할인 | 주유: SK주유소 리터당 60원 청구할인 | 패밀리레스토랑: VIPS, 아웃백, TGIF 20% 청구할인 | 레저/스포츠: 스타포유㈜와 제휴된 전통고택, 글램핑, 카라반 우대 할인"
2545,zgm.play++카드,NH농협카드,신용,"VISA, Mastercard, UnionPay","국내전용 [63,000]원 / 해외겸용 [65,000]원",0,없음,영화: 5000원 | 카페: 30% | 프리미엄 서비스: 무제한,"교통, 통신, 마트/편의점, 쇼핑, 푸드, 카페/디저트, 뷰티/피트니스, 무실적, 교육/육아, 레저/스포츠, OTT/영화/문화",false,,https://d1c5n4ri2guedi.cloudfront.net/card/2545/card_img/29534/2545card.png,https://www.card-gorilla.com/card/detail/2545,"선택형: 인앱결제 10% 청구할인 | 선택형: 피트니스업종 10% 청구할인 | 영화: CGV, 롯데시네마, 메가박스 5천원 청구할인 | 카페: 스타벅스, 투썸플레이스, 커피빈 30% 청구할인 | 패스트푸드: 패스트푸드업종 20% 청구할인 | 생활: 미용실 5% 청구할인 | 생활: 쿠팡, 티몬 5% 청구할인 | 프리미엄 서비스: 소노호텔앤리조트 오션월드/오션플레이/오션어드벤처/솔샘온천/스노위랜드(겨울시즌) 2인 입장교환권 1매 제공 | 프리미엄 서비스: 전 세계 공항라운지 무료 이용(The lounge/ 더 라운지)"
2733,원더 Co brand(집업) 제휴 카드,하나카드,신용,"VISA, Mastercard, AMEX","국내전용 [19,900]원 / 해외겸용 [19,900]원",0,없음,배달앱: 4% | 쇼핑: 4% | 국내외가맹점: 0.8%,"교통, 마트/편의점, 쇼핑, 푸드, 무실적, 간편결제",false,,https://d1c5n4ri2guedi.cloudfront.net/card/2733/card_img/36437/2733card.png,https://www.card-gorilla.com/card/detail/2733,무이자할부: 2~3개월 무이자 할부 | 국내외가맹점: 전 가맹점 0.8% 청구할인 | 간편결제: 간편결제 1.2% 청구할인 | 배달앱: 딜리버리 4.0% 청구할인 | 쇼핑: 쿠팡 2.0% 청구할인 | 쇼핑: 오픈마켓 4.0% 청구할인 | 온라인쇼핑: 온라인식품&amp;쇼핑 4.0% 청구할인 | SSM: 슈퍼마켓 2.0% 청구할인 | 택시: 택시 4.0% 청구할인
2016,Jin Air - 롯데카드,롯데카드,신용,JCB,"국내전용 [5,000]원 / 해외겸용 [6,000]원",300000,"300,000원",항공권: 10% | 카페: 5%,"쇼핑, 푸드, 카페/디저트, 레저/스포츠, OTT/영화/문화, 항공마일리지, 해외",false,,https://d1c5n4ri2guedi.cloudfront.net/card/2016/card_img/21982/2016card.jpg,https://www.card-gorilla.com/card/detail/2016,"항공권: 진에어 항공권 10% 청구할인 (최대3만원) | 카페: 커피전문점 5% 청구할인 | 해외이용: 일본 | 테마파크: 롯데월드 본인 종합이용권 50% 현장할인 | 쇼핑: 롯데백화점 | 영화: 롯데시네마 관람료 1,500원 청구할인 | 푸드: T.G.I.FRiDAY&#39;S | 멤버십포인트: L.POINT"
2253,SOHO 다사로이카드,NH농협카드,신용,Mastercard,"국내전용 [12,000]원 / 해외겸용 [12,000]원",0,없음,비즈니스: 5% | 해외: 1.5% | 모든가맹점: 0.5%,"주유, 통신, 마트/편의점, 쇼핑, 무실적, 공과금/렌탈, 레저/스포츠, 해외, 비즈니스",false,,https://d1c5n4ri2guedi.cloudfront.net/card/2253/card_img/21003/2253card.png,https://www.card-gorilla.com/card/detail/2253,"공과금: 4대사회보험, 전기요금 5% 특별할인 | 국내외가맹점: 국내, 해외 이용가맹점 0.5% 기본할인 | 비즈니스: 주요 사업경비업종, 해외이용액 0.5%~1.0% 추가할인"
1673,S-OIL 삼성카드 & POINT,삼성카드,신용,Mastercard,"국내전용 [10,000]원 / 해외겸용 [12,000]원",0,없음,주유: 무제한 | 편의점: 3% | 영화: 3000원,"주유, 통신, 마트/편의점, 쇼핑, 푸드, 카페/디저트, 무실적, 병원/약국, 교육/육아, OTT/영화/문화, 해외",false,,https://d1c5n4ri2guedi.cloudfront.net/card/1673/card_img/28076/1673card.png,https://www.card-gorilla.com/card/detail/1673,주유: 서비스안내 | 적립: 서비스안내 | 베이커리: 서비스안내 | 영화: 서비스안내
1889,Toss taptap S,삼성카드,신용,Mastercard,"국내전용 [10,000]원 / 해외겸용 [10,000]원",500000,"500,000원",모든가맹점: 1% | 주유: 2000원 | OTT/영화/문화: 5000원,"모든가맹점, 주유, OTT/영화/문화",false,,https://d1c5n4ri2guedi.cloudfront.net/card/1889/card_img/28084/1889card.png,https://www.card-gorilla.com/card/detail/1889,"모든가맹점: 모든 가맹점 1% 빅포인트 적립 | 주유: 모든 주유소 및 LPG충전소에서 5만원 이상 결제 시 2,000원 결제일할인 | OTT/영화/문화: 모든 영화관에서 영화티켓 1만원 이상 현장 결제 시 5,000원 결제일할인"
1443,에버랜드 판다카드,KB국민카드,신용,"UnionPay, JCB","해외겸용 [12,000]원 / 해외겸용 [17,000]원",300000,"300,000원",테마파크: 50% | 테마파크: 10% | 테마파크: 30%,"푸드, 레저/스포츠",false,,https://d1c5n4ri2guedi.cloudfront.net/card/1443/card_img/20631/1443card.png,https://www.card-gorilla.com/card/detail/1443,"테마파크: 에버랜드 자유이용권(대인 동반 소인 1매) 50% 현장할인 | 할인: 에버랜드 직영 기념품 매장 20% 현장할인 | 패밀리레스토랑: VIPS, 아웃백, TGIF 20% 청구할인 | 레저/스포츠: 스타포유㈜와 제휴된 전통고택, 글램핑, 카라반 우대 할인"
1155,Easy shopping 카드,KB국민카드,신용,"Mastercard, JCB","국내전용 [15,000]원 / 해외겸용 [15,000]원",500000,"500,000원",쇼핑: 10% | 간편결제: 5% | 선택형: 5%,"마트/편의점, 쇼핑, 푸드, 공과금/렌탈",false,,https://d1c5n4ri2guedi.cloudfront.net/card/1155/card_img/21152/1155card.png,https://www.card-gorilla.com/card/detail/1155,"쇼핑: 온라인쇼핑몰, 대형마트, 소셜커머스, 백화점 10% 포인트리 적립 | 선택형: [선택서비스(택1)] | 간편결제: 온라인쇼핑몰에서 KB Pay 이용 시 5% 포인트리 적립"
2255,KB Pay 챌린지카드,KB국민카드,신용,"Mastercard, UnionPay","국내전용 [15,000]원 / 해외겸용 [15,000]원",0,없음,간편결제: 1000원 | 적립: 1000원,무실적,false,,https://d1c5n4ri2guedi.cloudfront.net/card/2255/card_img/21005/2255card.png,https://www.card-gorilla.com/card/detail/2255,적립: KB Pay 3회 이용하면 포인트리 1천점 적립 | 적립: 매 주 포인트리 1천점 적립 | 선택형: 디자인 선택가능
2236,신한카드 My TeenS,신한카드,신용,,"국내전용 [1,000]원",0,없음,마트/편의점: 6000원 | 마트/편의점: 무제한,"마트/편의점, 무실적",false,,https://d1c5n4ri2guedi.cloudfront.net/card/2236/card_img/20938/2236card.png,https://www.card-gorilla.com/card/detail/2236,편의점: GS25 행사상품 현장 즉시 할인 및 추가 증정 행사 | 편의점: 이용 금액 구간별 모바일 기프티콘 발송 | 선택형: 3가지 카드 디자인 중 선택 가능
2283,롯데렌터카 신차장 EV+ 우리카드,우리카드,신용,"BC, Mastercard","국내전용 [20,000]원 / 해외겸용 [20,000]원",500000,"500,000원",렌터카: 20000원 | 주유: 100원 | 충전소: 50%,"주유, 공과금/렌탈, 자동차/하이패스",false,,https://d1c5n4ri2guedi.cloudfront.net/card/2283/card_img/20683/2283card.png,https://www.card-gorilla.com/card/detail/2283,렌터카: 롯데렌터카 장기렌터카 대여료 자동납부 청구할인 최대 2만5천원 | 주유: 주유(LPG 충전)/전기차 충전 청구할인 | 기타: 주차장 5천원 이상 결제 건당 1천원 할인 | 하이패스: 후불 하이패스카드 이용금액 1천원 할인
2514,미래에셋 현대카드 Silver,현대카드,신용,VISA,"국내전용 [30,000원] / 해외겸용 [30,000원]",500000,"500,000원",기타: 2% | 기타: 1%,"마트/편의점, 쇼핑, 푸드, 카페/디저트, OTT/영화/문화",false,,https://d1c5n4ri2guedi.cloudfront.net/card/2514/card_img/28765/2514card.png,https://www.card-gorilla.com/card/detail/2514,멤버십포인트: 전월 이용 금액 50만원 이상 시 업종별 2% 적립 | 멤버십포인트: 전월 이용 금액 50만원 이상 시 업종별 1% 적립 | 기타: 미래에셋증권 서비스등급 혜택 | 선택형
2462,신세계 푸빌라 BC바로카드,BC 바로카드,신용,"VISA, Mastercard","국내전용 [10,000]원 / 해외겸용 [12,000]원",0,없음,모든가맹점: 0.7% | 해외: 1.7% | 백화점: 1.7%,"모든가맹점, 쇼핑, 무실적, 해외",false,,https://d1c5n4ri2guedi.cloudfront.net/card/2462/card_img/28126/2462card.png,https://www.card-gorilla.com/card/detail/2462,모든가맹점: 국내 가맹점 이용금액의 0.7% 청구 할인 | 쇼핑: 신세계백화점 이용금액의 1.7% 청구 할인 | 해외이용: 해외 가맹점 이용금액의 1.7% 청구 할인 | 기타: 신세계 아카데미 이용금액의 2.7% 청구 할인 | 무이자할부: 국내 모든 가맹점 2~3개월 상시 무이자할부 | 프리미엄 서비스: VISA / MasterCard Platinum 기본 서비스
2571,엠베스트 엘리하이 삼성카드,삼성카드,신용,VISA,"국내전용 [15,000원] / 해외겸용 [15,000원]",300000,"300,000원",교육/육아: 12000원 | 생활: 3000원,"통신, 교육/육아",false,2023-05-18,https://d1c5n4ri2guedi.cloudfront.net/card/2571/card_img/29953/2571card.png,https://www.card-gorilla.com/card/detail/2571,"학원: 메가스터디교육 7,000원~12,000원 할인 | 생활: 생활요금 정기결제 월 최대 3,000원 할인 | 선택형: 플레이트 2종 선택"
2747,신한카드 The Pet,신한카드,신용,Mastercard,"국내전용 [20,000]원 / 해외겸용 [23,000]원",400000,"400,000원",동물병원: 30% | 쇼핑: 30% | 온라인쇼핑: 10%,"쇼핑, 애완동물",false,2024-06-03,https://d1c5n4ri2guedi.cloudfront.net/card/2747/card_img/36835/2747card.png,https://www.card-gorilla.com/card/detail/2747,"동물병원: 전국 동물병원 30% 결제일 할인 | 쇼핑: 5개 펫 온라인 전용몰 30% 결제일 할인 | 온라인쇼핑: 일반 온라인 쇼핑몰 10% 결제일 할인 | 애완동물: 반려동물 등록 20% 결제일 할인 [연(1월~12월) 2회] | 할인: 동물병원, 펫 전용몰 할인한도 변경서비스"
2739,GOLD FOR LOTTE DEPARTMENT STORE,현대카드,신용,VISA,"국내전용 [150,000]원 / 해외겸용 [150,000]원",500000,"500,000원",적립: 1% | 백화점: 10% | 공항라운지/PP: 무제한,"모든가맹점, 쇼핑, 공항라운지/PP, 프리미엄",false,2024-07-25,https://d1c5n4ri2guedi.cloudfront.net/card/2739/card_img/36662/2739card_1.png,https://www.card-gorilla.com/card/detail/2739,"적립: [기본 혜택] 국내외 가맹점 1% M포인트 적립 | 적립: [추가 혜택] 롯데백화점, 롯데아울렛, 롯데몰, 롯데백화점몰(온라인) 10% M포인트 적립 (월 4만 M포인트 한도) | 적립: [연간 보너스] 롯데백화점, 롯데아울렛, 롯데몰, 롯데백화점몰(온라인) 10만 M포인트 적립 | 기타: M 긴급적립(선지급 포인트 서비스) | 공항: THE LOUNGE : 공항 라운지 무료 이용"
2744,EV 카드,KB국민카드,신용,Mastercard,"국내전용 [20,000]원 / 해외겸용 [20,000]원",400000,"400,000원",충전소: 20% | 자동차: 20% | 디지털구독: 20%,"주유, 공과금/렌탈, 자동차/하이패스, OTT/영화/문화",false,2024-08-08,https://d1c5n4ri2guedi.cloudfront.net/card/2744/card_img/36738/2744card.png,https://www.card-gorilla.com/card/detail/2744,"충전소: 전기/수소차 20% 청구할인 | 자동차: 주차, 세차 20% 청구할인 | 디지털구독: OTT 20% 청구할인 | 간편결제: KB Pay 오픈마켓 10% 청구할인 | 보험: 자동차보험 1만원 청구할인"
2859,KB 전통시장온누리카드,KB국민카드,신용,Mastercard,"국내전용 [20,000]원 / 해외겸용 [20,000]원",400000,"400,000원",전통시장: 10% | 할인: 10% | 쇼핑: 10%,마트/편의점,false,2025-06-30,https://d1c5n4ri2guedi.cloudfront.net/card/2859/card_img/43776/%EC%A0%84%ED%86%B5%EC%8B%9C%EC%9E%A5%EC%98%A8%EB%88%84%EB%A6%AC%EC%B9%B4%EB%93%9C.png,https://www.card-gorilla.com/card/detail/2859,전통시장: 전통시장가맹점 이용 5~10% 청구할인 | 할인: 온누리상품권 차감 이용 5~10% 환급할인 | 쇼핑: KB Pay 쇼핑 이용 5~10% 청구할인
781,IBK hi 카드,IBK기업은행,신용,"VISA, BC, Mastercard","국내전용 [2,000]원 / 해외겸용 [4,000]원",200000,"200,000원",대중교통: 300원 | 패밀리레스토랑: 10% | 주유소: 무제한,"교통, 주유, 통신, 푸드, 공과금/렌탈, 레저/스포츠, OTT/영화/문화",false,,https://d1c5n4ri2guedi.cloudfront.net/card/781/card_img/21761/781card.jpg,https://www.card-gorilla.com/card/detail/781,"대중교통: 지하철, 버스 등 최대 300원 할인 | 교통: 철도, 고속버스, 택시 5% 할인 | 통신: 휴대폰 이용대금의 3% 할인 | 주유: GS 주유소 리터당 40원 할인(LPG 포함) | 영화: 인터파크, 네이버영화 결제 시 2천원 할인 | 패밀리레스토랑: 아웃백, 빕스 10% 할인 | 금융: 당행 ATM 인출 수수료 월 10회 면제 1천만원 대중교통 상해보험 무료가입(선택 시 가입) | 테마파크: 주요 놀이공원 할인 (월간 통합할인한도와 별도로 제공)"
1184,Z:IN 인테리어 신한카드,신한카드,신용,Mastercard,"국내전용 [22,000]원 / 해외겸용 [25,000]원",0,없음,인테리어: 무제한 | 인테리어: 무제한,"쇼핑, 무실적",false,,https://d1c5n4ri2guedi.cloudfront.net/card/1184/card_img/21124/1184card.png,https://www.card-gorilla.com/card/detail/1184,인테리어: Z:IN 가맹 대리점에서 할부 이용 시 할부 수수료 혜택 | 캐시백: 캐시백 적용기준 유의사항
720,WON POINT(원 포인트) AIR,우리카드,신용,"VISA, Mastercard, BC","국내전용 [10,000]원 / 해외겸용 [10,000]원",300000,"300,000원",배달앱: 5% | 자동차: 5% | 온라인쇼핑: 3%,"모든가맹점, 교통, 주유, 통신, 마트/편의점, 쇼핑, 푸드, 카페/디저트, OTT/영화/문화, 해외",false,,https://d1c5n4ri2guedi.cloudfront.net/card/720/card_img/22194/720card.png,https://www.card-gorilla.com/card/detail/720,적립: 기본 적립 0.8% | 디지털구독: 넷플릭스 5% 적립 | 배달앱: 배달의민족 5% 적립 | 카페: 스타벅스 | 자동차: 전기차 충전 적립 5% | 생활: 일상 생활 적립 1% | 온라인쇼핑: 온라인쇼핑 적립 3%
505,적립조아카드,NH농협카드,신용,"VISA, BC","국내전용 [10,000]원 / 해외겸용[12,000]원",0,없음,적립: 1.2% | 해외이용: 1.5% | 기타: 무제한,"모든가맹점, 무실적, 해외",false,,https://d1c5n4ri2guedi.cloudfront.net/card/505/card_img/21194/505card.png,https://www.card-gorilla.com/card/detail/505,적립: 국내이용 시 0.5~1.2% TOP포인트 적립 | 해외이용: 해외이용 시 1~1.5% TOP포인트 적립 | 기타: 해외이용 시 감사포인트 적립(연 1회)
513,올바른 POINT UP+ 카드,NH농협카드,신용,"Mastercard, JCB","해외겸용 [23,000]원",400000,"400,000원",모든가맹점: 0.7% | 생활: 1.2% | 금융: 무제한,"교통, 통신, 마트/편의점, 카페/디저트, 뷰티/피트니스, OTT/영화/문화, 해외",false,,https://d1c5n4ri2guedi.cloudfront.net/card/513/card_img/21199/513card.png,https://www.card-gorilla.com/card/detail/513,모든가맹점: 기본적립 0.7% + 우대적립 0.1%~0.3% | 생활: 생활영역 0.7%~1.2% 추가 적립 | 금융: 전자금융 수수료 면제
2725,배민 한그릇카드,현대카드,신용,Mastercard,"국내전용 [10,000]원 / 해외겸용 [10,000]원",300000,"300,000원",배달앱: 3% | 적립: 2% | 국내외가맹점: 0.5%,"교통, 마트/편의점, 푸드, 카페/디저트",false,2024-05-13,https://d1c5n4ri2guedi.cloudfront.net/card/2725/card_img/36088/2725_1card.png,https://www.card-gorilla.com/card/detail/2725,배달앱: [기본 혜택] 전월 이용 금액 30만원 이상 시 국내외 가맹점 이용 금액 0.5% 배민포인트 적립 | 프리미엄 서비스: Mastercard Platinum 서비스
2726,배민 곱빼기카드,현대카드,신용,Mastercard,"국내전용 [30,000]원 / 해외겸용 [30,000]원",400000,"400,000원",배달앱: 5% | 적립: 3% | 국내외가맹점: 0.5%,"교통, 마트/편의점, 푸드, 카페/디저트",false,2024-05-13,https://d1c5n4ri2guedi.cloudfront.net/card/2726/card_img/36092/2725_3card.png,https://www.card-gorilla.com/card/detail/2726,배달앱: [기본 혜택] 전월 이용 금액 40만원 이상 시 국내외 가맹점 이용 금액 0.5% 배민포인트 적립 | 프리미엄 서비스: Mastercard Platinum 서비스
2457,캐롯손해보험 롯데카드,롯데카드,신용,"Mastercard, AMEX","국내전용 [20,000]원 / 해외겸용 [20,000]원",300000,"300,000원",보험사: 15000원,공과금/렌탈,false,,https://d1c5n4ri2guedi.cloudfront.net/card/2457/card_img/28042/2457card.png,https://www.card-gorilla.com/card/detail/2457,보험사: 캐롯손해보험료 결제일 할인 | 멤버십포인트: L.POINT 안내
2270,하나은행 밀리언달러 카드,롯데카드,신용,VISA,"국내전용 [15,000]원 / 해외겸용 [15,000]원",0,없음,해외: 무제한 | 해외: 5% | 디지털구독: 50%,"모든가맹점, 쇼핑, 푸드, 무실적, OTT/영화/문화, 해외",false,,https://d1c5n4ri2guedi.cloudfront.net/card/2270/card_img/20696/2270card.png,https://www.card-gorilla.com/card/detail/2270,"은행사: 국내에서는 원화로, 해외에서는 달러(USD)로 | 해외: 수수료 면제, 추가 캐시백 혜택 | 할인: 실적 조건 없이 0.5%, 특정가맹점 최대 50% 결제일 할인"
789,이마트 e카드 Edition2,현대카드,신용,Mastercard,"국내전용 [20,000]원 / 해외겸용 [20,000]원",0,없음,마트/편의점: 5% | 생활: 5% | 모든가맹점: 0.5%,"교통, 통신, 마트/편의점, 쇼핑, 카페/디저트, 무실적",false,,https://d1c5n4ri2guedi.cloudfront.net/card/789/card_img/21753/789card.png,https://www.card-gorilla.com/card/detail/789,마트/편의점: 이마트 7대 가맹점 및 생활편의영역 결제 시 0.1~5% 적립 | 생활: 이마트 7대 가맹점 및 생활편의영역 결제 시 0.1~5% 적립 | 모든가맹점: 그 외 가맹점 결제 시 0.1~0.5% 적립
834,국민행복카드 신용카드,iM뱅크,신용,BC,국내전용 [없음],200000,"200,000원",병원: 5% | 교육/육아: 5% | 카페: 20%,"교통, 통신, 쇼핑, 푸드, 카페/디저트, 병원/약국, 교육/육아, 레저/스포츠",false,,https://d1c5n4ri2guedi.cloudfront.net/card/834/card_img/21708/834card.gif,https://www.card-gorilla.com/card/detail/834,국민행복: 국민행복카드란? | 병원/약국: 의료 | 교육/육아: 육아/교육 | 적립: 기본적립 | 생활: 교통카드
747,Liiv M Ⅱ 카드,KB국민카드,신용,"Mastercard, JCB","국내전용 [15,000]원 / 해외겸용 [15,000]원",300000,"300,000원",통신: 10000원,모든가맹점,false,,https://d1c5n4ri2guedi.cloudfront.net/card/747/card_img/22221/747card.png,https://www.card-gorilla.com/card/detail/747,통신: Liiv M 통신료 자동이체 최대 1만 7천원 할인
2872,GS ALL 신한카드,신한카드,신용,VISA,"국내전용 [15,000]원 / 해외겸용 [18,000]원",0,없음,마트/편의점: 10% | 간편결제: 2% | 국내외가맹점: 0.1%,"모든가맹점, 마트/편의점, 무실적",false,2025-03-21,https://d1c5n4ri2guedi.cloudfront.net/card/2872/card_img/43923/2872card.png,https://www.card-gorilla.com/card/detail/2872,SSM: GS리테일에서 결제 시 GS ALL 포인트 최대 10% 특별 적립 | 간편결제: GS Pay 결제 시 GS ALL 포인트 2% 추가 적립 | 국내외가맹점: 그 외 국내외 가맹점 이용 시 GS ALL 포인트 0.1% 기본 적립
2825,우리 기후동행카드(신용),우리카드,신용,BC,"국내전용 [12,000]원",200000,"200,000원",할인: 0.8%,교통,false,2025-02-12,https://d1c5n4ri2guedi.cloudfront.net/card/2825/card_img/39935/2825card.png,https://www.card-gorilla.com/card/detail/2825,할인: 국내 가맹점 0.8% 할인 | 대중교통: 후불 기후동행카드란?
243,Mile 1.6 아시아나,하나카드,신용,AMEX,"해외겸용 [45,000]원",0,없음,항공마일리지: 500원 | 항공마일리지: 500원 | OTT/영화/문화: 4000원,"모든가맹점, 카페/디저트, 무실적, OTT/영화/문화, 항공마일리지, 해외",false,,https://d1c5n4ri2guedi.cloudfront.net/card/243/card_img/20470/243card.png,https://www.card-gorilla.com/card/detail/243,"항공마일리지: HANA Mile 적립 | 카페: 스타벅스 4,000원 청구할인 (월 1회, 연 12회 제공) | 영화: CGV, 롯데시네마 4,000원 청구할인(월 1회, 연 12회 제공)"
434,SSG카드,SSGPAY. CARD,신용,Mastercard,"국내전용 [9,000]원 / 해외겸용 [10,000]원",0,없음,무실적: 1.5% | 멤버십포인트: 1%,"모든가맹점, 무실적",false,,https://d1c5n4ri2guedi.cloudfront.net/card/434/card_img/20933/434card.png,https://www.card-gorilla.com/card/detail/434,"적립: 실적 관계없이, 한도 제한없이 전 가맹점 1~1.5% 적립/청구할인 | 선택형: 네이비, 오렌지, 화이트 중 원하는 카드 색상 선택"
140,S-OIL LPG KB국민카드,KB국민카드,신용,"VISA, Mastercard","국내전용 [5,000]원 / 해외겸용 [10,000]원",300000,"300,000원",충전소: 1800원 | 정비: 무제한 | 영화: 3500원,"주유, 푸드, 자동차/하이패스, OTT/영화/문화",false,,https://d1c5n4ri2guedi.cloudfront.net/card/140/card_img/20368/140card.png,https://www.card-gorilla.com/card/detail/140,"충전소: S -OIL 충전소에서 건당 3만원 이상 충전 시 1,800원 정액 청구할인 | 정비: 엔진오일 무료 교환 현장할인 서비스 (연1회 무료) | 패밀리레스토랑: 3대 패밀리레스토랑(아웃백,VIPS,TGIF) 이용 시 10% 청구할인 | 영화: 맥스무비 1매당 3,500원 할인(본인회원 한정) | 무이자할부: 백화점 및 할인점 이용시 2~3개월 무이자 할부"
530,LCC UniMile카드,NH농협카드,신용,UnionPay,"해외겸용 [25,000]원",300000,"300,000원",저가항공: 3% | 모든가맹점: 1.4% | 공항라운지: 무제한,"교통, 통신, 항공마일리지, 공항라운지/PP",false,,https://d1c5n4ri2guedi.cloudfront.net/card/530/card_img/21219/530card.png,https://www.card-gorilla.com/card/detail/530,저가항공: 저비용항공사(LCC) 3% UniMile 적립 | 모든가맹점: 국내&middot;외 가맹점 이용 시 0.7~1.4% UniMile 적립 | 공항라운지: 국내&middot;외 공항라운지 무료 이용(더 라운지 멤버스) | 프리미엄 서비스: UnionPay 위탁수하물 서비스 | 생활: 생활 할인 서비스
537,신한카드 Deep Once Plus,신한카드,신용,Mastercard,"국내전용 [27,000]원 / 해외겸용 [30,000]원",400000,"400,000원",렌탈: 7000원 | 생활: 6000원 | 적립: 8000원,"마트/편의점, 카페/디저트, 공과금/렌탈, OTT/영화/문화, 해외",false,,https://d1c5n4ri2guedi.cloudfront.net/card/537/card_img/21236/537card.png,https://www.card-gorilla.com/card/detail/537,"렌탈: 10개 렌탈사 자동이체 이용 시 마이신한포인트 적립 | 공과금: 7개 생활월납 자동이체 이용 시 마이신한포인트 적립 | 기타: 7개 디지털 구독 서비스 정기결제 이용 시 마이신한 포인트 적립 | 생활: 커피, 편의점, 해외 이용시 마이신한포인트 적립"
62,글로벌쇼핑 삼성카드 5 V2,삼성카드,신용,Mastercard,"해외겸용 [18,000]원",0,없음,해외: 2% | 수수료우대: 1% | 해외직구: 무제한,"마트/편의점, 쇼핑, 카페/디저트, 무실적, 교육/육아, 레저/스포츠, OTT/영화/문화, 해외",false,,https://d1c5n4ri2guedi.cloudfront.net/card/62/card_img/28103/62card.png,https://www.card-gorilla.com/card/detail/62,"해외: 전월 이용금액에 관계없이, 적립한도 없이 해외 직구 및 해외 이용금액 빅포인트 적립 | 수수료우대: 해외 직구 및 해외 이용 시 국제브랜드수수료(1%) 면제 | 해외직구: 아이포터 해외 직구 배송비 US$20 할인쿠폰 제공 (연 1회) | 적립: 전월 이용금액에 관계없이, 적립한도 없이 백화점, 할인점, 온라인 쇼핑몰, 홈쇼핑, 병원, 약국 1% 빅포인트 적립 | 도서: 서점, 학습지, 문화센터 등 5% 결제일할인(청구할인) | 카페/디저트: 커피전문점, 파리바게뜨, 배스킨라빈스, 던킨도너츠 10% 결제일할인(청구할인) | 영화: 전국 CGV 영화티켓 5,000원 이상 결제 시 3,000원 할인 | 테마파크: 놀이공원 50%&middot;워터파크 30% 할인 | 테마파크: 어린이 직업체험 테마파크 할인"
708,쏘카카드,현대카드,신용,VISA,"국내전용 [10,000]원 / 해외겸용 [10,000]원",300000,"300,000원",렌터카: 3% | 대중교통: 3% | 모든가맹점: 3%,"모든가맹점, 교통, 쇼핑, 푸드, 카페/디저트, OTT/영화/문화, 여행/숙박",false,,https://d1c5n4ri2guedi.cloudfront.net/card/708/card_img/22182/708card.png,https://www.card-gorilla.com/card/detail/708,"렌터카: 쏘카 앱 이용 시 최대 3% 크레딧 적립 | 적립: 특별가맹점 최대 3% 크레딧 적립 | 적립: 쏘카 앱, 특별가맹점 외 가맹점 1% 적립"
2230,LOCA 100 Life,롯데카드,신용,"Mastercard, AMEX","국내전용 [20,000]원 / 해외겸용 [20,000]원",750000,"750,000원",생활: 5% | 보험: 30000원,"주유, 통신, 공과금/렌탈, 병원/약국",false,,https://d1c5n4ri2guedi.cloudfront.net/card/2230/card_img/21351/2230card.png,https://www.card-gorilla.com/card/detail/2230,생활: 생활업종 5% 결제일 할인 | 보험: 자동차보험료 3만원 결제일 할인 | 무이자할부: 국내가맹점 2~3개월 무이자 할부
2023,NH올원 Rental&코웨이카드,NH농협카드,신용,Mastercard,"국내전용 [10,000]원 / 해외겸용 [12,000]원",0,없음,쇼핑: 30000원 | 테마파크: 50%,"무실적, 공과금/렌탈, 레저/스포츠",false,,https://d1c5n4ri2guedi.cloudfront.net/card/2023/card_img/21975/2023card.png,https://www.card-gorilla.com/card/detail/2023,렌탈: 매월 코웨이 렌탈료 1~3만원 청구할인 | 테마파크: 전국 주요 놀이공원 할인
1595,신협-신한카드 Love Platinum#,신협,신용,Mastercard,"해외겸용 [50,000]원",0,없음,쇼핑: 5% | 주유: 무제한 | 영화: 7000원,"주유, 마트/편의점, 쇼핑, 푸드, 카페/디저트, 무실적, 레저/스포츠, OTT/영화/문화",false,,https://d1c5n4ri2guedi.cloudfront.net/card/1595/card_img/22621/1595card.png,https://www.card-gorilla.com/card/detail/1595,"쇼핑: 전국 유명 백화점, 할인점, 온라인 쇼핑몰 5% 할인 | 주유소: 주유 할인 서비스 | 푸드: 유명 패밀리 레스토랑, 커피숍 최대 30% 할인 | 영화: 전국 Multiplex 및 On-line영화 예매 시 7천원 할인 | 생활: LG전자(하이프라자, LG전자 전문점) 5% 할인 | 적립: 포인트 적립 서비스 | 테마파크: 에버랜드, 롯데월드, 서울랜드 자유이용권 50% 할인 | 경기관람: 스포츠할인 | 프리미엄: 1일 무료주차"
2476,NU AUTO 우리카드,우리카드,신용,"BC, Mastercard","국내전용 [20,000]원 / 해외겸용 [20,000]원",500000,"500,000원",자동차: 11000원 | 주유: 8000원 | 자동차: 1000원,"주유, 자동차/하이패스",false,,https://d1c5n4ri2guedi.cloudfront.net/card/2476/card_img/28410/2476card.png,https://www.card-gorilla.com/card/detail/2476,자동차: 우리카드 자동차할부 이용고객 월 납부금 청구할인 | 주유: 주유(LPG 충전)/전기차 충전 청구할인 | 기타: 주차장 5천원 이상 결제 건당 1천원 할인 | 하이패스: 후불 하이패스카드 이용금액 1천원 할인
2671,원더 K리그 축덕카드,하나카드,신용,Mastercard,"국내전용 [19,900]원 / 해외겸용 [19,900]원",0,없음,국내외가맹점: 0.8% | 간편결제: 1.2% | 쇼핑: 2%,"모든가맹점, 교통, 쇼핑, 푸드, 무실적, 간편결제",false,2024-03-06,https://d1c5n4ri2guedi.cloudfront.net/card/2671/card_img/32541/2671card.png,https://www.card-gorilla.com/card/detail/2671,국내외가맹점: 전가맹점 0.8% 할인 | 간편결제: 간편결제 1.2% 할인 | 쇼핑: 쿠팡&amp;슈퍼마켓 2% 할인 | 배달앱: 딜리버리 4% 할인 | 온라인쇼핑: 온라인식품&amp;쇼핑 4% 할인 | 온라인쇼핑: 오픈마켓 4% 할인 | 택시: 택시 4% 할인 | 무이자할부: 2~3개월 무이자할부
2382,신세계 BC 바로 리워드 플러스,BC 바로카드,신용,"Mastercard, BC","국내전용 [10,000]원 / 해외겸용 [10,000]원",300000,"300,000원",모든가맹점: 1.5% | 적립: 30% | 무이자할부: 무제한,"모든가맹점, 교통, 주유, 통신, 마트/편의점, 쇼핑, 푸드, 교육/육아, OTT/영화/문화, 프리미엄, 해외",false,,https://d1c5n4ri2guedi.cloudfront.net/card/2382/card_img/25484/2382card.png,https://www.card-gorilla.com/card/detail/2382,모든가맹점: 페이북머니 최대 1.5% 기본 적립 | 적립: 페이북머니 최대 30% 특별 적립 | 무이자할부: 국내 전 가맹점 2~3개월 무이자 할부 | 제휴/PLCC: 신세계백화점 제휴 서비스 제공 | 프리미엄 서비스: VISA Platinum 서비스 제공
2302,T우주 신한카드,신한카드,신용,Mastercard,"국내전용 [15,000]원 / 해외겸용 [18,000]원",0,없음,디지털구독: 9900원 | 쇼핑: 5% | 생활: 10%,"마트/편의점, 쇼핑, 푸드, 카페/디저트, 뷰티/피트니스, 무실적, OTT/영화/문화, 해외",false,,https://d1c5n4ri2guedi.cloudfront.net/card/2302/card_img/23140/2302card.png,https://www.card-gorilla.com/card/detail/2302,"디지털구독: [우주패스 all] 상품 가입 및 구독료 정기결제 시 9,900원 캐시백 | 생활: [특별가맹점 이용 시 T플러스포인트 적립]"
1383,반려愛카드(강아지),KB국민카드,신용,"Mastercard, JCB","해외겸용 [8,000]원",300000,"300,000원",애완동물: 10% | 편의점: 5% | 온라인쇼핑: 5%,"마트/편의점, 쇼핑, 애완동물",false,,https://d1c5n4ri2guedi.cloudfront.net/card/1383/card_img/20760/1383card.png,https://www.card-gorilla.com/card/detail/1383,애완동물: 반려동물 업종 10% 할인 | 대형마트: 이마트 &middot; 롯데마트 &middot; 홈플러스 5%청구할인 | 온라인쇼핑: G마켓 &middot; 옥션 &middot; 인터파크 &middot; 11번가 5%청구할인
1172,하나로마트 하나카드,하나카드,신용,"VISA, JCB","해외겸용 [15,000]원",300000,"300,000원",마트/편의점: 10% | 베이커리: 5% | 통신: 5%,"통신, 마트/편의점, 카페/디저트, 교육/육아",false,,https://d1c5n4ri2guedi.cloudfront.net/card/1172/card_img/21136/1172card.png,https://www.card-gorilla.com/card/detail/1172,"대형마트: 하나로마트 대상점 이용 시 이용금액 10% 청구 할인 | 베이커리: 베이커리 이용 시 이용금액 5% 청구 할인 | 카페: KEB 하나은행 결제계좌 이용고객 월 1회 커피 청구 할인 | 통신: 통신 자동이체 이용 시, 이용금액의 5% 청구 할인 | 학원: 학원 업종 이용 시, 이용금액의 5% 청구 할인"
949,1st카드 (캐시백형),광주은행,신용,"VISA, Mastercard","국내전용 [8,000]원  해외겸용 [10,000]원",0,없음,모든가맹점: 0.5% | 선택형: 1.2% | 영화: 3000원,"모든가맹점, 교통, 주유, 통신, 마트/편의점, 쇼핑, 푸드, 카페/디저트, 뷰티/피트니스, 무실적, 공과금/렌탈, 병원/약국, 교육/육아, 레저/스포츠, OTT/영화/문화",false,,https://d1c5n4ri2guedi.cloudfront.net/card/949/card_img/21594/949card.png,https://www.card-gorilla.com/card/detail/949,모든가맹점: 전 가맹점 이용액 0.5% 캐시백 | 영화: 전국 영화관 건당 8천원 이상 이용시 3천원 캐시백 | 기타: 당행 자동화기기 출금 수수료 면제 | 선택형: 고객께서 원하시는 2가지 업종 선택 가능(추가연회비 미청구) | 선택형: 자유롭게 업종 선택 가능(혜택별 추가연회비 3천원)
2196,Kia Members 전기차 신용카드,현대카드,신용,"VISA, Mastercard","국내 [30,000]원 / 해외겸용 [30,000]원",500000,"500,000원",적립: 1.5% | 적립: 0.5% | 자동차: 70%,"모든가맹점, 공과금/렌탈, 자동차/하이패스",false,,https://d1c5n4ri2guedi.cloudfront.net/card/2196/card_img/21810/2196card.png,https://www.card-gorilla.com/card/detail/2196,적립: ※ 당월 이용금액 50만원 이상 시 | 자동차: ※ 전기차 충전 시 당월 이용금액에 따라 30~70% 할인 | 제휴/PLCC: ※ Kia Members 멤버십 서비스 | 멤버십포인트: ※ 일상생활 속 다양한 가맹점에서 이용금액 일부를 M포인트로 사용
182,SolSol++(쏠쏠투플러스)카드,NH농협카드,신용,"Mastercard, UnionPay","해외겸용 [50,000]원",300000,"300,000원",생활: 12% | 카페/디저트: 10% | 프리미엄: 무제한,"교통, 주유, 통신, 마트/편의점, 쇼핑, 푸드, 카페/디저트, 뷰티/피트니스, 애완동물, OTT/영화/문화",false,,https://d1c5n4ri2guedi.cloudfront.net/card/182/card_img/20399/182card.png,https://www.card-gorilla.com/card/detail/182,생활: 주요 12대 생활업종 3~12% 청구할인 | 여행/숙박: 인천공항 캡슐호텔 3시간 무료 제공 (연 1회) | 바우처: 카드발급 신청시 택1 및 발급 후 변경불가
480,카카오 T 하나카드,하나카드,신용,"BC, Mastercard","국내전용 [20,000]원 / 해외겸용 [22,000]원",300000,"300,000원",APP: 2000원 | 주유소: 무제한 | 기차: 5%,"교통, 주유, OTT/영화/문화",false,,https://d1c5n4ri2guedi.cloudfront.net/card/480/card_img/21170/480card.png,https://www.card-gorilla.com/card/detail/480,APP: 카카오 T 청구할인 | 주유소: 주유 청구할인 | 기차: 철도 청구할인 | 영화: 영화 청구할인
136,가온 워킹업카드,KB국민카드,신용,Mastercard,"해외겸용 [15,000]원",0,없음,모든가맹점: 0.7% | 병원/약국: 2.3% | 해외: 3%,"모든가맹점, 뷰티/피트니스, 무실적, 병원/약국, 레저/스포츠, 해외",false,,https://d1c5n4ri2guedi.cloudfront.net/card/136/card_img/20364/136card.png,https://www.card-gorilla.com/card/detail/136,모든가맹점: 국내 전 가맹점 0.7% 포인트리 적립 | 해외: 해외이용금액 3% 할인 캐시백
148,삼성페이 KB국민카드,KB국민카드,신용,Mastercard,"해외겸용 [15,000]원",400000,"400,000원",삼성페이: 10% | 생활: 5%,"통신, 마트/편의점, 푸드, 카페/디저트, 병원/약국, OTT/영화/문화, 간편결제",false,,https://d1c5n4ri2guedi.cloudfront.net/card/148/card_img/20374/148card.png,https://www.card-gorilla.com/card/detail/148,삼성페이: 삼성 페이 10% 할인서비스 | 생활: 주요 생활영역 5% 할인서비스
74,All For Me카드,우리카드,신용,"VISA, Mastercard, UnionPay","해외겸용 [10,000]원",300000,"300,000원",생활: 5% | OTT/영화/문화: 3000원 | 카페/디저트: 20%,"교통, 통신, 마트/편의점, 쇼핑, 푸드, 카페/디저트, 병원/약국, 애완동물, 레저/스포츠, OTT/영화/문화",false,,https://d1c5n4ri2guedi.cloudfront.net/card/74/card_img/20156/74card.png,https://www.card-gorilla.com/card/detail/74,"생활: 주요 7대 업종 중 매월 가장 많이 이용한 업종 순서로 10~5% 청구할인 | 영화: 전국 영화관 3,000원 청구할인 | 카페: 스타벅스, 이디야, 폴바셋 20% 할인 | 테마파크: 롯데월드, 에버랜드, 서울랜드, 이월드(대구), 경주월드, 통도환타지아 | 패스트푸드: 치킨/피자 10% 청구할인"
564,위 레아카드(포인트),NH농협카드,신용,"Mastercard, UnionPay","해외겸용 [295,000]원 | [300,000]원",500000,"500,000원",적립: 2% | 기타: 2% | 바우처: 200000원,"모든가맹점, 쇼핑, 공항라운지/PP, 프리미엄, 여행/숙박",false,,https://d1c5n4ri2guedi.cloudfront.net/card/564/card_img/21271/564card.png,https://www.card-gorilla.com/card/detail/564,"적립: 기본 적립 : 국내 1%, 해외 2% 적립 | 바우처: 프리미엄 바우처 서비스(매년 1회, 택 1) | 적립: 보너스 포인트 적립 (매년 1회) | 공항라운지: 전세계 공항 라운지 무료 이용 | 프리미엄: UNIONPAY DIAMOND PREMIUM SERVICES"
948,여행스케치 아시아나클럽 플래티늄카드,광주은행,신용,Mastercard,"국내전용 [45,000]원  해외겸용 [48,000]원",0,없음,아시아나항공: 무제한 | 공항라운지: 무제한 | 수수료우대: 50%,"무실적, 항공마일리지, 공항라운지/PP",false,,https://d1c5n4ri2guedi.cloudfront.net/card/948/card_img/21595/948card.png,https://www.card-gorilla.com/card/detail/948,"아시아나항공: 기본적립 | 공항라운지: 해외겸용(MasterCard)의 경우, 국내 공항라운지 무료이용 서비스 등 MasterCard Platinum 등급의 국제 브랜드 서비스가 제공됩니다. | 수수료우대: 환율 50% 우대 | 수수료우대: 해외ATM 인출수수료 면제"
2256,KB Pay 챌린지+카드,KB국민카드,신용,"Mastercard, UnionPay","국내전용 [30,000]원 / 해외겸용 [30,000]원",0,없음,간편결제: 1000원 | 적립: 1000원 | 적립: 4000원,무실적,false,,https://d1c5n4ri2guedi.cloudfront.net/card/2256/card_img/21006/2256card.png,https://www.card-gorilla.com/card/detail/2256,적립: KB Pay 3회 이용하면 포인트리 1천점 적립 | 적립: 매 주 포인트리 1천점 적립 | 적립: 이용 리워드 4천점 적립 | 선택형: 디자인 선택가능
2279,신세계 아울렛 BENEFIT 삼성카드,삼성카드,신용,Mastercard,"국내전용 [20,000]원 / 해외겸용 [20,000]원",400000,"400,000원",아울렛: 10% | 마트/편의점: 7% | 배달앱: 10%,"마트/편의점, 쇼핑, 푸드, 카페/디저트, 간편결제, 해외",false,,https://d1c5n4ri2guedi.cloudfront.net/card/2279/card_img/28094/2279card.png,https://www.card-gorilla.com/card/detail/2279,"아울렛: 신세계사이먼 프리미엄 아울렛 10% 결제일할인 | 마트/편의점: 할인점&middot;슈퍼마켓&middot;편의점 7% 결제일할인 | 카페/디저트: 커피전문점&middot;제과점 10% 결제일할인 | 배달앱: 배달앱 10% 결제일할인 | 간편결제: 전월 이용금액에 관계없이, 할인한도 없이 온라인 간편결제 1% 결제일할인 | 해외: 전월 이용금액에 관계없이 해외 1.5% 결제일할인 | 기타: 신세계백화점 제휴 서비스"
631,[NH농협] 그린카드v2,NH농협카드,신용,"Mastercard, UnionPay, JCB","국내전용 [10,000]원 / 해외겸용 [12,000]원",200000,"200,000원",모든가맹점: 1% | 온라인쇼핑: 5% | 대중교통: 20%,"모든가맹점, 교통, 통신, 쇼핑, 카페/디저트, 공과금/렌탈, OTT/영화/문화",false,,https://d1c5n4ri2guedi.cloudfront.net/card/631/card_img/21397/631card6.png,https://www.card-gorilla.com/card/detail/631,"모든가맹점: 국내 전 가맹점 0.2%~1.0% 에코머니 포인트적립 | 온라인쇼핑: 온라인 업종 5% 에코머니 포인트적립 | 생활: 생활요금 자동이체 5% 에코머니 포인트 적립 | 대중교통: 버스, 지하철 10% ~20% 에코머니 포인트 적립 | 교통: KTX, 고속버스 5% 에코머니 포인트 적립 | 영화: 온라인 영화 예매 2천원 청구할인 | 카페: 커피 10% 청구할인 | 기타: 녹색제품 에코머니 포인트 적립 | 기타: 에코머니 포인트"
2795,올라운드카드,KB국민카드,신용,"Mastercard, JCB","해외겸용 [15,000]원",0,없음,적립: 0.8% | 선택형: 무제한,"모든가맹점, 주유, 마트/편의점, 무실적, 병원/약국",false,,https://d1c5n4ri2guedi.cloudfront.net/card/2795/card_img/39322/2795card.png,https://www.card-gorilla.com/card/detail/2795,모든가맹점: 국내 및 해외 전 가맹점 0.8% 적립 | 선택형: 택1 전 주요소 리터당 100원 청구할인(충전소 포함)
2763,CU Npay 카드,신한카드,신용,Mastercard,"국내전용 [16,000]원 / 해외겸용 [19,000]원",400000,"400,000원",편의점: 20% | 적립: 5% | 편의점: 무제한,"마트/편의점, 간편결제",false,2024-07-31,https://d1c5n4ri2guedi.cloudfront.net/card/2763/card_img/37874/2763card.png,https://www.card-gorilla.com/card/detail/2763,편의점: CU 편의점 최대 20% 현장할인 | 적립: CU 편의점 외 최대 5% 네이버페이 포인트 적립 | 편의점: CU 멤버십 등급에 따른 멤버십 혜택 제공
2792,현대카드 Boutique - Satin,현대카드,신용,"VISA, AMEX","국내전용 [80,000]원 / 해외겸용 [80,000]원",500000,"500,000원",적립: 1.5% | 적립: 5% | 바우처: 50000원,"모든가맹점, 교통, 쇼핑, 카페/디저트, 뷰티/피트니스, 공항라운지/PP",false,2025-01-06,https://d1c5n4ri2guedi.cloudfront.net/card/2792/card_img/40425/2792card_2.png,https://www.card-gorilla.com/card/detail/2792,"바우처: [연간 보너스] 호텔, 여행, 다이닝 영역에서 사용 또는 M포인트로 교환 가능한 5만원 크레딧 제공(연 1회) | 적립: [기본 혜택] 국내외 가맹점 1.5% M포인트 적립 | 적립: [추가 혜택] 온라인몰, 드럭스토어, 커피전문점, 대중교통 5% M포인트 적립 | 프리미엄 서비스: M 긴급적립(선지급 포인트 서비스)"
2947,넥슨 현대카드 Edition2 마비노기 모바일팩,현대카드,신용,"Mastercard, AMEX","국내전용 [20,000]원 / 해외겸용 [20,000]원",300000,"300,000원",적립: 100원 | 적립: 500원,"마트/편의점, 쇼핑, 푸드, 레저/스포츠, 간편결제",false,2025-11-25,https://d1c5n4ri2guedi.cloudfront.net/card/2947/card_img/48193/2947card_2.png,https://www.card-gorilla.com/card/detail/2947,적립: 마비노기 모바일팩 100원당 1 넥슨 현대카드 M캐시 적립 | 적립: 넥슨 현대카드 M캐시 추가 적립 | 프리미엄: 메탈 플레이트 제공
544,카드의정석 APT Platinum,우리카드,신용,"Mastercard, BC","국내전용 [29,000]원 / 해외겸용 [29,000]원",400000,"400,000원",공과금: 10000원 | 학원: 10% | 공항라운지: 무제한,"공과금/렌탈, 교육/육아, OTT/영화/문화, 공항라운지/PP",false,,https://d1c5n4ri2guedi.cloudfront.net/card/544/card_img/21249/544card.png,https://www.card-gorilla.com/card/detail/544,공과금: 아파트관리비(공공 임대료) 5천~15천원 청구할인 | 학원: 학원 10% 청구할인 | 기타: 유튜브 프리미엄 정기권 30% 청구할인 | 프리미엄 서비스: [플래티넘 서비스]
451,CLUB Primus Point 카드,하나카드,신용,"VISA, Mastercard","해외겸용 [100,000]원",0,없음,모든가맹점: 1% | 레저/스포츠: 5% | 바우처: 무제한,"주유, 쇼핑, 무실적, 레저/스포츠, 항공마일리지, 공항라운지/PP, 프리미엄, 해외",false,,https://d1c5n4ri2guedi.cloudfront.net/card/451/card_img/20965/451card.png,https://www.card-gorilla.com/card/detail/451,모든가맹점: 하나 OK 캐쉬백 포인트 기본적립 서비스 | 면세점: 면세점/백화점 이용금액 하나 OK 캐쉬백 포인트 특별적립 서비스 | 해외이용: 해외 이용금액 하나 OK 캐쉬백 포인트 특별적립 서비스 | 레저/스포츠: 골프장/골프연습장 업종 이용금액 하나 OK 캐쉬백 포인트 특별적립 서비스 | 주유소: SK 주유소 이용금액 리터당 60포인트 적립 | 바우처: Free Package 서비스 | 프리미엄 서비스: 프리머스카드 공통서비스
489,Easy fly 티타늄카드,KB국민카드,신용,"Mastercard, UnionPay","국내전용 [35,000]원 / 해외겸용 [35,000]원",500000,"500,000원",저가항공: 5% | 해외이용: 3% | 면세점: 5%,"교통, 카페/디저트, OTT/영화/문화, 항공마일리지, 여행/숙박, 해외",false,,https://d1c5n4ri2guedi.cloudfront.net/card/489/card_img/21179/489card.png,https://www.card-gorilla.com/card/detail/489,여행/숙박: 저비용항공사(LCC) 할인 서비스 | 할인: 국내&middot;외 가맹점 0.5% 청구할인 | 생활: 영화 1만원 이상 결제 시 3천원 청구할인(월 1회) | 프리미엄: Easy fly 티타늄 서비스
2491,신한카드 플리(산리오캐릭터즈),신한카드,신용,Mastercard,"국내전용 [15,000원] / 해외겸용 [18,000원]",0,없음,할인: 0.9% | 해외: 0.5% | 기타: 무제한,"모든가맹점, 무실적, 해외",false,,https://d1c5n4ri2guedi.cloudfront.net/card/2491/card_img/28473/2491card.png,https://www.card-gorilla.com/card/detail/2491,"모든가맹점: 국내 이용금액 최대 0.9% 결제일 할인 | 기타: 매주 1회 국내 이용 할인 쿠폰 제공 | 적립: My Pick 가맹점 월 3, 6, 9번째 이용 건에 대해 마이신한포인트 1,000원 적립 | 선택형"
652,올바른 OIL&PASS,NH농협카드,신용,Mastercard,"국내전용 [13,000]원 / 해외겸용 [15,000]원",400000,"400,000원",주유: 5% | 교통: 7% | 카페: 2000원,"교통, 주유, 통신, 마트/편의점, 쇼핑, 푸드, 카페/디저트, 뷰티/피트니스, 자동차/하이패스, 여행/숙박",false,,https://d1c5n4ri2guedi.cloudfront.net/card/652/card_img/21415/652card.png,https://www.card-gorilla.com/card/detail/652,"선택형: 팩(PACK) 2종 중 1종 선택 | 선택형: [Best OIL 팩] | 선택형: [Smart PASS 팩] | 카페: 커피전문점 2,000원 청구할인(월 2회) | 편의점: 편의점 1,000원 청구할인(월 2회)"
1993,롯데백화점 AVENUEL 카드,롯데카드,신용,Mastercard,"국내전용 [50,000]원 / 해외겸용 [50,000]원",500000,"500,000원",공항라운지: 무제한 | 멤버십포인트: 0.5% | 기타: 무제한,"모든가맹점, 레저/스포츠, 공항라운지/PP, 프리미엄, 여행/숙박",false,,https://d1c5n4ri2guedi.cloudfront.net/card/1993/card_img/22005/1993card.png,https://www.card-gorilla.com/card/detail/1993,멤버십포인트: 국내외 가맹점 L.POINT 0.5% 적립 | 프리미엄: [Priority Pass Card 제공] | 프리미엄: HOTEL
852,SmileCard Edition2,현대카드,신용,VISA,"국내전용 [10,000]원 / 해외겸용 [10,000]원",0,없음,기타: 2% | 해외: 2% | 모든가맹점: 1%,"무실적, 해외",false,,https://d1c5n4ri2guedi.cloudfront.net/card/852/card_img/21690/852card.png,https://www.card-gorilla.com/card/detail/852,모든가맹점: 스마일페이 가맹점에서스마일페이로 결제 및 해외 가맹점 이용 시 2% 스마일캐시 적립 | 무이자할부: - 모든 가맹점은 현대카드 가맹점 등록 기준
627,LOCA PLATINUM 마일리지형,롯데카드,신용,Mastercard,"국내전용 [100,000]원 / 해외겸용 [100,000]원",0,없음,항공마일리지: 500원 | 프리미엄 서비스: 무제한 | 바우처: 50000원,"모든가맹점, 무실적, 항공마일리지, 프리미엄, 여행/숙박",false,,https://d1c5n4ri2guedi.cloudfront.net/card/627/card_img/29022/627card.png,https://www.card-gorilla.com/card/detail/627,대한항공: SKYPASS 마일리지 적립 | 기타: 특급호텔 F&amp;B 5만원 이용권 | 프리미엄 서비스: Master Platinum 서비스(Master 플래티넘 카드 발급 시 제공)
1433,후불 하이패스카드,BNK부산은행,신용,BC,"국내전용 [2,000]원",0,없음,하이패스: 무제한,"무실적, 자동차/하이패스",false,,https://d1c5n4ri2guedi.cloudfront.net/card/1433/card_img/20641/1433card.png,https://www.card-gorilla.com/card/detail/1433,하이패스: 이용방법 | 하이패스: 출퇴근 시간대 통행료 자동 할인 (토/일/공휴일제외)
1468,제주항공 Refresh Point KB국민카드,KB국민카드,신용,JCB,"해외겸용 [20,000]원",0,없음,제주항공: 1200원 | 공항라운지: 무제한,"무실적, 항공마일리지, 공항라운지/PP",false,,https://d1c5n4ri2guedi.cloudfront.net/card/1468/card_img/20546/1468card.png,https://www.card-gorilla.com/card/detail/1468,"적립: 일시불, 할부 이용금액 1,200원당 10Point 적립 | 공항라운지: 공항라운지 연 2회 무료 이용"
1558,탄탄대로 웰컴카드,KB국민카드,신용,"Mastercard, UnionPay","해외겸용 [15,000]원",300000,"300,000원",대형마트: 10% | 쇼핑: 5% | 생활: 5%,"교통, 통신, 마트/편의점, 쇼핑, 해외",false,,https://d1c5n4ri2guedi.cloudfront.net/card/1558/card_img/22676/1558card.png,https://www.card-gorilla.com/card/detail/1558,"쇼핑: [Shopping Life] 3대 대형마트 / 3대 백화점 10% 청구할인 | 교통: [Daily Life] 대중교통(버스, 지하철), 택시 5% 청구할인 | 통신: [Daily Life] | 기타: [Fun Life]"
2818,iM K-패스 카드,iM뱅크,신용,"Mastercard, BC","국내전용 [5,000]원 / 해외겸용 [5,000]원",300000,"300,000원",교통: 10% | 배달앱: 5% | 통신: 5%,"교통, 통신, 마트/편의점, 푸드, 카페/디저트, 뷰티/피트니스, OTT/영화/문화",false,,https://d1c5n4ri2guedi.cloudfront.net/card/2818/card_img/39841/2818card.png,https://www.card-gorilla.com/card/detail/2818,대중교통: 대중교통 요금 10% 할인 | 배달앱: 배달앱 5% 할인 | 통신: 이동통신 5% 할인 | 생활: 커피&middot;생활용품&middot;편의점 5% 할인 | 영화: 영화 5% 할인 | 디지털구독: OTT 5% 할인
2368,현대백화점 현대오일뱅크카드,현대백화점,신용,,국내전용 [없음],0,없음,쇼핑: 5% | 주유: 무제한 | 기타: 무제한,"주유, 쇼핑, 무실적",false,,https://d1c5n4ri2guedi.cloudfront.net/card/2368/card_img/39672/2368card.png,https://www.card-gorilla.com/card/detail/2368,백화점: 현대백화점/아울렛 5% 할인 | 주유소: 현대오일뱅크 주유시 X2배 포인트 적립 | 백화점: 현대백화점 2시간 무료주차 | 기타: 3개월 무이자 할부
2350,부자되세요 덤카드,BC 바로카드,신용,Mastercard,"국내전용 [10,000원] / 해외겸용 [12,000원]",0,없음,모든가맹점: 0.8% | 생활: 0.5% | 무실적: 5000원,"모든가맹점, 마트/편의점, 쇼핑, 푸드, 카페/디저트, 무실적, OTT/영화/문화",false,,https://d1c5n4ri2guedi.cloudfront.net/card/2350/card_img/24714/2350card.png,https://www.card-gorilla.com/card/detail/2350,모든가맹점: 국내외 가맹점 0.8% 청구할인 | 생활: 생활 편의 업종 이용 시 0.5% 추가 청구할인 | 기타: 국내 가맹점 3개월 이상 유이자 할부 또는 결제 금액 10만원 이상 사용 시 0.2% 추가 청구할인 | 무실적: 실적 조건 없이 매월 최대 5천원 할인
1593,신협-신한카드 RPM+Platinum#,신협,신용,"VISA, UnionPay","해외겸용 [32,000]원",500000,"500,000원",주유소: 150원 | 충전소: 무제한 | 모든가맹점: 2%,"교통, 주유, 마트/편의점, 쇼핑, 자동차/하이패스",false,,https://d1c5n4ri2guedi.cloudfront.net/card/1593/card_img/22624/1593card.png,https://www.card-gorilla.com/card/detail/1593,"주유: 모든 주유소 리터당 40~150포인트/충전소 리터당 10~50포인트 적립 | 쇼핑: 특별적립 | 마트/편의점: 롯데마트/이마트/홈플러스/토이저러스 1~5% 적립 | 택시: 택시 1~5% 적립 | 정비: 전국 차량 정비소, 타이어 샵 1~5% 적립 | 모든가맹점: 국내/외 모든 가맹점 0.2~2.0% 적립 | 프리미엄: 1일 무료주차"
1856,카드의정석 하이마트,우리카드,신용,"BC, Mastercard","국내전용 [13,000]원 / 해외겸용 [18,000]원",300000,"300,000원",쇼핑: 20000원 | 영화: 3000원 | 카페/디저트: 20%,"푸드, 카페/디저트, OTT/영화/문화",false,,https://d1c5n4ri2guedi.cloudfront.net/card/1856/card_img/22149/1856card.png,https://www.card-gorilla.com/card/detail/1856,쇼핑: 하이마트 상품 및 서비스 구매 시 슬림할부 제공 | 생활: 부가서비스
629,[IBK] 그린카드v2,IBK기업은행,신용,"VISA, UnionPay","해외겸용 [10,000]원",200000,"200,000원",모든가맹점: 1% | 대중교통: 20% | 온라인쇼핑: 5%,"모든가맹점, 교통, 통신, 쇼핑, 카페/디저트, 공과금/렌탈, OTT/영화/문화",false,,https://d1c5n4ri2guedi.cloudfront.net/card/629/card_img/21395/629card.png,https://www.card-gorilla.com/card/detail/629,"적립: 국내 가맹점 0.2%~1.0% 에코머니 포인트적립 | 온라인쇼핑: 온라인 업종 5% 에코머니 포인트적립 | 생활: 생활요금 자동이체 5% 에코머니 포인트 적립 | 대중교통: 버스, 지하철 10% ~20% 에코머니 포인트 적립 | 교통: KTX, 고속버스 5% 에코머니 포인트 적립 | 영화: 온라인 영화예매(CGV, 롯데시네마 온라인 홈페이지 및 App 예매 시 제공) 2,000원 청구 할인 | 카페: 커피(스타벅스, 투썸플레이스, 카페베네, 할리스커피) 10% 청구 할인 | 기타: 녹색제품 에코머니 포인트 적립"
1315,골든라이프올림카드,KB국민카드,신용,VISA,"국내전용 [15,000]원 / 해외겸용 [20,000]원",300000,"300,000원",할인: 5% | 생활: 10% | 기타: 10000원,"교통, 주유, 통신, 마트/편의점, 쇼핑, 푸드, 병원/약국, 애완동물, 레저/스포츠, 여행/숙박, 해외",false,,https://d1c5n4ri2guedi.cloudfront.net/card/1315/card_img/20866/1315card.png,https://www.card-gorilla.com/card/detail/1315,"선택형: 골든라이프올림카드 선택서비스 (Golden Choice) | 적립: 골프/건강관리/여행/쇼핑/대중교통/이동통신 1~2% 적립 | 할인: 골든라이프서비스, 반려동물 관련업종, 음식업종 5~10% 청구 할인 | 해외: 해외 이용금액 2% 할인 캐시백 | 기타: 연간 리워드 1만점 적립 | 기타: KB Good Touch 기능"
18,신한카드 Shopping,신한카드,신용,VISA,"해외겸용 [20,000]원",500000,"500,000원",쇼핑: 10% | 생활: 10% | 해외: 5%,"주유, 마트/편의점, 쇼핑, 푸드, 카페/디저트, 뷰티/피트니스, 교육/육아, 해외",false,,https://d1c5n4ri2guedi.cloudfront.net/card/18/card_img/20100/18card.png,https://www.card-gorilla.com/card/detail/18,"쇼핑: [쇼핑 할인] 오프라인 쇼핑(백화점, 프리미엄 아울렛, 마트, 창고형 할인매장) 10% 할인 | 생활: [생활 할인] | 해외: 해외이용금액 5% 캐시백 | 푸드: 맛있는 제휴 10% 할인서비스"
2911,해피메이트 IBK카드(신용),IBK기업은행,신용,VISA,"국내전용 [20,000]원 / 해외겸용 [22,000]원",400000,"400,000원",국내외가맹점: 1% | 카페/디저트: 10% | 해피포인트: 10%,"모든가맹점, 쇼핑, 푸드, 카페/디저트, 해외",false,2025-10-28,https://d1c5n4ri2guedi.cloudfront.net/card/2911/card_img/44959/2911card.png,https://www.card-gorilla.com/card/detail/2911,"국내외가맹점: 국내외 가맹점 1% 해피포인트 적립 | 카페/디저트: 파리바게뜨, 배스킨라빈스, 던킨 10% 해피포인트 적립 | 해피포인트: 해피포인트 앱 내 해피오더, 마켓, 선물하기 10% 해피포인트 적립 | 온라인쇼핑: 쿠팡, 11번가 2% 해피포인트 적립"
2955,삼성라이온즈카드,삼성카드,신용,Mastercard,"국내전용 [20,000]원 / 해외겸용 [20,000]원",300000,"300,000원",할인: 50% | 할인: 10% | 할인: 50%,"교통, 마트/편의점, 쇼핑, 푸드, 카페/디저트, 레저/스포츠, OTT/영화/문화, 여행/숙박",false,2025-04-28,https://d1c5n4ri2guedi.cloudfront.net/card/2955/card_img/47579/2955card_1.png,https://www.card-gorilla.com/card/detail/2955,할인: 삼성라이온즈 홈경기 입장권/팀스토어 50% 결제일할인 | 할인: 대구삼성라이온즈파크 식음매장 10% 결제일할인 | 디지털구독: 삼성라이온즈 홈경기 입장권/팀스토어 50% 결제일할인 | 할인: 커피전문점/편의점 10% 결제일할인 | 교통: 대중교통/택시 10% 결제일할인 | 기차: 철도 5% 결제일할인 | 할인: 온라인쇼핑몰/배달앱 5% 결제일할인 | 여행사: 여행플랫폼 5% 결제일할인 | 프리미엄 서비스: 특수 소재 카드 신청 가능
2960,이마트 신한카드,신한카드,신용,Mastercard,"국내전용 [18,000]원 / 해외겸용 [21,000]원",400000,"400,000원",할인: 15% | 국내외가맹점: 0.5%,"모든가맹점, 마트/편의점, 쇼핑, 카페/디저트",false,2025-07-25,https://d1c5n4ri2guedi.cloudfront.net/card/2960/card_img/47764/2960card.png,https://www.card-gorilla.com/card/detail/2960,할인: 이마트 계열대상 가맹점 | 국내외가맹점: (이마트 계열 가맹점을 제외한) 국내외 가맹점 이용 시 0.5% 마이신한포인트 적립
636,올바른 NEW HAVE+카드,NH농협카드,신용,Mastercard,"국내전용 [23,000]원 / 해외겸용 [25,000]원",0,없음,모든가맹점: 0.7% | 적립: 무제한 | 적립: 무제한,"모든가맹점, 교통, 통신, 마트/편의점, 쇼핑, 푸드, 카페/디저트, 뷰티/피트니스, 무실적, OTT/영화/문화, 프리미엄, 해외",false,,https://d1c5n4ri2guedi.cloudfront.net/card/636/card_img/21402/636card.png,https://www.card-gorilla.com/card/detail/636,적립: 국내/외 이용가맹점 0.7% NH포인트 적립 | 적립: 6개 영역 중 당월(1일~말일) 이용금액 1위/2위 영역은 기본적립의 5배/3배 자동적용 | 금융: 농협 인터넷&middot;모바일&middot;스마트&middot;텔레뱅킹 이체수수료 통합 월 10회 | 프리미엄 서비스: 브랜드서비스 제공
2429,삼프로TV 하나카드,하나카드,신용,VISA,"국내전용 [15,000]원 / 해외겸용 [15,000]원",300000,"300,000원",할인: 30000원 | 간편결제: 1% | 할인: 0.7%,"모든가맹점, 교통, 주유, 마트/편의점, 쇼핑, 교육/육아, OTT/영화/문화, 간편결제, 해외",false,,https://d1c5n4ri2guedi.cloudfront.net/card/2429/card_img/27228/2429card.png,https://www.card-gorilla.com/card/detail/2429,할인: 특화서비스 청구할인 | 간편결제: 간편결제 청구할인 | 할인: 국내/외 가맹점 청구할인
2398,신세계 더 마일리지 삼성카드 (스카이패스),삼성카드,신용,Mastercard,"국내전용 [45,000]원 / 해외겸용 [45,000]원",500000,"500,000원",모든가맹점: 무제한 | 쇼핑: 무제한 | 백화점: 무제한,"모든가맹점, 쇼핑, 항공마일리지, 프리미엄, 해외",false,,https://d1c5n4ri2guedi.cloudfront.net/card/2398/card_img/28099/2398card.png,https://www.card-gorilla.com/card/detail/2398,모든가맹점: 국내외 가맹점 스카이패스 1마일리지 적립 | 쇼핑: 신세계백화점&middot;신세계면세점 스카이패스 1마일리지 추가적립 | 백화점: 신세계백화점 제휴 서비스 | 면세점: 신세계면세점 멤버십 우대 서비스 | 프리미엄 서비스: Mastercard PLATINUM 등급 서비스
2484,kt SUPER+ 카드,BC 바로카드,신용,VISA,"국내전용 [15,000]원 / 해외겸용 [17,000]원",500000,"500,000원",KT: 25000원 | 주유소: 1%,"주유, 통신",false,,https://d1c5n4ri2guedi.cloudfront.net/card/2484/card_img/28403/2484card.png,https://www.card-gorilla.com/card/detail/2484,"KT: kt 통신요금 청구할인. 전월실적 별 월 최대 25,000원 할인 | 주유소: SK 주유소 1% 청구할인 | 프리미엄 서비스: VISA Young Premium 서비스"
35,GS칼텍스 신한카드 Shine,신한카드,신용,"VISA, Mastercard","해외겸용 [7,000]원",200000,"200,000원",주유: 100원 | 교통: 7% | 영화: 1500원,"교통, 주유, 레저/스포츠, OTT/영화/문화",false,,https://d1c5n4ri2guedi.cloudfront.net/card/35/card_img/20117/35card.png,https://www.card-gorilla.com/card/detail/35,"주유: 서비스 제공 기준 | 교통: 버스, 지하철 : 전국 당사 후불교통카드 서비스 지역에서 할인 적용 | 영화: 맥스무비 영화 할인 | 테마파크: 주요 놀이공원 할인 서비스"
191,T라이트카드,NH농협카드,신용,"VISA, JCB","해외겸용 [10,000]원",400000,"400,000원",통신: 17000원 | 카페/디저트: 1000원 | 레저/스포츠: 50%,"통신, 카페/디저트, 레저/스포츠, OTT/영화/문화",false,,https://d1c5n4ri2guedi.cloudfront.net/card/191/card_img/20411/191card.png,https://www.card-gorilla.com/card/detail/191,SKT: T라이트할부 서비스 | 카페/디저트: 커피 1천원 청구할인 | 테마파크: 전국 주요 놀이공원 무료입장 또는 할인
263,참! 좋은 kt wiz 카드(신용),IBK기업은행,신용,"VISA, UnionPay","해외겸용 [2,000]원",0,없음,모든가맹점: 0.4% | 경기관람: 무제한 | 생활: 20%,"주유, 마트/편의점, 쇼핑, 푸드, 카페/디저트, 무실적, 레저/스포츠, OTT/영화/문화",false,,https://d1c5n4ri2guedi.cloudfront.net/card/263/card_img/47620/263card.png,https://www.card-gorilla.com/card/detail/263,"모든가맹점: TOP포인트 적립 서비스 | 주유소: 전 주유소 리터당 60원 할인 | 대형마트: 이마트, 홈플러스, 롯데마트, 농협하나로클럽 5% 할인 | 영화: [친구 서비스] 전국 영화관 8,000원 할인 | 소셜커머스: [친구 서비스] 소셜커머스 20% 할인 | 카페: [친구 서비스] 주요 커피전문점 20% 할인 | 패밀리레스토랑: [친구 서비스] 외식 업종 20% 할인 | 테마파크: 주요 놀이공원 무료입장 또는 입장료/자유이용권 할인 | 경기관람: kt wiz 입장권 할인"
188,올바른OIL카드,NH농협카드,신용,UnionPay,"해외겸용 [15,000]원",300000,"300,000원",주유: 150원 | 자동차/하이패스: 무제한 | 카페/디저트: 10%,"교통, 주유, 마트/편의점, 카페/디저트, 자동차/하이패스",false,,https://d1c5n4ri2guedi.cloudfront.net/card/188/card_img/20406/188card.png,https://www.card-gorilla.com/card/detail/188,"주유: GS칼텍스, 농협주유소 리터당 100원~150원 청구할인 (LPG충전소 포함) | 정비: 오토오아시스 차량 경정비 현장할인 | 생활: 커피(스타벅스/이디야) 10% NH포인트 적립"
527,NH농협 올바른LIFE카드(적립형),NH농협카드,신용,VISA,"해외겸용 [10,000]원",0,없음,무실적: 0.5% | 생활: 0.5% | 해외: 0.5%,"모든가맹점, 교통, 주유, 마트/편의점, 카페/디저트, 무실적, 교육/육아, OTT/영화/문화, 해외",false,,https://d1c5n4ri2guedi.cloudfront.net/card/527/card_img/21214/527card.png,https://www.card-gorilla.com/card/detail/527,"무실적: 국내&middot;외 이용가맹점 0.5% 기본적립 | 기타: 생활업종 | 멤버십포인트: 연간 이용실적 1,000만원 이상 시 1만 NH포인트 제공"
2978,카드의정석2 SHOPPER,우리카드,신용,"VISA, Mastercard","국내전용 [28,000]원 / 해외겸용 [28,000]원",500000,"500,000원",쇼핑: 10% | 할인: 5% | 온라인쇼핑: 50%,"쇼핑, 푸드, 해외",false,2026-04-15,https://d1c5n4ri2guedi.cloudfront.net/card/2978/card_img/48340/2978card.png,https://www.card-gorilla.com/card/detail/2978,쇼핑: 온라인 쇼핑 | 쇼핑: 주중 온라인 쇼핑 5% 추가 청구할인 | 온라인쇼핑: 온라인 쇼핑 멤버십 50% 청구할인
2634,디지로카 Monaco,롯데카드,신용,Mastercard,"국내전용 [125,000]원 / 해외겸용 [125,000]원",0,없음,모든가맹점: 1% | 쇼핑: 5% | 할인: 50%,"모든가맹점, 통신, 쇼핑, 푸드, 무실적, OTT/영화/문화, 프리미엄",false,2023-11-01,https://d1c5n4ri2guedi.cloudfront.net/card/2634/card_img/31799/2634card.png,https://www.card-gorilla.com/card/detail/2634,"국내외가맹점: 어디서나 1% 결제일 할인 | 온라인쇼핑: 온라인 쇼핑 최대 5% 결제일 할인 | 배달앱: 배달의 민족, 쿠팡이츠, 요기요 5% 결제일 할인 | 통신: SKT, KT, LG U+ 5% 결제일 할인 | 디지털구독: 넷플릭스, 유튜브프리미엄, 왓챠, 멜론, 지니뮤직 50% 결제일 할인 | 프리미엄: SPECIAL GIFT 혜택 | 프리미엄 서비스: Master Platinum Service"
2516,미래에셋 현대카드 Diamond,현대카드,신용,VISA,"국내전용 [500,000원] / 해외겸용 [500,000원]",500000,"500,000원",멤버십포인트: 5% | 바우처: 300000원 | 공항라운지: 무제한,"쇼핑, 레저/스포츠, 항공마일리지, 공항라운지/PP, 프리미엄, 여행/숙박, 해외",false,,https://d1c5n4ri2guedi.cloudfront.net/card/2516/card_img/28768/2516card.png,https://www.card-gorilla.com/card/detail/2516,멤버십포인트: 전월 이용 금액 50만원 이상 시 업종별 5% 적립 | 멤버십포인트: 전월 이용 금액 50만원 이상 시 업종별 3% 적립 | 멤버십포인트: 전월 이용 금액 50만원 이상 시 업종별 1% 적립 | 기타: 미래에셋증권 서비스등급 혜택 | 바우처: 투자/쇼핑/호텔/골프 바우처 중 택3 에서 30만원 상당 바우처 제공 (연 1회) | 프리미엄 서비스: 연간 20만 스탁마일리지 스페셜 적립 서비스 | 프리미엄 서비스: VISA Infinite 서비스 | 선택형: 미래에셋 Metal 플레이트 유의사항
546,다둥이 행복카드,우리카드,신용,VISA,해외겸용 [없음],0,없음,대중교통: 10% | 모든가맹점: 0.9% | 쇼핑: 10%,"교통, 주유, 마트/편의점, 쇼핑, 푸드, 카페/디저트, 무실적, 교육/육아, 자동차/하이패스, 레저/스포츠, OTT/영화/문화",false,,https://d1c5n4ri2guedi.cloudfront.net/card/546/card_img/21252/546card.png,https://www.card-gorilla.com/card/detail/546,"대중교통: 대중교통요금 청구 할인 서비스 | 적립: 모아포인트 최고 0.9% 적립 | 주유소: GS칼텍스 리터당 50원 할인, 3자녀인 경우 60원 할인, 4자녀 이상인 경우 70원 청구할인(LPG충전액 제외) | 패밀리레스토랑: 아웃백스테이크하우스, TGIF, 우노 20% 현장 할인 | OTT/영화/문화: 영화서비스 | 쇼핑: 유아 출산 유명의류 10% 할인 | 생활: 무료 긴급출동 및 차량점검(24종) 서비스"
514,올바른 BAZIC 카드,NH농협카드,신용,"Mastercard, JCB","해외겸용 [14,000]원",400000,"400,000원",모든가맹점: 1.2% | 해외: 1% | 공항라운지/PP: 무제한,"공항라운지/PP, 해외",false,,https://d1c5n4ri2guedi.cloudfront.net/card/514/card_img/30933/514card.png,https://www.card-gorilla.com/card/detail/514,모든가맹점: 국내이용가맹점 0.7% 청구할인 | 해외: 해외이용가맹점(해외사이트 포함) 1.0% 청구할인 | 공항라운지/PP: 국제공항 라운지 무료이용
141,KB국민 펫코노미 카드,KB국민카드,신용,Mastercard,"국내전용 [30,000]원 / 해외겸용 [30,000]원",300000,"300,000원",애완동물: 30% | 마트/편의점: 5% | 애완동물: 무제한,"마트/편의점, 애완동물",false,,https://d1c5n4ri2guedi.cloudfront.net/card/141/card_img/20369/141card.png,https://www.card-gorilla.com/card/detail/141,"애완동물: 동물병원, 애완동물 업종 30% 청구할인 | 대형마트: - 인터넷쇼핑몰/슈퍼(이마트 에브리데이, 홈플러스 익스프레스, 롯데슈퍼, 롯데마켓999) 이용금액, 상품권 구매 및 건물 내 임대매장 이용금액은 할인 제외 | 애완동물: - 보상하는 손해 : 급격하고 우연한 외래의 사고로 인해 발생한 반려견의 상해 치료비"
616,다이소 삼성카드,삼성카드,신용,VISA,"국내전용 [8,000]원 / 해외겸용 [8,000]원",0,없음,생활: 4000원 | 배달앱: 2000원 | 할인: 1%,"마트/편의점, 쇼핑, 푸드, 카페/디저트, 무실적, 병원/약국, 애완동물",false,,https://d1c5n4ri2guedi.cloudfront.net/card/616/card_img/28061/616card.png,https://www.card-gorilla.com/card/detail/616,"멤버십포인트: 다이소 0.5% 멤버십 포인트 적립 | 생활: 다이소 2,000원 ~ 4,000원 결제일할인 | 카페: 커피전문점 2,000원 결제일할인 | 배달앱: 배달앱 2,000원 결제일할인 | 할인: 다이소몰 1% 결제일할인 | 기타: 할인점.온라인쇼핑몰.편의점.의료 1% 결제일할인"
2288,모두의 신세계 하나카드,하나카드,신용,VISA,"국내전용 [12,000]원 / 해외겸용 [12,000]원",400000,"400,000원",백화점: 5% | 간편결제: 5% | 카페/디저트: 20%,"모든가맹점, 교통, 쇼핑, 카페/디저트, 레저/스포츠, 간편결제",false,,https://d1c5n4ri2guedi.cloudfront.net/card/2288/card_img/22720/2288card.png,https://www.card-gorilla.com/card/detail/2288,"쇼핑: 신세계백화점, 신세계 아카데미, 시코르닷컴 5% 할인 | 간편결제: SSG페이, 하나원큐페이, 카카오페이에 카드를 등록하여 결제하는 건 5% 할인 | 카페/디저트: 커피/제과/택시 20% 할인(1만원 이상 결제 건) | 테마파크: 놀이공원/워터파크 30% 할인 | 레저/스포츠: 프로야구/프로축구 30% 할인"
2837,WE:SH All+ 카드,KB국민카드,신용,Mastercard,"국내전용 [55,000]원 / 해외겸용 [55,000]원",400000,"400,000원",할인: 1% | 해외: 2% | 할인: 50%,"통신, OTT/영화/문화, 해외",false,2025-03-31,https://d1c5n4ri2guedi.cloudfront.net/card/2837/card_img/41505/2837card.png,https://www.card-gorilla.com/card/detail/2837,"할인: 국내 가맹점 1% 할인 | 해외: 해외 가맹점 2% 할인 | 할인: 쇼핑 멤버십 50%, OTT 10%, 이동통신 5% 할인(자동납부 할인) | 적립: 분기 보너스 적립 (연 최대 4만점)"
2875,삼성 iD CARE 카드,삼성카드,신용,Mastercard,"국내전용 [20,000]원 / 해외겸용 [20,000]원",300000,"300,000원",할인: 9000원 | 공과금: 5% | 병원/약국: 5%,"통신, 공과금/렌탈, 병원/약국, 애완동물, 자동차/하이패스",false,2022-06-17,https://d1c5n4ri2guedi.cloudfront.net/card/2875/card_img/43985/2875card_1.png,https://www.card-gorilla.com/card/detail/2875,"할인: 전월 이용금액에 따라 3,000원 ~ 9,000원 할인 | 보험사: 보험료 건별 40만원 이상 결제 시 10,000원 결제일할인 | 공과금: 아파트 관리비&middot;4대 사회보험 5% 결제일할인 | 통신: 이동통신 5% 결제일할인 | 병원/약국: 의료 5% 결제일할인 | 정비: 엔진오일(오일필터&middot;에어클리너 포함) 교환 시"
2870,넥센타이어 신한카드,신한카드,신용,VISA,"국내전용 [15,000]원 / 해외겸용 [18,000]원",300000,"300,000원",렌터카: 20000원,"공과금/렌탈, 여행/숙박",false,2025-07-01,https://d1c5n4ri2guedi.cloudfront.net/card/2870/card_img/43920/2870card.png,https://www.card-gorilla.com/card/detail/2870,렌터카: 넥센타이어 렌탈(넥스트 레벨) 요금 자동납부 결제일 할인
2771,기후동행 삼성카드,삼성카드,신용,Mastercard,"국내전용 [7,000]원 / 해외겸용 [7,000]원",400000,"400,000원",할인: 10% | 생활: 7% | 디지털구독: 30%,"교통, 통신, 쇼핑, 푸드, 카페/디저트, 뷰티/피트니스, OTT/영화/문화, 해외",false,2024-11-14,https://d1c5n4ri2guedi.cloudfront.net/card/2771/card_img/38066/2771card_1.png,https://www.card-gorilla.com/card/detail/2771,"카페: 커피전문점/편의점 10% 결제일할인 | 통신: 이동통신요금 정기결제 시 5%/7% 결제일할인 | 생활: 배달앱/온라인쇼핑몰/헬스&amp;뷰티/생활잡화 5%/7% 결제일할인 | 디지털구독: 디지털콘텐츠 정기결제 시 30% 결제일할인 | 해외: 전월 이용금액에 관계없이, 할인한도 없이 해외 1% 결제일 할인 | 선택형: 특수 소재 카드 신청 가능 | 교통: 후불 기후동행카드 안내"
2730,트래블로그 PRESTIGE 신용카드,하나카드,신용,Mastercard,"국내전용 [150,000]원 / 해외겸용 [150,000]원",500000,"500,000원",대한항공: 500원 | 바우처: 무제한 | 해외: 무제한,"모든가맹점, 쇼핑, 항공마일리지, 공항라운지/PP, 프리미엄, 해외",false,2024-04-26,https://d1c5n4ri2guedi.cloudfront.net/card/2730/card_img/36139/2730card_1.png,https://www.card-gorilla.com/card/detail/2730,대한항공: 대한항공 마일리지 적립 | 해외: 외화 하나머니 결제 혜택 | 바우처: 프리미엄 바우처
2549,신한카드 KaPick,신한카드,신용,VISA,"국내전용 [19,000]원 / 해외겸용 [22,000]원",0,없음,적립: 5% | 간편결제: 10000원 | 적립: 10%,"쇼핑, 푸드, 카페/디저트, 무실적, OTT/영화/문화, 간편결제",false,,https://d1c5n4ri2guedi.cloudfront.net/card/2549/card_img/29581/2549card.png,https://www.card-gorilla.com/card/detail/2549,"적립: 요일별 서비스영역 대상 가맹점 이용시 5% 카카오페이포인트 적립 | 간편결제: 토/일 카카오페이로 이용 시, 3천 카카오페이포인트 적립 | 적립: OTT 및 멤버십 서비스, 커피 대상가맹점 이용 시 10% 카카오페이포인트 적립 | 선택형: 다양한 플레이트 선택 가능"
2336,올바른지구 카드,NH농협카드,신용,Mastercard,"국내전용 [13,000원] / 해외겸용 [15,000원]",400000,"400,000원",교통: 7% | 통신: 5% | 생활: 5%,"교통, 주유, 통신, 쇼핑, 푸드, 뷰티/피트니스, 여행/숙박",false,,https://d1c5n4ri2guedi.cloudfront.net/card/2336/card_img/24298/2336card.png,https://www.card-gorilla.com/card/detail/2336,대중교통: 버스/지하철/택시/철도 7% 청구할인 | 기타: 공유모빌리티 7% 청구할인 | 충전소: 전기차 충전 7% 청구할인 | 통신: 이동통신요금 5% 청구할인 | 온라인쇼핑: 오픈마켓/배달앱 5% 청구할인 | 생활: 스포츠/H&amp;B매장 5% 청구할인
2467,신한카드 알뜰More(알뜰모아),신한카드,신용,VISA,"국내전용 [20,000]원 / 해외겸용 [23,000]원",400000,"400,000원",통신: 10000원,모든가맹점,false,,https://d1c5n4ri2guedi.cloudfront.net/card/2467/card_img/28181/2467card.png,https://www.card-gorilla.com/card/detail/2467,통신: 알뜰폰 통신요금 월최대 1만 5천원 할인
2444,롯데마트&MAXX 카드,롯데카드,신용,Mastercard,"국내전용 [18,000]원 / 해외겸용 [20,000]원",0,없음,대형마트: 10% | 생활: 5%,"주유, 통신, 마트/편의점, 무실적, 병원/약국, 애완동물, 교육/육아, OTT/영화/문화",false,,https://d1c5n4ri2guedi.cloudfront.net/card/2444/card_img/27670/2444card.png,https://www.card-gorilla.com/card/detail/2444,"대형마트: 롯데마트, MAXX 월 최대 30,000원 결제일 할인 | 생활: 5대 생활업종 월 최대 25,000원 결제일 할인 | 선택형: 플레이트 디자인 선택 가능"
864,일년의 설렘카드(모바일전용),IBK기업은행,신용,"VISA, BC, UnionPay","국내전용 [5,000]원 / 해외겸용 [5,000]원",0,없음,캐시백: 700000원 | 테마파크: 50%,"무실적, 레저/스포츠",false,,https://d1c5n4ri2guedi.cloudfront.net/card/864/card_img/21678/864card.png,https://www.card-gorilla.com/card/detail/864,"캐시백: 연간 이용금액에 따라 최대 70만원 캐시백 | 금융: 금융우대서비스 | 테마파크: 주요 놀이공원 무료입장 또는 입장료/자유이용권 할인 (월 1회, 연 2회)"
699,톡톡 with카드,KB국민카드,신용,"VISA, UnionPay","국내전용 [12,000]원 / 해외겸용 [12,000]원",400000,"400,000원",카페: 50% | 간편결제: 10% | 디지털구독: 20%,"교통, 푸드, 카페/디저트, OTT/영화/문화, 간편결제",false,,https://d1c5n4ri2guedi.cloudfront.net/card/699/card_img/22173/699card.png,https://www.card-gorilla.com/card/detail/699,카페: 스타벅스 50% 할인 | 디지털구독: 구독 20% 할인 | 간편결제: 온라인 간편결제 10% 할인 | 배달앱: 배달 5% 할인 | 대중교통: 대중교통 5% 할인
2131,ON PLATINUM카드(포인트),NH농협카드,신용,"VISA, JCB","국내전용 [118,000]원 / 해외겸용 [120,000]원",0,없음,적립: 0.8% | 항공마일리지: 1500000원 | 공항라운지: 무제한,"모든가맹점, 무실적, 공항라운지/PP, 프리미엄",false,,https://d1c5n4ri2guedi.cloudfront.net/card/2131/card_img/21866/2131card.png,https://www.card-gorilla.com/card/detail/2131,적립: 기본적립 : 국내&middot;외 0.8% NH포인트 적립 | 공항라운지: 전 세계 공항 라운지 무료 이용(더 라운지 멤버스) | 프리미엄 서비스: MASTERCARD PLATINUM PREMIUM SERVICES
2211,케이뱅크 SIMPLE 카드,케이뱅크,신용,"VISA, BC","국내전용 [10,000]원 / 해외겸용 [12,000]원",0,없음,간편결제: 1.5% | 편의점: 1.5% | 교통: 1.5%,"교통, 통신, 마트/편의점, 카페/디저트, 무실적, OTT/영화/문화, 간편결제",false,,https://d1c5n4ri2guedi.cloudfront.net/card/2211/card_img/21774/2211card.png,https://www.card-gorilla.com/card/detail/2211,"적립: 기본 : 국내외 가맹점 0.8% 청구 할인 | 간편결제: 온라인 간편결제 1.5% 청구 할인 | 편의점: 편의점 1.5% 청구 할인 | 카페: 커피전문점 1.5% 청구 할인 | 교통: 교통 1.5% 청구 할인 | 통신: 이동통신요금 1.5% 청구 할인 | 디지털구독: 넷플릭스, 유튜브 프리미엄, 웨이브, 티빙, 왓챠 1.5% 청구 할인"
625,LOCA for Shopping,롯데카드,신용,Mastercard,"국내전용 [20,000]원 / 해외겸용 [20,000]원",1500000,"1,500,000원",대형마트: 10% | 온라인쇼핑: 10% | 편의점: 10%,"마트/편의점, 쇼핑",false,,https://d1c5n4ri2guedi.cloudfront.net/card/625/card_img/21391/625card.png,https://www.card-gorilla.com/card/detail/625,대형마트: [마트] | 온라인쇼핑: [온라인 쇼핑] | 홈쇼핑: [홈쇼핑] | 편의점: [편의점]
2912,LG전자 The 구독케어 신한카드,신한카드,신용,Mastercard,"국내전용 [22,000]원 / 해외겸용 [25,000]원",300000,"300,000원",할인: 20000원 | 적립: 10000원,공과금/렌탈,false,2025-04-25,https://d1c5n4ri2guedi.cloudfront.net/card/2912/card_img/44986/2912card.png,https://www.card-gorilla.com/card/detail/2912,할인: LG전자 구독요금 월 최대 2만원 결제일 할인 | 적립: LG전자 구독요금 7만원 이상 납부 시 마이신한포인트 1만 포인트 적립 (월 1회)
2822,쿠쿠 X LOCA,롯데카드,신용,Mastercard,"국내전용 [20,000]원 / 해외겸용 [20,000]원",300000,"300,000원",렌탈: 25000원,공과금/렌탈,false,,https://d1c5n4ri2guedi.cloudfront.net/card/2822/card_img/39863/2822card.png,https://www.card-gorilla.com/card/detail/2822,렌탈: 쿠쿠 렌탈료 결제 시 결제일 할인 | 캐시백: 장기 할부 서비스 및 캐시백
508,올바른 Edu 카드,NH농협카드,신용,VISA,"해외겸용[25,000원]",400000,"400,000원",교육/육아: 5% | 생활: 1% | 교육/육아: 2000원,"교통, 통신, 마트/편의점, 쇼핑, 카페/디저트, 뷰티/피트니스, 교육/육아, OTT/영화/문화",false,,https://d1c5n4ri2guedi.cloudfront.net/card/508/card_img/21197/508card.png,https://www.card-gorilla.com/card/detail/508,"교육/육아: 유치원,학원, 학습지 5% 청구할인 | 교육/육아: 초/중/고교 교육비 자동납부 시 2천원 청구할인(월1회) | 생활: 10대 업종 0.5~1.0% 청구할인 | 금융: 전자금융 수수료 면제"
2416,이마트II KB국민카드(옐로우),KB국민카드,신용,VISA,"국내전용 [15,000]원 / 해외겸용 [15,000]원",500000,"500,000원",대형마트: 30% | 카페: 10% | 디지털구독: 10%,"주유, 마트/편의점, 푸드, 카페/디저트, 뷰티/피트니스, 병원/약국, 교육/육아, 레저/스포츠, OTT/영화/문화",false,,https://d1c5n4ri2guedi.cloudfront.net/card/2416/card_img/26998/2416card.png,https://www.card-gorilla.com/card/detail/2416,대형마트: 이마트/트레이더스 최대 30% 청구할인 | 카페: 스타벅스 최대 10% 청구할인 | 생활: 생활업종 최대 10% 청구할인 | 디지털구독: 구독서비스 10% 청구할인
2681,K-패스 하나 신용카드,하나카드,신용,Mastercard,"국내전용 [17,000]원 / 해외겸용 [17,000]원",500000,"500,000원",대중교통: 10% | 드럭스토어: 10% | 카페: 10%,"교통, 카페/디저트, 뷰티/피트니스",false,2023-07-04,https://d1c5n4ri2guedi.cloudfront.net/card/2681/card_img/33461/2681card.png,https://www.card-gorilla.com/card/detail/2681,"대중교통: 버스/지하철 10% 청구할인 (월 1만원, 월 2만원) | 드럭스토어: 다이소/올리브영 10% 청구할인 (일 1천원, 월 1만원) | 카페: 스타벅스/커피빈 10% 청구할인 (월 5천원)"
889,신한카드 집,신한카드,신용,VISA,"해외겸용 [12,000]원",400000,"400,000원",생활: 10000원 | 통신: 무제한 | 공과금/렌탈: 3000원,"통신, 마트/편의점, 공과금/렌탈, 병원/약국, 교육/육아",false,,https://d1c5n4ri2guedi.cloudfront.net/card/889/card_img/21652/889card.png,https://www.card-gorilla.com/card/detail/889,생활: 신한 집카드 중 주택임대료 할인카드 발급 시 제공되는 특화 서비스 | 통신: 신한 집카드 중 생활 할인카드 발급 시 제공되는 특화 서비스 | 공과금: 아파트 관리비 할인 | 교육/육아: 교육료 할인 | 병원/약국: 병원&middot;약국 할인 | 대형마트: 3대 마트 할인 | 금융: 신한은행 우대 서비스(상품 종류 구분없이 기본 제공)
1294,가온 Biz카드,KB국민카드,신용,"VISA, UnionPay","해외겸용 [15,000]원",500000,"500,000원",모든가맹점: 0.3% | 해외이용: 2% | 적립: 1%,"모든가맹점, 주유, 통신, 해외, 비즈니스",false,,https://d1c5n4ri2guedi.cloudfront.net/card/1294/card_img/21012/1294card.png,https://www.card-gorilla.com/card/detail/1294,적립: 국내 가맹점 0.3% 기본적립 | 적립: 사업지원영역(주유/통신/전자상거래 업종) 0.6% 포인트리 추가적립 | 기타: 마이비즈서비스
1379,굿데이 플래티늄카드,KB국민카드,신용,"VISA, Mastercard, AMEX","해외겸용 [100,000]원",300000,"300,000원",주유: 무제한 | 통신: 10% | 할인: 10%,"교통, 주유, 통신, 마트/편의점, 쇼핑, 푸드, 카페/디저트, 뷰티/피트니스, 병원/약국, 교육/육아, 항공마일리지, 프리미엄, 여행/숙박",false,,https://d1c5n4ri2guedi.cloudfront.net/card/1379/card_img/20764/1379card.png,https://www.card-gorilla.com/card/detail/1379,"주유: [주유] 주유소, 충전소 업종 리터당 60원 청구할인 | 통신: [통신] 전화요금, 인터넷이용료, 케이블TV 업종 10% 청구할인 | 교통: [교통] 버스, 지하철, 택시 업종 10% 청구할인(교통을 선택했을 경우) | 푸드: 음식점, 커피전문점, 편의점, 약국 업종 10% 추가 청구할인 | 생활: 학원, 휘트니스센터 업종 10% 추가 청구할인 | 프리미엄 서비스: 고품격 서비스 | 바우처: 쿠폰서비스 [연1회, 12가지 쿠폰서비스 중 택1]"
207,경차 smart 롯데카드,롯데카드,신용,Mastercard,국내전용 [없음] / 해외겸용 [없음],300000,"300,000원",기타: 무제한 | 주유소: 무제한 | 정비: 무제한,"교통, 주유, 마트/편의점, 쇼핑, 푸드, 뷰티/피트니스, 자동차/하이패스, 레저/스포츠, OTT/영화/문화, 해외",false,,https://d1c5n4ri2guedi.cloudfront.net/card/207/card_img/20431/207card.png,https://www.card-gorilla.com/card/detail/207,"기타: 혜택 | 주유소: 주유소(가스충전소) 리터당 80원 할인 | 대중교통: 교통 10% 할인 | 쇼핑: 롯데마트(VIC마켓 포함) 10% 할인 | 정비: 스피드메이트 엔진오일 25,000원 현장할인 | 헤어: 박준뷰티랩 | 테마파크: 롯데월드 종합이용권 50% 할인 | 경기관람: 대상 | 영화: 롯데카드 홈페이지 내 문화공연 할인몰 이용 시 할인 적용 | 패밀리레스토랑: 보네스뻬/보네스뻬브레드 10% 할인"
36,신한카드 Cube Platinum#,신한카드,신용,"VISA, Mastercard, AMEX","해외겸용 [32,000]원",300000,"300,000원",선택형: 5% | 할인: 1000원 | 주유: 무제한,"교통, 주유, 통신, 마트/편의점, 쇼핑, 푸드, 카페/디저트, 뷰티/피트니스, 병원/약국, 교육/육아, 레저/스포츠, 공항라운지/PP, 프리미엄",false,,https://d1c5n4ri2guedi.cloudfront.net/card/36/card_img/23899/36card.png,https://www.card-gorilla.com/card/detail/36,선택형: 이동통신 | 할인: Coin-Save 란? | 프리미엄 서비스: 1일 무료주차
551,Easy link 티타늄카드,KB국민카드,신용,"Mastercard, UnionPay","국내전용 [30,000]원 / 해외겸용 [32,000]원",500000,"500,000원",생활: 10000원 | 영화: 3000원 | 선택형: 5%,"교통, 주유, 통신, 마트/편의점, 쇼핑, 카페/디저트, 뷰티/피트니스, 공과금/렌탈, 병원/약국, OTT/영화/문화, 항공마일리지, 여행/숙박, 해외",false,,https://d1c5n4ri2guedi.cloudfront.net/card/551/card_img/21256/551card.png,https://www.card-gorilla.com/card/detail/551,생활: [자동납부 캐시백 서비스] | 통신: [Easy link+ 서비스] | 영화: [Easy link+ 서비스] | 기타: [Easy link+ 서비스] | 선택형: [Easy link 선택서비스(택1)] | 프리미엄 서비스: 티타늄 서비스
2716,디지로카 Golf,롯데카드,신용,"Mastercard, AMEX","국내전용 [30,000]원 / 해외겸용 [30,000]원",500000,"500,000원",골프: 7% | 무이자할부: 무제한,레저/스포츠,false,2024-06-14,https://d1c5n4ri2guedi.cloudfront.net/card/2716/card_img/35567/2716card.png,https://www.card-gorilla.com/card/detail/2716,"골프: 골프장, 골프연습장 캐시백 혜택 | 무이자할부: 국내 가맹점 2~3개월 무이자 할부"
854,Kia Members 경차전용카드,현대카드,신용,,"국내전용 [5,000]원",0,없음,주유: 400원 | 보험: 30000원 | 모든가맹점: 0.5%,"주유, 무실적, 공과금/렌탈, 자동차/하이패스",false,,https://d1c5n4ri2guedi.cloudfront.net/card/854/card_img/21688/854card.png,https://www.card-gorilla.com/card/detail/854,주유: 실적 기준 | 멤버십포인트: 기아 멤버십 프로그램 Kia Members 제휴서비스 제공 | 자동차/하이패스: 현대해상 자동차 보험료 결제 시 청구 할인 | 은행사: - KEB하나은행 영업점을 방문하여 계좌등록 후 서비스 이용 가능 | 적립: 기본 M포인트
2254,SOHO 다사로이+카드,NH농협카드,신용,Mastercard,"국내전용 [23,000]원 / 해외겸용 [25,000]원",0,없음,비즈니스: 5% | 카페: 30% | 해외: 2%,"모든가맹점, 주유, 통신, 마트/편의점, 쇼핑, 무실적, 공과금/렌탈, 레저/스포츠, 해외, 비즈니스",false,,https://d1c5n4ri2guedi.cloudfront.net/card/2254/card_img/21004/2254card.png,https://www.card-gorilla.com/card/detail/2254,"공과금: 4대사회보험, 전기요금 5% 특별할인 | 생활: 스타벅스, 넷플릭스, 멜론 30% 특별할인 | 모든가맹점: 국내, 해외 이용가맹점 0.5% 기본할인 | 비즈니스: 주요 사업경비업종, 해외이용액 0.5%~1.0% 추가할인 | 프리미엄 서비스: MASTERCARD TITANIUM / PLATINUM PREMIUM SERVICES 제공"
248,#tag1카드 Navy,하나카드,신용,"Mastercard, UnionPay","해외겸용 [12,000]원",400000,"400,000원",공과금/렌탈: 10% | 통신: 10% | 주유: 무제한,"주유, 통신, 마트/편의점, 쇼핑, 푸드, 공과금/렌탈, 교육/육아, OTT/영화/문화",false,,https://d1c5n4ri2guedi.cloudfront.net/card/248/card_img/20475/248card.png,https://www.card-gorilla.com/card/detail/248,생활: #tag1카드 Navy 연속 사용실적에 따라 우대 할인 제공 | 선택형: 선택서비스 | 대형마트: 우대PLUS서비스 | 테마파크: 놀이공원 할인 : 주요 놀이공원 현장할인
2515,미래에셋 현대카드 Gold,현대카드,신용,VISA,"국내전용 [150,000원] / 해외겸용 [150,000원]",500000,"500,000원",멤버십포인트: 3% | 바우처: 100000원 | 공항라운지: 무제한,"마트/편의점, 쇼핑, 푸드, 카페/디저트, 레저/스포츠, OTT/영화/문화, 공항라운지/PP, 프리미엄, 여행/숙박",false,,https://d1c5n4ri2guedi.cloudfront.net/card/2515/card_img/28767/2515card.png,https://www.card-gorilla.com/card/detail/2515,멤버십포인트: 전월 이용 금액 50만원 이상 시 업종별 3% 적립 | 멤버십포인트: 전월 이용 금액 50만원 이상 시 업종별 2% 적립 | 멤버십포인트: 전월 이용 금액 50만원 이상 시 업종별 1% 적립 | 기타: 미래에셋증권 서비스등급 혜택 | 바우처: 투자/쇼핑/호텔/골프 바우처 중 택1 에서 10만원 상당 바우처 제공 (연 1회) | 프리미엄 서비스: 연간 5만 스탁마일리지 스페셜 적립 서비스 | 프리미엄 서비스: VISA Signature 서비스 | 선택형: 미래에셋 Metal 플레이트 유의사항
2493,zgm.rounding카드,NH농협카드,신용,Mastercard,"국내전용 [23,000원] / 해외겸용 [25,000원]",300000,"300,000원",골프: 5% | 골프: 50% | 골프: 1000000원,"카페/디저트, 레저/스포츠, 공항라운지/PP",false,,https://d1c5n4ri2guedi.cloudfront.net/card/2493/card_img/28477/2493card.png,https://www.card-gorilla.com/card/detail/2493,골프: 골프장&middot;골프연습장&middot;스크린골프 5% 청구할인 | 골프: 쇼골프 연습장 일 타석권 50% 청구할인 | 골프: 홀인원 축하금 100만원 제공 | 카페: 커피전문점 10% 청구할인 | 공항라운지: 국내 국제공항 라운지 연 2회 무료이용 | 프리미엄 서비스: MASTERCARD TITANIUM / PLATINUM PREMIUM SERVICES | 선택형: 플레이트 디자인 선택가능
2541,HERITAGE Reserve(스카이패스형),KB국민카드,신용,AMEX,"국내전용 [800,000원] / 해외겸용 [800,000원]",0,없음,프리미엄 서비스: 무제한 | 대한항공: 1000원 | 프리미엄 서비스: 무제한,"무실적, 항공마일리지, 프리미엄",false,,https://d1c5n4ri2guedi.cloudfront.net/card/2541/card_img/29517/2541card.png,https://www.card-gorilla.com/card/detail/2541,대한항공: 국내 가맹점 1천원 당 1마일리지 적립 | 프리미엄 서비스: 쿠폰1 골프클럽 주중 이용권 | 프리미엄 서비스: 골프백 딜리버리 서비스 | 프리미엄 서비스: 이용문의
2409,#MY WAY 카드,하나카드,신용,VISA,"국내전용 [20,000]원 / 해외겸용 [20,000]원",200000,"200,000원",대중교통: 300원 | 편의점: 300원 | 디지털구독: 3000원,"교통, 주유, 통신, 마트/편의점, 쇼핑, 푸드, 카페/디저트, 공과금/렌탈, OTT/영화/문화",false,,https://d1c5n4ri2guedi.cloudfront.net/card/2409/card_img/26572/2409card.png,https://www.card-gorilla.com/card/detail/2409,"대중교통: 대중교통 건당 300원 할인 | 카페: 커피 건당 300원 할인 | 편의점: 편의점 건당 300원 할인 | 디지털구독: 디지털 구독 건당 3,000원 할인 | 주유: 주유/충전 건당 3,000원 할인 | 쇼핑: 쇼핑 건당 3,000원 할인 | 생활: 생활요금 건당 3,000원 할인 | 무이자할부: #MYWAY 2~3개월 무이자 할부 서비스"
2652,에버랜드 삼성카드,삼성카드,신용,Mastercard,"국내전용 [20,000]원 / 해외겸용 [20,000]원",300000,"300,000원",테마파크: 50% | 테마파크: 3% | 적립: 0.5%,"통신, 푸드, 레저/스포츠, OTT/영화/문화, 간편결제",false,2023-12-26,https://d1c5n4ri2guedi.cloudfront.net/card/2652/card_img/32202/2652card.png,https://www.card-gorilla.com/card/detail/2652,테마파크: 에버랜드 50%/캐리비안 베이 30% 할인 | 테마파크: 에버랜드 꿈빛 솜사탕 등급 적용 | 테마파크: 이용조건 | 적립: 국내 가맹점 0.5% 솜 적립 | 적립: 생활 필수 영역 4.5% 솜 추가 적립 | 디지털구독: 이용조건 | 해외: 적립 제외 대상
2659,보험엔로카,롯데카드,신용,"Mastercard, AMEX","국내전용 [20,000]원 / 해외겸용 [20,000]원",0,없음,자동차: 25000원 | 보험사: 25000원,"무실적, 공과금/렌탈, 자동차/하이패스",false,2023-12-22,https://d1c5n4ri2guedi.cloudfront.net/card/2659/card_img/32305/2659card.png,https://www.card-gorilla.com/card/detail/2659,자동차: 자동차보험 캐시백 | 자동차: 자동차보험 장기할부 | 보험사: 생명보험/손해보험 결제일 할인
2629,Smilecard Edition3,현대카드,신용,VISA,"국내전용 [20,000]원 / 해외겸용 [20,000]원",300000,"300,000원",국내외가맹점: 0.7% | 쇼핑: 2% | 적립: 2%,"모든가맹점, 교통, 마트/편의점, 쇼핑, 카페/디저트",false,2023-07-31,https://d1c5n4ri2guedi.cloudfront.net/card/2629/card_img/31741/2629card.png,https://www.card-gorilla.com/card/detail/2629,국내외가맹점: 국내외 가맹점 이용 시 스마일캐시 0.7% 적립 | 적립: 추가 적립 대상점 이용 시 스마일캐시 2% 적립(기본0.7%+추가1.3%)
2459,삼성 iD NOMAD 카드,삼성카드,신용,Mastercard,"국내전용 [47,000]원 / 해외겸용 [49,000]원",500000,"500,000원",프리미엄 서비스: 무제한 | 국내외가맹점: 2% | 디지털구독: 50%,"푸드, OTT/영화/문화",false,,https://d1c5n4ri2guedi.cloudfront.net/card/2459/card_img/28127/2459card.png,https://www.card-gorilla.com/card/detail/2459,"프리미엄 서비스: GIFT 기프트 서비스 | 적립: REWARD 국내외 가맹점 2%/1%/0.5% 빅포인트 적립 | 디지털구독: 디지털콘텐츠/멤버십 50% 할인 | 영화: 영화 5,000원 할인 | 패스트푸드: 쉐이크쉑/써브웨이 30% 할인 | 프리미엄 서비스: 국제브랜드 서비스(해외겸용카드 전용)"
2364,iD MOVE카드,삼성카드,신용,Mastercard,"국내전용 [20,000원] / 해외겸용 [20,000원]",400000,"400,000원",교통: 10% | 통신: 10% | 카페/디저트: 10%,"교통, 통신, 마트/편의점, 카페/디저트, OTT/영화/문화, 항공마일리지, 해외",false,,https://d1c5n4ri2guedi.cloudfront.net/card/2364/card_img/28097/2364card.png,https://www.card-gorilla.com/card/detail/2364,교통: 대중교통&middot;택시 10% 결제일할인 | 통신: 이동통신&middot;스트리밍 10% 결제일할인 | 카페/디저트: 커피전문점&middot;편의점 10% 결제일할인 | 기타: 해외&middot;항공&middot;철도 1.5% 결제일 할인 | 선택형: 펑키
2513,zgm.고향으로카드,NH농협카드,신용,Mastercard,"국내전용 [12,000원] / 해외겸용 [12,000원]",0,없음,기타: 1.7% | 기타: 0.7% | 기타: 1%,"모든가맹점, 무실적",false,,https://d1c5n4ri2guedi.cloudfront.net/card/2513/card_img/28755/2513card.png,https://www.card-gorilla.com/card/detail/2513,멤버십포인트: 국내/해외 이용가맹점 0.7% NH포인트 적립 | 멤버십포인트: 주말(토&middot;일요일) 국내 이용가맹점 0.3% NH포인트 추가적립 | 멤버십포인트: 주말 기부지역 광역시&middot;도 가맹점 및 전국 농협판매장/농협운영 주유소 0.7% NH포인트 추가적립
2805,토스페이 플러스 신한카드,신한카드,신용,,"국내전용 [1,000]원",0,없음,간편결제: 무제한,무실적,true,2024-11-12,https://d1c5n4ri2guedi.cloudfront.net/card/2805/card_img/39484/2805card.png,https://www.card-gorilla.com/card/detail/2805,선택형: 8가지 혜택 중 선택 | 간편결제: 모바일 단독카드
2766,신한 후불 기후동행 신용카드,신한카드,신용,Mastercard,"국내전용 [9,000]원 / 해외겸용 [12,000]원",400000,"400,000원",할인: 10% | 할인: 10%,"교통, 마트/편의점, 쇼핑, 푸드, 카페/디저트, 뷰티/피트니스, 교육/육아, OTT/영화/문화",false,2024-11-13,https://d1c5n4ri2guedi.cloudfront.net/card/2766/card_img/38056/2766card.png,https://www.card-gorilla.com/card/detail/2766,교통: 후불 기후동행카드 서비스 안내 | 할인: 온라인 10% 할인 | 할인: 오프라인 10% 혜택
2931,KB NEED Edu카드,KB국민카드,신용,VISA,"국내전용 [25,000]원 / 해외겸용 [26,000]원",400000,"400,000원",학원: 30000원,"카페/디저트, 병원/약국, 교육/육아",false,2025-11-28,https://d1c5n4ri2guedi.cloudfront.net/card/2931/card_img/45901/2931card.png,https://www.card-gorilla.com/card/detail/2931,학원: Edu 할인 | 생활: 생활 영역 할인
426,알파원카드,KB국민카드,신용,Mastercard,국내전용 [없음] / 해외겸용 [없음],0,없음,간편결제: 무제한,무실적,false,,https://d1c5n4ri2guedi.cloudfront.net/card/426/card_img/20924/426card.png,https://www.card-gorilla.com/card/detail/426,간편결제: 알파원카드
28,신세계 신한카드,신한카드,신용,"Mastercard, UnionPay","해외겸용 [12,000]원",500000,"500,000원",백화점: 5% | 생활: 5% | 해외: 5%,"교통, 주유, 마트/편의점, 쇼핑, 카페/디저트, 교육/육아, 레저/스포츠, 해외",false,,https://d1c5n4ri2guedi.cloudfront.net/card/28/card_img/20110/28card.png,https://www.card-gorilla.com/card/detail/28,"백화점: 신세계백화점 5% 결제일 할인 | 생활: Life Care가맹점 5% 결제일 할인 | 테마파크: 롯데월드 자유이용권 50% 할인 | 해외: 해외 매출 5% 캐시백 (단, 해외온라인 거래는 제외)"
63,삼성페이 삼성카드 taptap,삼성카드,신용,Mastercard,"국내전용 [10,000]원 / 해외겸용 [10,000]원",300000,"300,000원",삼성페이: 10% | 모든가맹점: 0.3% | 통신: 10%,"모든가맹점, 통신, OTT/영화/문화, 간편결제",false,,https://d1c5n4ri2guedi.cloudfront.net/card/63/card_img/28054/63card.png,https://www.card-gorilla.com/card/detail/63,"삼성페이: 삼성 페이로 결제 시 10% 결제일할인 | 모든가맹점: 국내외 가맹점 0.3% 결제일 할인 | 통신: SKT&middot;KT&middot;LG U+ 이동통신요금 자동납부 시 10% 결제일할인(청구할인) | 영화: 전국 CGV 및 롯데시네마 영화 티켓 10,000원 이상 결제 시 5,000원 결제일할인(청구할인)"
2308,로스트아크 카드,BC 바로카드,신용,"VISA, BC","국내전용 [10,000]원 / 해외겸용 [12,000]원",0,없음,게임: 10% | 할인: 1.5% | 모든가맹점: 0.5%,"모든가맹점, 쇼핑, 무실적, 레저/스포츠",false,,https://d1c5n4ri2guedi.cloudfront.net/card/2308/card_img/23708/2308card.png,https://www.card-gorilla.com/card/detail/2308,"게임: [로스트아크 모험가 전용 혜택] 로스트아크 모험가를 위한 로열 크리스탈 10% 청구할인 | 할인: [기본 혜택] 전월실적 조건 없이 국내외 가맹점 0.5%, 국내 온라인 가맹점 1.5% 청구할인"
2468,KMVNO 알뜰폰 카드,KB국민카드,신용,"Mastercard, JCB","국내전용 [15,000]원 / 해외겸용 [15,000]원",300000,"300,000원",통신: 10000원,모든가맹점,false,,https://d1c5n4ri2guedi.cloudfront.net/card/2468/card_img/28182/2468card.png,https://www.card-gorilla.com/card/detail/2468,통신: KMVNO 알뜰폰 통신요금 자동이체 할인 서비스
2485,kt SUPER 카드,BC 바로카드,신용,"VISA, BC","국내전용 [25,000]원 / 해외겸용 [27,000]원",300000,"300,000원",KT: 18000원 | 주유소: 1%,"주유, 통신",false,,https://d1c5n4ri2guedi.cloudfront.net/card/2485/card_img/28402/2485card.png,https://www.card-gorilla.com/card/detail/2485,"KT: kt 통신요금 청구할인. 전월실적 별 월 최대 18,000원 할인 | 주유소: SK 주유소 1% 청구할인 | 프리미엄 서비스: VISA Young Premium 서비스"
728,언택트 L 하나카드,하나카드,신용,AMEX,"국내전용 [10,000]원 / 해외겸용 [10,000]원",300000,"300,000원",간편결제: 10% | 교통: 10% | 온라인쇼핑: 5%,"교통, 쇼핑, 푸드, 간편결제",false,,https://d1c5n4ri2guedi.cloudfront.net/card/728/card_img/22202/728card.png,https://www.card-gorilla.com/card/detail/728,"간편결제: 간편결제 최대 10% 할인 | 온라인쇼핑: 온라인쇼핑, 홈쇼핑 5% 할인 | 배달앱: 배달앱 5% 할인 | 대중교통: 교통 최대 5% 할인"
1865,RAUME O (스카이패스),삼성카드,신용,Mastercard,"해외겸용 [2,000,000]원",0,없음,대한항공: 1500원 | 바우처: 무제한 | 여행/숙박: 무제한,"쇼핑, 무실적, 레저/스포츠, OTT/영화/문화, 항공마일리지, 공항라운지/PP, 프리미엄, 여행/숙박, 해외",false,,https://d1c5n4ri2guedi.cloudfront.net/card/1865/card_img/28079/1865card.png,https://www.card-gorilla.com/card/detail/1865,"기타: RAUME STORY | 대한항공: 이용금액 1,500원당 스카이패스 1 마일리지 적립 | 바우처: 특1급 호텔, 국내 최고 골프클럽, 명품 브랜드, 에버랜드 및 뷰티숍에서 이용할 수 있는 기프트 바우처 연 1회 제공 | 골프: 항공권 | 프리미엄: 삼성프리미엄카드 서비스 | 프리미엄: 패션 브랜드 스타일링 클래스, 미술관 프라이빗 투어, 전문가와 함께하는 살롱 콘서트 등 다양한 분야에 걸쳐 소수의 회원님을 모시고 진행되는 특별한 이벤트인 RAUME Experience 에 회원님을 초대합니다. | 여행/숙박: 발렛파킹 이용 무료"
2679,현대카드 X,현대카드,신용,"VISA, AMEX","국내전용 [50,000]원 / 해외겸용 [50,000]원",500000,"500,000원",할인: 1% | 캐시백: 100000원,공항라운지/PP,false,2024-01-19,https://d1c5n4ri2guedi.cloudfront.net/card/2679/card_img/39637/2679card.png,https://www.card-gorilla.com/card/detail/2679,할인: - 1회 및 연간 할인 한도 제한 없음 | 캐시백: 연간 누적 이용 금액 500만원당 2만원 캐시백 | 적립: X긴급할인(선지급 포인트 서비스)
2392,CJ 삼성 iD 카드,삼성카드,신용,Mastercard,"국내전용 [10,000]원 / 해외겸용 [10,000]원",300000,"300,000원",온라인쇼핑: 7% | 드럭스토어: 10% | 베이커리: 10%,"통신, 마트/편의점, 쇼핑, 푸드, 카페/디저트, 뷰티/피트니스, OTT/영화/문화",false,,https://d1c5n4ri2guedi.cloudfront.net/card/2392/card_img/28098/2392card.png,https://www.card-gorilla.com/card/detail/2392,온라인쇼핑: 서비스안내 | 드럭스토어: 서비스안내 | 베이커리: 서비스안내 | 패밀리레스토랑: 서비스안내 | 영화: 서비스안내 | 디지털구독: 서비스안내 | 배달앱: 서비스안내 | 편의점: 서비스안내 | 통신: 서비스안내 | CJ ONE: 서비스안내
2924,우리카드 UniMile,우리카드,신용,UnionPay,"국내전용 [33,000]원 / 해외겸용 [33,000]원",500000,"500,000원",저가항공: 0.7% | 저가항공: 6% | 간편결제: 3%,"모든가맹점, 간편결제, 항공마일리지, 공항라운지/PP, 여행/숙박, 해외",false,2025-11-28,https://d1c5n4ri2guedi.cloudfront.net/card/2924/card_img/45828/2924card.png,https://www.card-gorilla.com/card/detail/2924,"저가항공: 국내 가맹점 0.7% 적립 | 할인: 간편결제, 인앱결제 3% 청구할인 | 공항라운지: 국내 공항라운지 무료 이용"
2849,케이뱅크 ALPHA카드,케이뱅크,신용,BC,국내전용 [없음],0,없음,혜택 프로모션: 무제한 | 교통: 무제한 | 수수료우대: 무제한,무실적,false,,https://d1c5n4ri2guedi.cloudfront.net/card/2849/card_img/42487/2439card_1.png,https://www.card-gorilla.com/card/detail/2849,"혜택 프로모션: [별 모으기 프로모션] 매달 내 맘대로 5개 혜택, 최대 5천원 캐시백 | 교통: 교통카드 기능 | 수수료우대: 전국 어디서나 ATM 수수료 무료 | 간편결제: 카드 신청 즉시 Pay 서비스 등록 | 수수료우대: 친구에게 평생 무료로 송금"
2856,Biz Prime 카드,KB국민카드,신용,AMEX,"국내전용 [120,000]원 / 해외겸용 [120,000]원",1000000,"1,000,000원",적립: 0.5% | 생활: 10% | 해외이용: 1.4%,"모든가맹점, 주유, 쇼핑, 공과금/렌탈, 레저/스포츠, 해외, 비즈니스",false,2025-05-29,https://d1c5n4ri2guedi.cloudfront.net/card/2856/card_img/43314/2856card.png,https://www.card-gorilla.com/card/detail/2856,적립: [기본] 국내 가맹점 0.2 ~ 0.5% 적립 | 생활: [Life 영역] 0.4% ~ 1% 포인트리 적립 | 기타: [Biz 1. 영역] 제약/의료기기 | 보험사: [Biz 2. 영역] 4대 보험 | 해외이용: [해외이용] 해외 가맹점 1.4% 포인트리 적립
2785,힐튼 아너스 아멕스,롯데카드,신용,AMEX,"국내전용 [247,000]원 / 해외겸용 [250,000]원",0,없음,적립: 500원 | 호텔: 무제한 | 호텔: 무제한,"모든가맹점, 쇼핑, 무실적, 여행/숙박",false,2024-05-14,https://d1c5n4ri2guedi.cloudfront.net/card/2785/card_img/38998/2785card.png,https://www.card-gorilla.com/card/detail/2785,적립: 힐튼 아너스 포인트 적립 기준 | 호텔: 전세계 힐튼호텔 주말 무료 숙박권 1매 제공 | 호텔: 힐튼 아너스 실버 등급 제공 | 공항라운지: 이용방법
613,신한카드 YaY,신한카드,신용,VISA,"국내전용 [23,000]원 / 해외겸용 [26,000]원",500000,"500,000원",배달앱: 30% | 온라인쇼핑: 12500원 | 기타: 10%,"쇼핑, 푸드, 카페/디저트, 레저/스포츠, OTT/영화/문화",false,,https://d1c5n4ri2guedi.cloudfront.net/card/613/card_img/21380/613card.gif,https://www.card-gorilla.com/card/detail/613,"생활: OTT 30% 포인트 적립 | 온라인쇼핑: 온라인쇼핑몰 최대 12,500포인트 적립 | 기타: 홈게임방 10% 포인트 적립"
247,#tag1카드 Orange,하나카드,신용,"Mastercard, UnionPay","해외겸용 [12,000]원",300000,"300,000원",카페/디저트: 50% | 마트/편의점: 10% | 통신: 10%,"교통, 주유, 통신, 마트/편의점, 쇼핑, 푸드, 카페/디저트, OTT/영화/문화",false,,https://d1c5n4ri2guedi.cloudfront.net/card/247/card_img/20474/247card.png,https://www.card-gorilla.com/card/detail/247,생활: #tag1카드 Orange 연속 사용실적에 따라 우대 할인 제공 | 선택형: 선택서비스 | 대중교통: 우대PLUS서비스 | 테마파크: 놀이공원 할인 : 주요 놀이공원 현장할인
591,카카오뱅크 KB국민카드,KB국민카드,신용,Mastercard,"국내전용 [15,000]원 / 해외겸용 [15,000]원",500000,"500,000원",편의점: 3000원 | OTT/영화/문화: 5000원 | 여행/숙박: 5000원,"마트/편의점, 푸드, 카페/디저트, 레저/스포츠, OTT/영화/문화, 간편결제, 여행/숙박",false,,https://d1c5n4ri2guedi.cloudfront.net/card/591/card_img/21348/591card.png,https://www.card-gorilla.com/card/detail/591,카카오페이: [BASIC 할인 혜택] | 편의점: [BASIC 할인 혜택] | OTT/영화/문화: [BASIC 할인 혜택] | 푸드: [BASIC 할인 혜택] | 여행/숙박: [SPECIAL 할인 혜택] | 레저/스포츠: [SPECIAL 할인 혜택]
1288,toss KB국민카드,KB국민카드,신용,Mastercard,"국내전용 [20,000]원 / 해외겸용 [20,000]원",0,없음,모든가맹점: 1% | 카페: 4%,"모든가맹점, 카페/디저트, 무실적",false,,https://d1c5n4ri2guedi.cloudfront.net/card/1288/card_img/21018/1288card.png,https://www.card-gorilla.com/card/detail/1288,모든가맹점: 전 가맹점 이용 시 기본 1.0% 토스포인트 기본적립 | 카페: 스타벅스 이용 시 추가 4.0% 토스포인트 추가적립
2724,BC 바로 KaPick,BC 바로카드,신용,Mastercard,"국내전용 [15,000]원 / 해외겸용 [15,000]원",150000,"150,000원",쇼핑: 7% | 푸드: 7% | 생활: 7%,"교통, 통신, 마트/편의점, 푸드, 카페/디저트, OTT/영화/문화, 간편결제, 해외",false,2024-05-01,https://d1c5n4ri2guedi.cloudfront.net/card/2724/card_img/36084/2724card.png,https://www.card-gorilla.com/card/detail/2724,"쇼핑: [바로카드 Pick! 적립] 쇼픽 그룹 7% 적립 | 푸드: [바로카드 Pick! 적립] 쇼픽 그룹 7% 적립 | 생활: [바로카드 Pick! 적립] 생픽 그룹 7% 적립 | 적립: [전월 실적, 한도 없는 적립] 국내 카카오페이 결제 1% 적립 | 해외: [전월 실적, 한도 없는 적립] 해외 온/오프라인 결제 2% 적립 | 무이자할부: 전국 모든 가맹점 2~3개월 상시 무이자할부 | 프리미엄 서비스: MasterCard Platinum 기본 서비스"
2594,아시아나 듀얼마일리지 롯데카드,롯데카드,신용,AMEX,"국내전용 [43,000원] / 해외겸용 [45,000원]",0,없음,항공마일리지: 무제한 | 공항라운지/PP: 무제한,"무실적, 항공마일리지, 공항라운지/PP",false,,https://d1c5n4ri2guedi.cloudfront.net/card/2594/card_img/30943/2594card.png,https://www.card-gorilla.com/card/detail/2594,"아시아나항공: 특별적립처 이용 시 아시아나클럽 마일리지 더블 적립 | 공항라운지: 스카이허브 라운지, 마티나(인천공항 제1여객터미널) 라운지 연 1회 무료 이용"
2566,Trip to 로카,롯데카드,신용,"Mastercard, AMEX","국내전용 [20,000]원 / 해외겸용 [20,000]원",300000,"300,000원",모든가맹점: 1.2% | 해외: 2%,"모든가맹점, 해외",false,2023-05-23,https://d1c5n4ri2guedi.cloudfront.net/card/2566/card_img/44491/2566card_1.png,https://www.card-gorilla.com/card/detail/2566,모든가맹점: 국내 가맹점 1.2% 결제일 할인 | 해외: 해외 가맹점 2.0% 결제일 할인
567,위 테라카드(포인트),NH농협카드,신용,"VISA, UnionPay","해외겸용 [495,000]원 / 해외겸용 [500,000]원",500000,"500,000원",적립: 2% | 기타: 3% | 바우처: 300000원,"모든가맹점, 카페/디저트, 공항라운지/PP, 프리미엄",false,,https://d1c5n4ri2guedi.cloudfront.net/card/567/card_img/21274/567card.png,https://www.card-gorilla.com/card/detail/567,"적립: 기본 적립 : 국내 1%, 해외 2% 적립 | 바우처: 프리미엄 바우처 서비스(매년 1회, 택 1) | 카페: 전세계 스타벅스 이용시 4천원 청구할인(월 1회) | 공항라운지: 전세계 공항 라운지 무료 이용"
695,롯데백화점 FLEX카드,롯데카드,신용,Mastercard,"국내전용 [100,000]원 / 해외겸용 [100,000]원",500000,"500,000원",모든가맹점: 0.5% | 디지털구독: 30% | 카페: 50%,"모든가맹점, 카페/디저트, OTT/영화/문화, 프리미엄, 해외",false,,https://d1c5n4ri2guedi.cloudfront.net/card/695/card_img/22169/695card.png,https://www.card-gorilla.com/card/detail/695,모든가맹점: 국내외 가맹점 L.POINT 0.5% 적립 | 생활: 커피 50% 할인 | 면세점: 롯데면세점 5~15% 현장할인 (정상가 기준) | 프리미엄 서비스: Mastercard World 서비스
1860,RAUME O,삼성카드,신용,Mastercard,"해외겸용 [2,000,000]원",0,없음,멤버십포인트: 2% | 바우처: 무제한 | 여행/숙박: 무제한,"쇼핑, 무실적, 레저/스포츠, OTT/영화/문화, 항공마일리지, 공항라운지/PP, 프리미엄, 여행/숙박, 해외",false,,https://d1c5n4ri2guedi.cloudfront.net/card/1860/card_img/28078/1860card.png,https://www.card-gorilla.com/card/detail/1860,"기타: RAUME STORY | 기타: 라이프 케어 서비스 | 바우처: 특1급 호텔, 국내 최고 골프클럽, 명품 브랜드, 에버랜드 및 뷰티숍에서 이용할 수 있는 기프트 바우처 연 1회 제공 | 골프: 항공권 | 프리미엄: 삼성프리미엄카드 서비스 | 멤버십포인트: 연간 이용금액에 따라 0.5%~2% RAUME포인트 적립 | 프리미엄: 패션 브랜드 스타일링 클래스, 미술관 프라이빗 투어, 전문가와 함께하는 살롱 콘서트 등 다양한 분야에 걸쳐 소수의 회원님을 모시고 진행되는 특별한 이벤트인 RAUME Experience 에 회원님을 초대합니다. | 여행/숙박: 발렛파킹 이용 무료"
2617,어디로든 그린카드,NH농협카드,신용,"VISA, Mastercard","국내전용 [15,000]원 / 해외겸용 [17,000]원",300000,"300,000원",주유: 40% | 교통: 10% | 적립: 0.2%,"교통, 카페/디저트",false,2023-09-27,https://d1c5n4ri2guedi.cloudfront.net/card/2617/card_img/31389/2617card.png,https://www.card-gorilla.com/card/detail/2617,충전소: 전기차/수소차 충전 20~40% 적립 | 대중교통: 버스/지하철 10% 적립 | 고속버스: 고속버스 10% 적립 | 생활: 공유 모빌리티 10% 적립 | 카페: 커피 전문점 10% 적립 | 적립: 국내 전가맹점 0.2% 적립
2806,토스페이 플러스 KB카드,KB국민카드,신용,,"국내전용 [1,000]원",0,없음,간편결제: 무제한,무실적,true,,https://d1c5n4ri2guedi.cloudfront.net/card/2806/card_img/39485/2806card.png,https://www.card-gorilla.com/card/detail/2806,선택형: 8가지 혜택 중 선택 | 간편결제: 모바일 단독카드
2789,에버온 EV 카드,KB국민카드,신용,Mastercard,"국내전용 [20,000]원 / 해외겸용 [20,000]원",400000,"400,000원",충전소: 20% | 자동차: 20% | 디지털구독: 20%,"주유, 공과금/렌탈, 자동차/하이패스, OTT/영화/문화",false,2024-11-13,https://d1c5n4ri2guedi.cloudfront.net/card/2789/card_img/39279/2789card.png,https://www.card-gorilla.com/card/detail/2789,"충전소: 전기/수소차 충전 20% 청구할인 | 자동차: 주차, 세차 20% 청구할인 | 디지털구독: OTT 20% 청구할인 | 쇼핑: KB Pay 오픈마켓 | 보험: 자동차보험 1만원 청구할인"
2442,KB YOU With 카드,KB국민카드,신용,Mastercard,"국내전용 [15,000]원 / 해외겸용 [15,000]원",400000,"400,000원",선택형: 5% | 선택형: 10% | 통신: 10%,"주유, 통신, 마트/편의점, 쇼핑, 푸드, 카페/디저트, 병원/약국, 교육/육아, 레저/스포츠, OTT/영화/문화",false,2022-12-26,https://d1c5n4ri2guedi.cloudfront.net/card/2442/card_img/48816/2442card.png,https://www.card-gorilla.com/card/detail/2442,선택형: 1st 선택 | 선택형: 2nd 선택 | 기타: &#39;YOU With&#39; 기본서비스
2526,LG트윈스 신한카드,신한카드,신용,VISA,"해외겸용 [10,000원]",0,없음,경기관람: 3000원 | 영화: 3000원 | 테마파크: 50%,"무실적, 레저/스포츠, OTT/영화/문화",false,,https://d1c5n4ri2guedi.cloudfront.net/card/2526/card_img/28930/2526card.png,https://www.card-gorilla.com/card/detail/2526,"경기관람: LG트윈스 정규 시즌 홈경기 입장권 3,000원 할인 | 쇼핑: LG트윈스 용품 구매 시 10% 현장 할인 | 영화: 전국 CGV 영화관 3,000원(2매 기준) 현장할인 | 테마파크: 롯데월드, 서울랜드, 에버랜드 자유이용권 50% 및 캐리비안베이 입장권 30% 할인"
563,위 레아카드(스카이패스),NH농협카드,신용,Mastercard,"해외겸용 [330,000]원",500000,"500,000원",대한항공: 500원 | 항공마일리지: 무제한 | 바우처: 200000원,"쇼핑, 항공마일리지, 공항라운지/PP, 프리미엄, 여행/숙박",false,,https://d1c5n4ri2guedi.cloudfront.net/card/563/card_img/21270/563card.png,https://www.card-gorilla.com/card/detail/563,"대한항공: 기본 적립 : 국내 1마일리지, 해외 2마일리지 적립 | 바우처: 프리미엄 바우처 서비스(매년 1회, 택 1) | 적립: 보너스 포인트 적립 (매년 1회) | 공항라운지: 전세계 공항 라운지 무료 이용 | 프리미엄: MASTERCARD WORLD PREMIUM SERVICES"
2906,신한카드 Simple Platinum# Splendor Plus,신한카드,신용,UnionPay,"국내전용 [27,000]원 / 해외겸용 [27,000]원",0,없음,캐시백: 1% | 캐시백: 1.7% | 영화: 3000원,"모든가맹점, 교통, 통신, 마트/편의점, 무실적, 레저/스포츠, OTT/영화/문화, 프리미엄",false,2025-07-31,https://d1c5n4ri2guedi.cloudfront.net/card/2906/card_img/44753/2906card.png,https://www.card-gorilla.com/card/detail/2906,"캐시백: 국내외 가맹점 1% 캐시백 | 할인: 생활친화 가맹점 잔돈할인 서비스, Coin-Save | 영화: 온라인 영화 할인 | 테마파크: 서울랜드 50% 할인 | 프리미엄 서비스: Platinum# 공통 서비스"
2867,갤러리아 Platinum 우리카드,우리카드,신용,VISA,"국내전용 [30,000]원 / 해외겸용 [30,000]원",500000,"500,000원",백화점: 5% | 백화점: 7% | 생활: 3%,"모든가맹점, 교통, 쇼핑, 푸드, 교육/육아, OTT/영화/문화",false,2025-07-17,https://d1c5n4ri2guedi.cloudfront.net/card/2867/card_img/43884/2867card.png,https://www.card-gorilla.com/card/detail/2867,백화점: 갤러리아 백화점 5% 현장할인 | 문화센터: 갤러리아 백화점 문화센터 5% 현장할인 | 기타: 갤러리아 G포인트 서비스 | 백화점: 갤러리아 백화점/ 갤러리아몰 5~7% 청구할인 | 무이자할부: 갤러리아 백화점 최대 6개월 무이자할부 | 기타: 갤러리아 백화점 24/36개월 장기할부 | 생활: 생활 영역 3% 청구할인 | 국내외가맹점: 국내외 가맹점 1% 청구할인
741,Hyundai Mobility(모빌리티) Platinum,현대카드,신용,,"국내전용 [70,000]원 / 해외겸용 [70,000]원",500000,"500,000원",자동차: 4.5% | 대중교통: 3% | 기타: 1.5%,"교통, 주유, 카페/디저트, 자동차/하이패스",false,,https://d1c5n4ri2guedi.cloudfront.net/card/741/card_img/22215/741card.png,https://www.card-gorilla.com/card/detail/741,"멤버십포인트: [일반 적립] 당월 이용금액에 따라 업종별 최대 3% 블루멤버스 포인트 적립 | 멤버십포인트: HYYNDAI Bluemembers 멤버십 서비스 | 프리미엄: 스타벅스, 폴바셋, 이디야 결제 건당 500원 할인 | 프리미엄: VISA/MasterCard 플래티넘서비스 | 기타: 나만의 취향에 맞는 카드 디자인을 선택해서 발급 받으세요."
2494,H.Point 우리카드,우리카드,신용,"Mastercard, BC","국내전용 [15,000원] / 해외겸용 [15,000원]",0,없음,기타: 5% | 적립: 0.5% | 공항라운지: 무제한,"모든가맹점, 쇼핑, 무실적, 공항라운지/PP, 해외",false,,https://d1c5n4ri2guedi.cloudfront.net/card/2494/card_img/28493/2494card.png,https://www.card-gorilla.com/card/detail/2494,"멤버십포인트: H.Point 5% 특별적립 | 적립: 전월실적조건, 한도 제한 없이 0.5% H.Point 적립 | 공항라운지: 국내외 공항 라운지 무료 이용 서비스"
2448,원더카드 HAPPY,하나카드,신용,Mastercard,"국내전용 [12,000]원 / 해외겸용 [12,000]원",400000,"400,000원",모든가맹점: 0.5% | 간편결제: 5% | 애완동물: 5%,"모든가맹점, 주유, 마트/편의점, 카페/디저트, 뷰티/피트니스, 애완동물, 간편결제",false,,https://d1c5n4ri2guedi.cloudfront.net/card/2448/card_img/27743/2448card.png,https://www.card-gorilla.com/card/detail/2448,국내외가맹점: 전가맹점 0.5% 할인 | 간편결제: 간편결제 5% 할인 | 대형마트: 마트 5% 할인 | 주유: 주유/LPG충전 5% 할인 | 카페: 커피 5% 할인 | 기타: 뷰티&amp;펫 5% 할인 | 무이자할부: 무이자할부
2645,ZipL 신용카드,BNK부산은행,신용,"BC, Mastercard","국내전용 [10,000]원 / 해외겸용 [15,000]원",0,없음,공과금: 10% | 공과금: 10% | 마트/편의점: 10%,"교통, 통신, 마트/편의점, 무실적, 공과금/렌탈, 병원/약국, 애완동물",false,,https://d1c5n4ri2guedi.cloudfront.net/card/2645/card_img/32105/2645card.png,https://www.card-gorilla.com/card/detail/2645,할인: 생활요금・교육・병의원・교통 10% 할인
2757,the black,현대카드,신용,VISA,"국내전용 [3,000,000]원 / 해외겸용 [3,000,000]원",500000,"500,000원",프리미엄: 1000원 | 바우처: 2000000원 | 공항라운지/PP: 무제한,"모든가맹점, 쇼핑, 항공마일리지, 공항라운지/PP, 프리미엄, 여행/숙박",false,2024-09-25,https://d1c5n4ri2guedi.cloudfront.net/card/2757/card_img/37054/2756card_2.png,https://www.card-gorilla.com/card/detail/2757,바우처: 국내 Luxury/Gourmet 영역에서 카테고리 구분 없이 사용 가능한 바우처 | 적립: [기본혜택] 대한항공 마일리지와 M포인트 중 선택 적립 | 프리미엄 서비스: [우대 서비스] the Black Concierge | 공항라운지: [우대서비스] 인천국제공항 라운지 서비스&middot;발레파킹 서비스
2238,롯데월드카드,삼성카드,신용,VISA,"국내전용 [10,000]원 / 해외겸용 [10,000]원",300000,"300,000원",테마파크: 50% | 테마파크: 10% | 생활: 7%,"모든가맹점, 주유, 쇼핑, 푸드, 공과금/렌탈, 교육/육아, 레저/스포츠",false,,https://d1c5n4ri2guedi.cloudfront.net/card/2238/card_img/28091/2238card.png,https://www.card-gorilla.com/card/detail/2238,테마파크: 서비스안내 | 테마파크: 서비스안내 | 테마파크: 서비스안내 | 테마파크: 서비스안내 | 생활: 서비스안내 | 모든가맹점: 서비스안내 | 해외: 서비스안내 | 디지털구독: 서비스안내 | 제휴/PLCC: 서비스안내 | 선택형: 카드 디자인 선택 가능
784,LG U+ 삼성카드,삼성카드,신용,VISA,"국내전용 [20,000]원 / 해외겸용 [20,000]원",300000,"300,000원",통신: 무제한 | 통신: 10000원,통신,false,,https://d1c5n4ri2guedi.cloudfront.net/card/784/card_img/33132/784card.png,https://www.card-gorilla.com/card/detail/784,"LGU+: LG U+ 대상 단말기 구매 시 24개월 라이트할부 제공 | LGU+: LG U+ 통신요금 자동납부 시, 전월 생활요금 자동납부 결제건수에 따라 LG U+ 통신요금 월 자동납부금액 7,000원~16,000원 결제일할인(청구할인)"
630,Easy all 카드,KB국민카드,신용,"VISA, UnionPay","국내전용 [20,000]원 / 해외겸용 [20,000]원",500000,"500,000원",선택형: 무제한 | 배달앱: 10% | 대중교통: 7%,"교통, 주유, 통신, 마트/편의점, 쇼핑, 푸드, 카페/디저트, 뷰티/피트니스, 병원/약국, 애완동물, 교육/육아, 레저/스포츠, OTT/영화/문화, 프리미엄, 해외",false,,https://d1c5n4ri2guedi.cloudfront.net/card/630/card_img/21396/630card.png,https://www.card-gorilla.com/card/detail/630,선택형: Easy all 선택 서비스(택1) | 선택형: 1. Auto 모드 (많이 쓴 영역에서 자동 캐시백) | 프리미엄: Visa Young Premium 서비스
2702,삼성 iD CLASSY 카드,삼성카드,신용,VISA,"국내전용 [30,000]원 / 해외겸용 [30,000]원",300000,"300,000원",할인: 35000원 | 적립: 2% | 카페: 20%,"모든가맹점, 마트/편의점, 쇼핑, 카페/디저트, 병원/약국, 애완동물, OTT/영화/문화",false,2023-01-20,https://d1c5n4ri2guedi.cloudfront.net/card/2702/card_img/34202/2702card.png,https://www.card-gorilla.com/card/detail/2702,"할인: [기프트 서비스] 할인점에서 건별 35,000원 이상 결제 시 35,000원 결제일 할인 (연 1회) | 적립: [국내외 가맹점 적립] 국내외 가맹점 0.5~2% 빅포인트 적립 | 카페: [커피전문점 할인] 커피전문점 20% 결제일 할인 | 영화: [영화 할인] 영화 5천원 결제일할인"
2393,SSG.COM 카드 Edition2,현대카드,신용,VISA,"국내전용 [10,000]원 / 해외겸용 [10,000]원",300000,"300,000원",온라인쇼핑: 7% | 모든가맹점: 0.5% | 디지털구독: 무제한,"모든가맹점, 마트/편의점, 쇼핑, OTT/영화/문화, 간편결제",false,,https://d1c5n4ri2guedi.cloudfront.net/card/2393/card_img/25915/2393card.png,https://www.card-gorilla.com/card/detail/2393,온라인쇼핑: SSG.COM 결제 시 SSG MONEY 7% 적립 | 모든가맹점: SSG.COM 외 가맹점 결제 시 SSG MONEY 0.5% 적립 | 디지털구독: 매달 스마일클럽 정기 결제 금액 지원 | 선택형
108,와이즈카드,KB국민카드,신용,"VISA, Mastercard, AMEX, UnionPay, JCB","국내전용 [5,000]원 / 해외겸용 [10,000]원",0,없음,생활: 4.5% | 모든가맹점: 0.5% | 무이자할부: 무제한,"교통, 주유, 통신, 마트/편의점, 쇼핑, 푸드, 카페/디저트, 뷰티/피트니스, 무실적, 병원/약국, 교육/육아, 레저/스포츠, 해외",false,,https://d1c5n4ri2guedi.cloudfront.net/card/108/card_img/20266/108card.png,https://www.card-gorilla.com/card/detail/108,"생활: 7대 영역 중 매달 가장 많이 쓴 3대 영역을 찾아 0.5%~4.5% 특별 포인트리 적립 | 모든가맹점: 국내외 일시불 및 할부 이용금액에 대하여 0.5% 기본 포인트리 적립 | 적립: KB국민 와이즈카드로 매출 건당 100만원 이상 이용시마다 5,000포인트리 적립"
177,NH올원 All100(올백)카드,NH농협카드,신용,"Mastercard, JCB","국내전용 [8,000]원 / 해외겸용 [8,000]원",300000,"300,000원",백화점: 10% | 대형마트: 10% | 병원/약국: 10%,"교통, 통신, 마트/편의점, 쇼핑, 공과금/렌탈, 병원/약국, 애완동물, OTT/영화/문화",false,,https://d1c5n4ri2guedi.cloudfront.net/card/177/card_img/20393/177card.png,https://www.card-gorilla.com/card/detail/177,생활: 생활적립서비스 대상 가맹점 NH포인트 10% 적립 | 은행사: 보험 및 금융 서비스 | OK캐쉬백: OK Cashbag | 멤버십포인트: GS리테일 멤버십(GS&amp;Point)
260,국민행복카드(신용),IBK기업은행,신용,BC,국내전용 [없음],300000,"300,000원",교육/육아: 5% | 카페/디저트: 20% | 병원/약국: 5%,"교통, 통신, 쇼핑, 푸드, 카페/디저트, 병원/약국, 교육/육아, 레저/스포츠",false,,https://d1c5n4ri2guedi.cloudfront.net/card/260/card_img/20486/260card.png,https://www.card-gorilla.com/card/detail/260,국민행복: 국민행복카드 | 어린이집: 선택서비스 : for Green Life Service(C-Type) | 학원: 선택서비스 : for Children Service(B-Type) | 병원: 선택서비스 : for Baby Service(A-Type) | 기타: 그린카드 멤버십서비스(공통서비스) 안내
271,일년의 설렘카드,IBK기업은행,신용,"VISA, UnionPay","해외겸용 [10,000]원",500000,"500,000원",캐시백: 700000원 | 기타: 무제한 | 테마파크: 무제한,"모든가맹점, 레저/스포츠",false,,https://d1c5n4ri2guedi.cloudfront.net/card/271/card_img/23585/271card.png,https://www.card-gorilla.com/card/detail/271,"캐시백: 본인과 가족카드를 합산한 연간 이용금액에 따라 정액캐시백 지급 | 기타: 당행 전자금융 이체수수료 면제 | 테마파크: 주요 놀이공원 무료입장 또는 입장료/자유이용권 할인 (월 1회, 연 2회)"
476,신한카드 Deep Making,신한카드,신용,VISA,"국내전용 [30,000]원 / 해외겸용 [30,000]원",400000,"400,000원",선택형: 17% | 쇼핑: 5% | 푸드: 5%,"교통, 주유, 통신, 마트/편의점, 쇼핑, 푸드, 카페/디저트, 병원/약국, 교육/육아, 해외",false,,https://d1c5n4ri2guedi.cloudfront.net/card/476/card_img/21166/476card.png,https://www.card-gorilla.com/card/detail/476,"선택형: 17개 서비스 영역 중 포인트 적립받을 영역과 적립율을직접 선택하는 DIY 서비스! | 쇼핑: [Making 17 서비스 - 쇼핑영역] | 푸드: [Making 17 서비스 - 푸드영역] | 해외: [Making 17 서비스 - 여행영역] | 생활: [Making 17 서비스 - 생활영역] | 적립: My Pick 가맹점 선택하여 월 3,6,9번째 이용시마다 마이신한포인트 2,000포인트 적립!"
895,신한카드 주거래 신용,신한카드,신용,"VISA, UnionPay","해외겸용 [15,000]원",300000,"300,000원",모든가맹점: 0.7% | 쇼핑: 1.3% | 생활: 3.3%,"모든가맹점, 교통, 통신, 마트/편의점, 쇼핑, 공과금/렌탈, 해외",false,,https://d1c5n4ri2guedi.cloudfront.net/card/895/card_img/21647/895card.png,https://www.card-gorilla.com/card/detail/895,모든가맹점: 모든 가맹점 0.7% 포인트 적립 | 쇼핑: 쇼핑 가맹점 1.3% 추가적립(총 2% 적립) | 해외: 해외 이용금액 1.3% 추가적립(총 2% 적립) | 생활: 생활 가맹점 3.3% 추가적립(총 4% 적립)
721,국민행복카드 S2,우리카드,신용,"Mastercard, BC",국내전용 [없음] / 해외겸용 [없음],300000,"300,000원",병원/약국: 7% | 교육/육아: 7% | 디지털구독: 20%,"통신, 마트/편의점, 쇼핑, 푸드, 공과금/렌탈, 교육/육아, OTT/영화/문화, 항공마일리지, 여행/숙박, 해외",false,,https://d1c5n4ri2guedi.cloudfront.net/card/721/card_img/22195/721card.png,https://www.card-gorilla.com/card/detail/721,"국민행복: 쇼핑/생활 업종(백화점, 대형할인점, 온라인쇼핑, 이동통신, 생활월납, 렌탈) 5% 청구할인 | 국민행복: 의료(임신&middot;출산) / 보육(교육) 업종 7% 청구할인 | 디지털구독: 언택트 라이프 업종(영상, 음원, 전자도서, 멤버십) 20% 청구할인 | 해외: 해외가맹점(해외직구 포함) 이용금액 청구할인 | 여행/숙박: 프리미엄 투어 서비스"
1961,S1카드,Sh수협은행,신용,"Mastercard, UnionPay","국내전용 [10,000]원  해외겸용 [12,000]원",0,없음,선택형: 무제한 | 마트/편의점: 7% | 푸드: 7%,"교통, 주유, 마트/편의점, 쇼핑, 푸드, 카페/디저트, 무실적, 병원/약국, 교육/육아, 레저/스포츠, OTT/영화/문화, 여행/숙박, 해외",false,,https://d1c5n4ri2guedi.cloudfront.net/card/1961/card_img/22037/1961card.png,https://www.card-gorilla.com/card/detail/1961,"선택형: 1개 업종 가맹점에서 7% 청구 할인 | 마트/편의점: 할인한도 | 푸드: 전국 모든 음식점(한식, 양식, 일식, 중식, 뷔페, 분식, 패밀리레스토랑, 패스트푸드, 커피전문점, 주점(유흥주점, 단란주점 제외), 제과점 | 쇼핑: 할인한도 | 레저/스포츠: 전국 모든 골프장, 골프연습장 | 교육/육아: 전국 모든 학원(온라인 강의 제외) | 병원/약국: 전국 모든 병원(동물병원 제외), 의원, 한의원, 약국, 산후조리원 | 주유: 전국 모든 주유소, 가스충전소"
2865,신세계 트래블GO 하나카드,하나카드,신용,VISA,"국내전용 [20,000]원 / 해외겸용 [20,000]원",0,없음,적립: 무제한 | 공항라운지: 무제한 | 수수료우대: 무제한,"모든가맹점, 쇼핑, 무실적, 항공마일리지, 공항라운지/PP, 여행/숙박, 해외",false,2025-04-22,https://d1c5n4ri2guedi.cloudfront.net/card/2865/card_img/43858/2865card.png,https://www.card-gorilla.com/card/detail/2865,적립: 신세계백화점 하나머니 적립 | 적립: 그 외 하나머니 적립 | 공항라운지: 서비스 제공 기간 | 수수료우대: 해외 이용수수료 면제서비스 (외화 하나머니 결제 시)
2913,SK인텔릭스 올림 KB국민카드,KB국민카드,신용,Mastercard,"해외겸용 [12,000]원",300000,"300,000원",할인: 10000원 | 영화: 3500원 | 테마파크: 50%,"공과금/렌탈, 레저/스포츠, OTT/영화/문화",false,2016-12-21,https://d1c5n4ri2guedi.cloudfront.net/card/2913/card_img/44987/2913card.png,https://www.card-gorilla.com/card/detail/2913,"할인: SK인텔릭스 구독료 자동이체 시 1만 1천원 ~ 2만원 청구할인 | 영화: 메가박스/CGV 온라인 영화 예매 시 승인 건당 3,500원 청구할인 | 테마파크: 롯데월드 어드벤처 종합이용권 50% 현장 할인 | 테마파크: 에버랜드 페스티벌월드 자유이용권 50% 현장 할 | 테마파크: 캐리비안베이 입장권 30% 현장 할인"
2380,신세계 BC 바로 콰트로 플러스,BC 바로카드,신용,"VISA, BC","국내전용 [5,000]원 / 해외겸용 [5,000]원",300000,"300,000원",쇼핑: 5% | 교통: 4% | 온라인쇼핑: 7%,"교통, 주유, 통신, 마트/편의점, 쇼핑, 푸드, 카페/디저트, 병원/약국, 프리미엄",false,,https://d1c5n4ri2guedi.cloudfront.net/card/2380/card_img/25482/2380card.png,https://www.card-gorilla.com/card/detail/2380,쇼핑: 신세계백화점&middot;이마트 등 5% 할인 | 교통: 주유소&middot;전기차&middot;대중교통&middot;택시 4% 할인 | 온라인쇼핑: SSG&middot;쿠팡&middot;G마켓&middot;옥션&middot;11번가 7% 할인 | 생활: 병원&middot;약국&middot;통신3사휴대폰요금 5% 할인 | 푸드: 스타벅스&middot;이디야&middot;아웃백 등 10% 할인 | 제휴/PLCC: 신세계백화점 제휴 서비스 제공 | 프리미엄 서비스: VISA Platinum 서비스 제공
2615,IBK KaPick,IBK기업은행,신용,"Mastercard, BC","국내전용 [14,000]원 / 해외겸용 [15,000]원",0,없음,적립: 0.5% | 적립: 1.5% | 적립: 7%,"교통, 주유, 통신, 마트/편의점, 쇼핑, 푸드, 카페/디저트, 무실적, 애완동물, OTT/영화/문화",false,2023-08-25,https://d1c5n4ri2guedi.cloudfront.net/card/2615/card_img/31432/2615card-%281%29.png,https://www.card-gorilla.com/card/detail/2615,카카오페이: ALL - 국내・외 가맹점 0.5% 카카오페이 포인트 적립 | 카카오페이: LIVING - 주요소비영역 1%~1.5% 카카오페이 포인트 적립 | 카카오페이: MEMBERSHIP - 멤버십 영역 5%~7% 카카오페이 포인트 적립
2521,NOL 카드,현대카드,신용,"VISA, AMEX","국내전용 [20,000원] / 해외겸용 [20,000원]",400000,"400,000원",기타: 10% | 기타: 10% | 기타: 10%,"교통, 쇼핑, 카페/디저트, 레저/스포츠, OTT/영화/문화, 해외",false,,https://d1c5n4ri2guedi.cloudfront.net/card/2521/card_img/28840/2521card.png,https://www.card-gorilla.com/card/detail/2521,멤버십포인트: 야놀자&middot;인터파크(투어/티켓)&middot;트리플 NOL 포인트 10% 적립 | 멤버십포인트: 커피전문점&middot;편의점&middot;디지털 콘텐츠 서비스 NOL 포인트 10% 적립 | 멤버십포인트: 쇼핑&middot;영화&middot;골프&middot;대중교통 NOL 포인트 10% 적립 | 멤버십포인트: 해외 가맹점 NOL 포인트 10% 적립 | 프리미엄 서비스: 국내 공항 라운지 서비스 | 선택형: 플레이트 6종 선택
2535,K-22(Point),IBK기업은행,신용,"Mastercard, BC","국내전용 [219,000]원 / 해외겸용 [220,000]원",500000,"500,000원",멤버십포인트: 2% | 바우처: 150000원 | 공항라운지: 무제한,"쇼핑, 공항라운지/PP, 프리미엄, 여행/숙박",false,,https://d1c5n4ri2guedi.cloudfront.net/card/2535/card_img/29416/2535card.png,https://www.card-gorilla.com/card/detail/2535,"멤버십포인트: TOP포인트 적립 | 바우처: 바우처서비스 (연 1회 제공, 5가지 중 택 1) | 프리미엄 서비스: 프리미엄 서비스 | 프리미엄 서비스: 특별서비스 | 프리미엄 서비스: 브랜드 서비스"
2543,신세계 THE S VIP,삼성카드,신용,"Mastercard, UnionPay","국내전용 [47,000]원 / 해외겸용 [49,000]원",500000,"500,000원",백화점: 1% | 모든가맹점: 0.5% | 영화: 10000원,"모든가맹점, 통신, 마트/편의점, 쇼핑, 푸드, 카페/디저트, 병원/약국, 교육/육아, 자동차/하이패스, 레저/스포츠, OTT/영화/문화",false,,https://d1c5n4ri2guedi.cloudfront.net/card/2543/card_img/29519/2543card.png,https://www.card-gorilla.com/card/detail/2543,"백화점: 신세계백화점 1% 할인 | 국내외가맹점: 0.5% 결제일할인 | 기타: 교육&bull;할인점&bull;이동통신&bull;병원&bull;약국 할인 | 영화: 모든 영화관 10,000원 결제일할인 | 카페: 커피전문점 20% 결제일할인 | 패밀리레스토랑: VIPS&bull;더플레이스 20,000원 결제일할인 | 테마파크: 놀이공원&bull;워터파크 할인 서비스 | 정비: 닥터카 서비스 | 백화점: 신세계백화점 제휴 서비스 | 프리미엄 서비스: Mastercard PLATINUM 등급 서비스 | 경기관람: 프로스포츠 프로모션 서비스"
2914,신세계 신백리워드 삼성카드,삼성카드,신용,Mastercard,"국내전용 [20,000]원 / 해외겸용 [20,000]원",0,없음,백화점: 3% | 대형마트: 6000원 | 영화: 3000원,"모든가맹점, 교통, 주유, 마트/편의점, 쇼핑, 푸드, 무실적, 자동차/하이패스, 레저/스포츠, OTT/영화/문화",false,2024-09-12,https://d1c5n4ri2guedi.cloudfront.net/card/2914/card_img/44990/2914card.png,https://www.card-gorilla.com/card/detail/2914,"백화점: 전월 이용금액에 관계없이, 적립한도 없이 국내외 가맹점 0.5% ~ 3% 신백리워드 포인트 적립 | 대형마트: 이마트/트레이더스 홀세일 클럽/이마트 에브리데이/일렉트로마트/노브랜드에서 건별 10만원 이상 결제 시 6,000원 결제일할인 | 영화: CGV 영화 티켓 건별 5,000원 이상 결제 시 3,000원 결제일할인 | 테마파크: 놀이공원 자유이용권 50% / 워터파크 입장권 30% 현장할인 | 자동차: 엔진오일(오일필터/에어필터 포함) 교환 시 20,000원 현장할인(월 1회, 연 2회) | 무이자할부: 국내 가맹점에서 주말(토/일요일)에 건별 50,000원 이상 결제 시 2~3개월 무이자할부 | 무이자할부: 신세계백화점/이마트/트레이더스 홀세일 클럽/이마트 에브리데이/일렉트로마트/노브랜드에서 건별 50,000원 이상 결제 시 2~3개월 무이자할부 | 백화점: 신세계백화점 제휴 서비스"
2948,넥슨 현대카드 Edition2 넥슨팩,현대카드,신용,"Mastercard, AMEX","국내전용 [20,000]원 / 해외겸용 [20,000]원",300000,"300,000원",적립: 10%,"마트/편의점, 쇼핑, 푸드, 레저/스포츠, 간편결제",false,2025-11-25,https://d1c5n4ri2guedi.cloudfront.net/card/2948/card_img/48050/2948card_2.png,https://www.card-gorilla.com/card/detail/2948,적립: 넥슨팩 10% 넥슨 현대카드 포인트2 적립 | 프리미엄: 메탈 플레이트 제공
275,제주항공 Refresh Point 카드,IBK기업은행,신용,"Mastercard, BC, BC Global, UnionPay","해외겸용 [20,000]원 / 해외겸용 [22,000]원",0,없음,제주항공: 무제한 | 공항라운지: 무제한,"무실적, 항공마일리지, 공항라운지/PP",false,,https://d1c5n4ri2guedi.cloudfront.net/card/275/card_img/20497/275card.png,https://www.card-gorilla.com/card/detail/275,"제주항공: JEJU Air Refresh Point | 공항: JEJU AirCafe 할인 서비스 | 공항라운지: UnionPay, mastercard 브랜드 플래티늄 서비스"
1073,KT 카드의정석 SUPER DC Ⅱ,우리카드,신용,"BC, Mastercard","국내전용 [20,000]원 / 해외겸용 [20,000]원",300000,"300,000원",통신: 10000원 | OTT/영화/문화: 3000원,"통신, 레저/스포츠, OTT/영화/문화",false,,https://d1c5n4ri2guedi.cloudfront.net/card/1073/card_img/21464/1073card.png,https://www.card-gorilla.com/card/detail/1073,"KT: KT 통신서비스 요금 청구할인 | 영화: 모든 영화관 3,000원 청구할인 | 테마파크: 놀이공원 자유이용권 50% 현장할인"
1236,BNK카드,BNK부산은행,신용,"Mastercard, UnionPay","해외겸용 [10,000]원",0,없음,모든가맹점: 0.3% | 모든가맹점: 0.5% | 모든가맹점: 3.5%,"모든가맹점, 무실적",false,,https://d1c5n4ri2guedi.cloudfront.net/card/1236/card_img/21072/1236card.png,https://www.card-gorilla.com/card/detail/1236,모든가맹점: 기본 | 모든가맹점
125,E1 LPG KB국민카드,KB국민카드,신용,Mastercard,"해외겸용 [20,000]원",500000,"500,000원",주유: 100원 | 쇼핑: 10% | OTT/영화/문화: 10%,"교통, 주유, 쇼핑, 푸드, 공과금/렌탈, 레저/스포츠, OTT/영화/문화",false,,https://d1c5n4ri2guedi.cloudfront.net/card/125/card_img/20355/125card.png,https://www.card-gorilla.com/card/detail/125,주유: [Car Life 서비스] | 레저/스포츠: [My Life 서비스] | 쇼핑: [My Life 서비스] | 푸드: [My Life 서비스] | OTT/영화/문화: CGV 영화관 이용금액 10% 청구할인 | 교통: 대중교통 이용금액 10% 청구할인 [My Life 서비스]
190,올바른TRAVEL카드(중국특화),NH농협카드,신용,UnionPay,"해외겸용 [20,000]원",300000,"300,000원",여행/숙박: 50% | 해외: 7% | 카페/디저트: 10%,"교통, 마트/편의점, 쇼핑, 카페/디저트, OTT/영화/문화, 여행/숙박, 해외",false,,https://d1c5n4ri2guedi.cloudfront.net/card/190/card_img/20410/190card.png,https://www.card-gorilla.com/card/detail/190,"여행/숙박: 중국 비자 수수료 청구할인 | 교통: 리무진버스, 공항철도 직통열차, 고속도로 무료 이용 | 해외이용: 해외 가맹점(해외사이트 포함) 이용금액 7% 청구할인 | 생활: 국내면세점 5% 청구할인 | 프리미엄: 국제브랜드 프리미엄서비스"
512,올바른 POINT UP 카드,NH농협카드,신용,"VISA, Mastercard, JCB","해외겸용 [12,000]원",400000,"400,000원",모든가맹점: 0.7% | 생활: 1% | 공항라운지/PP: 무제한,"모든가맹점, 교통, 마트/편의점, 카페/디저트, OTT/영화/문화, 공항라운지/PP, 해외",false,,https://d1c5n4ri2guedi.cloudfront.net/card/512/card_img/21198/512card.png,https://www.card-gorilla.com/card/detail/512,모든가맹점: 기본적립 0.7% + 우대적립 0.1%~0.3% | 생활: 생활영역 0.5%~1.0% 추가 적립 | 공항라운지/PP: 국제공항 라운지 무료이용 | 금융: 전자금융 수수료 면제
2793,현대카드 Boutique - Copper,현대카드,신용,"VISA, AMEX","국내전용 [80,000]원 / 해외겸용 [80,000]원",500000,"500,000원",적립: 1.5% | 적립: 5% | 바우처: 50000원,"모든가맹점, 교통, 마트/편의점, 쇼핑, 푸드, 공항라운지/PP",false,2025-01-06,https://d1c5n4ri2guedi.cloudfront.net/card/2793/card_img/40427/2793card_2.png,https://www.card-gorilla.com/card/detail/2793,"바우처: [연간 보너스] 호텔, 여행, 다이닝 영역에서 사용 또는 M포인트로 교환 가능한 5만원 크레딧 제공(연 1회) | 적립: [기본 혜택] 국내외 가맹점 1.5% M포인트 적립 | 적립: [추가 혜택] 온라인몰, 배달 앱, 편의점, 대중교통 5% M포인트 적립 | 프리미엄 서비스: M 긴급적립(선지급 포인트 서비스)"
2472,SKT-현대카드M Edition3(라이트할부형2.0),현대카드,신용,"VISA, Mastercard, AMEX","국내전용 [20,000]원 / 해외겸용 [20,000]원",500000,"500,000원",통신: 20000원 | 모든가맹점: 3% | 자동차: 1.5%,"모든가맹점, 교통, 주유, 통신, 마트/편의점, 푸드, 카페/디저트, 교육/육아, 자동차/하이패스, OTT/영화/문화",false,,https://d1c5n4ri2guedi.cloudfront.net/card/2472/card_img/28299/2472card.png,https://www.card-gorilla.com/card/detail/2472,SKT: SKT 라이트할부 이용 시 최대 2만 5천원 할인 혜택 | 적립: 국내외 가맹점에서 0.5~3% M포인트 적립 | 적립: 현대자동차&middot;기아 신차 구매 시 1.5% 적립 | 적립: 온라인쇼핑 결제 시 M포인트 추가 적립
1882,삼성스토어 삼성카드,삼성카드,신용,Mastercard,"국내전용 [20,000]원 / 해외겸용 [20,000]원",500000,"500,000원",쇼핑: 무제한 | 쇼핑: 10000원 | 기타: 5%,"교통, 카페/디저트",false,,https://d1c5n4ri2guedi.cloudfront.net/card/1882/card_img/28579/1882card.png,https://www.card-gorilla.com/card/detail/1882,쇼핑: 서비스안내 | 쇼핑: 서비스안내 | 교통: 서비스안내 | 카페: 서비스안내 | 쇼핑: 서비스안내 | 쇼핑: 서비스안내
1233,LG전자 KB국민카드,KB국민카드,신용,"Mastercard, JCB","해외겸용 [15,000]원",300000,"300,000원",기타: 10000원 | 렌탈: 10000원,공과금/렌탈,false,,https://d1c5n4ri2guedi.cloudfront.net/card/1233/card_img/21075/1233card.png,https://www.card-gorilla.com/card/detail/1233,기타: 라이트할부 할인서비스 | 렌탈: 렌탈요금 할인서비스
912,Easy shopping 티타늄카드,KB국민카드,신용,"Mastercard, JCB","국내전용 [30,000]원 / 해외겸용 [30,000]원",500000,"500,000원",쇼핑: 10% | 간편결제: 5% | 선택형: 5%,"마트/편의점, 쇼핑, 푸드, 공과금/렌탈",false,,https://d1c5n4ri2guedi.cloudfront.net/card/912/card_img/21632/912card.png,https://www.card-gorilla.com/card/detail/912,"쇼핑: 온라인쇼핑몰, 대형마트, 소셜커머스, 백화점 10% 포인트리 적립 | 선택형: [선택서비스(택1)] | 간편결제: 온라인쇼핑몰에서 KB Pay 이용 시 5% 포인트리 적립 | 프리미엄 서비스: Master 티타늄 서비스"
785,KT 삼성카드,삼성카드,신용,Mastercard,"국내전용 [20,000]원 / 해외겸용 [20,000]원",300000,"300,000원",통신: 무제한 | 통신: 10000원,통신,false,,https://d1c5n4ri2guedi.cloudfront.net/card/785/card_img/28072/785card.png,https://www.card-gorilla.com/card/detail/785,"KT: KT 대상 단말기 구매 시 24개월 라이트할부 제공 | KT: KT 통신요금 자동납부 시, 전월 생활요금 자동납부 결제건수에 따라 KT 통신요금 월 자동납부금액 7,000원~16,000원 결제일할인(청구할인)"
733,무신사 현대카드,현대카드,신용,Mastercard,"국내전용 [10,000]원 / 해외겸용 [10,000]원",300000,"300,000원",온라인쇼핑: 5% | 적립: 1%,"모든가맹점, 쇼핑",false,,https://d1c5n4ri2guedi.cloudfront.net/card/733/card_img/22207/733card.png,https://www.card-gorilla.com/card/detail/733,온라인쇼핑: 무신사 및 솔드아웃에서 결제 시 5% 청구 할인 | 적립: 그 외 가맹점에서 결제 시 무신사 적립금 1% 적립
2994,카드의정석2 원더라이프,우리카드,신용,Mastercard,"국내전용 [25,000]원 / 해외겸용 [25,000]원",0,없음,국내외가맹점: 1% | 할인: 1.5% | 할인: 2.5%,"모든가맹점, 주유, 마트/편의점, 쇼핑, 뷰티/피트니스, 무실적, 공과금/렌탈, 병원/약국, 레저/스포츠, 해외",false,2026-03-20,https://d1c5n4ri2guedi.cloudfront.net/card/2994/card_img/49069/2994card.png,https://www.card-gorilla.com/card/detail/2994,할인: 국내외 가맹점 1% 청구할인 | 할인: 특별할인
189,올바른TRAVEL카드(일본특화),NH농협카드,신용,JCB,"해외겸용 [20,000]원",300000,"300,000원",여행/숙박: 10000원 | 해외: 7% | 카페/디저트: 10%,"교통, 마트/편의점, 쇼핑, 카페/디저트, OTT/영화/문화, 여행/숙박, 해외",false,,https://d1c5n4ri2guedi.cloudfront.net/card/189/card_img/20407/189card.png,https://www.card-gorilla.com/card/detail/189,"여행/숙박: 유니버셜스튜디오재팬TM(오사카소재) 1만원 청구할인 | 교통: 리무진버스, 공항철도 직통열차, 고속도로 무료 이용 | 해외이용: 해외 가맹점(해외사이트 포함) 이용금액 7% 청구할인 | 생활: 국내면세점 5% 청구할인 | 프리미엄: 국제브랜드 프리미엄서비스"
242,Mile 1.6 대한항공,하나카드,신용,AMEX,"해외겸용 [45,000]원",0,없음,항공마일리지: 500원 | 항공마일리지: 500원 | OTT/영화/문화: 4000원,"모든가맹점, 카페/디저트, 무실적, OTT/영화/문화, 항공마일리지, 해외",false,,https://d1c5n4ri2guedi.cloudfront.net/card/242/card_img/20469/242card.png,https://www.card-gorilla.com/card/detail/242,"항공마일리지: HANA Mile 적립 | 카페: 스타벅스 4,000원 청구할인 (월 1회, 연 12회 제공) | 영화: CGV, 롯데시네마 4,000원 청구할인(월 1회, 연 12회 제공)"
565,위 테라카드(스카이패스),NH농협카드,신용,VISA,"해외겸용 [530,000]원",500000,"500,000원",대한항공: 500원 | 항공마일리지: 무제한 | 바우처: 300000원,"쇼핑, 카페/디저트, 항공마일리지, 공항라운지/PP, 프리미엄, 여행/숙박",false,,https://d1c5n4ri2guedi.cloudfront.net/card/565/card_img/21272/565card.png,https://www.card-gorilla.com/card/detail/565,"대한항공: 기본 적립 : 국내 1마일리지, 해외 2마일리지 적립 | 바우처: 프리미엄 바우처 서비스(매년 1회, 택 1) | 카페: 전세계 스타벅스 이용시 4천원 청구할인(월 1회) | 공항라운지: 전세계 공항 라운지 무료 이용 | 프리미엄: VISA SIGNATURE PREMIUM SERVICES"
2729,트래블로그 SKYPASS 신용카드,하나카드,신용,Mastercard,"국내전용 [48,000]원 / 해외겸용 [48,000]원",0,없음,대한항공: 500원 | 해외: 무제한 | 수수료우대: 무제한,"모든가맹점, 무실적, 항공마일리지, 해외",false,2024-04-26,https://d1c5n4ri2guedi.cloudfront.net/card/2729/card_img/36137/2729card_1.png,https://www.card-gorilla.com/card/detail/2729,대한항공: 대한항공 마일리지 적립 | 해외: 외화 하나머니 결제 혜택
1061,Real? Real! 2 카드,Sh수협은행,신용,"Mastercard, UnionPay","국내전용 [10,000]원 / 해외겸용 [10,000]원",300000,"300,000원",모든가맹점: 1.5% | 해외이용: 2%,"모든가맹점, 마트/편의점, 쇼핑, 푸드, 카페/디저트, OTT/영화/문화, 해외",false,,https://d1c5n4ri2guedi.cloudfront.net/card/1061/card_img/21474/1061card.png,https://www.card-gorilla.com/card/detail/1061,모든가맹점: [기본청구할인] 국내 가맹점 0.5~1.0% 청구할인 | 기타: [특별청구할인] 국내 가맹점 1.5% 청구할인 | 해외이용: 해외 가맹점(온라인포함)사용액 2% 캐시백 | 은행사: 금융우대서비스 | 무이자할부: 무이자할부
194,롯데포인트 플러스 카드,롯데카드,신용,"VISA, Mastercard, AMEX, UnionPay, JCB","국내전용 [5,000]원 / 해외겸용 [5,000]원",0,없음,적립: 무제한 | 무이자할부: 무제한 | 백화점: 5%,"모든가맹점, 주유, 마트/편의점, 쇼핑, 푸드, 뷰티/피트니스, 무실적, 레저/스포츠, OTT/영화/문화, 해외",false,,https://d1c5n4ri2guedi.cloudfront.net/card/194/card_img/20414/194card.png,https://www.card-gorilla.com/card/detail/194,적립: 더블포인트 적립 서비스 | 무이자할부: 6개월 슬림할부(부분 무이자할부) 서비스 | 카드사: 쇼핑
2504,팟(pod) 카드,BNK부산은행,신용,"Mastercard, BC","국내전용 [10,000원] / 해외겸용 [15,000원]",400000,"400,000원",간편결제: 10% | 마트/편의점: 10% | 온라인쇼핑: 10%,"마트/편의점, 쇼핑, 푸드, 카페/디저트, 레저/스포츠, OTT/영화/문화, 간편결제",false,,https://d1c5n4ri2guedi.cloudfront.net/card/2504/card_img/28652/2504card.png,https://www.card-gorilla.com/card/detail/2504,"간편결제: 네이버페이&middot;카카오페이&middot;삼성페이 결제 시, 10% 할인 | 편의점: GS25, CU, 세븐일레븐, 이마트24에서 10% 할인 | 카페: 스타벅스(사이렌오더 포함) 10% 할인 | 생활: 인생네컷 10% 할인 | 테마파크: 에버랜드, 롯데월드, 통도환타지아, 경주월드, 이월드 자유이용권 50% 현장할인 | 디지털구독: 넷플릭스, 멜론, 유튜브프리미엄, 디즈니플러스 30% 할인 | 생활: 카카오웹툰, 카카오페이지, 네이버웹툰 10% 할인 | 온라인쇼핑: 무신사, 에이블리, 지그재그, 마켓컬리, SSG, 쿠팡, G마켓, 옥션, 11번가 10% 할인 | 배달앱: 요기요, 배달의 민족 10% 할인"
2339,CEO카드,IBK기업은행,신용,Mastercard,"해외겸용 [220,000원]",700000,"700,000원",항공마일리지: 2% | 바우처: 무제한 | 프리미엄 서비스: 무제한,"주유, 마트/편의점, 쇼핑, 카페/디저트, 레저/스포츠, 항공마일리지, 공항라운지/PP, 프리미엄, 여행/숙박, 해외",false,,https://d1c5n4ri2guedi.cloudfront.net/card/2339/card_img/24303/2339card.png,https://www.card-gorilla.com/card/detail/2339,항공마일리지: Air Money 포인트 최대 2% 적립 | 바우처: 바우처 Service 연 1회 제공 | 공항라운지: [Premium Service] 전세계 공항라운지 무료 이용 서비스 | 골프: [Premium Service] 국내 지정 골프장 무료 커피 제공 | 호텔: [Premium Service] 국내 부띠크호텔 브런치세트 무료 제공 | 카페: [특별할인 Service] 커피점 10% 할인 | 온라인쇼핑: [특별할인 Service] 온라인 쇼핑 5% 할인 | 대형마트: [특별할인 Service] 대형마트 5% 할인 | 백화점: [특별할인 Service] 백화점 5% 할인 | 기타: [브랜드 Service] Master Platinum 등급 국제브랜드 서비스 제공 | 선택형: DUAL카드 Service
2445,원더카드 2.0 DAILY,하나카드,신용,"VISA, Mastercard, AMEX","국내전용 [19,900]원 / 해외겸용 [19,900]원",400000,"400,000원",디지털구독: 40% | 일반음식점: 10% | 할인: 15000원,"교통, 마트/편의점, 쇼핑, 푸드, OTT/영화/문화",false,,https://d1c5n4ri2guedi.cloudfront.net/card/2445/card_img/44249/2445card.png,https://www.card-gorilla.com/card/detail/2445,배달앱: 딜리버리 10% 할인 | 편의점: 편의점 10% 할인 | 디지털구독: 영상 스트리밍 40% 할인 | 교통: 택시 10% 할인 | 대중교통: 대중교통 10% 할인 | 푸드: 하나페이 맛집 10% 할인 | 온라인쇼핑: 온라인식품&amp;쇼핑 10% 할인
693,신한카드 MY CAR,신한카드,신용,Mastercard,"국내전용 [27,000]원 / 해외겸용 [30,000]원",400000,"400,000원",자동차: 0.2% | 주유: 무제한 | 자동차: 30%,"주유, 카페/디저트, 자동차/하이패스",false,,https://d1c5n4ri2guedi.cloudfront.net/card/693/card_img/22167/693card.png,https://www.card-gorilla.com/card/detail/693,자동차: 신한카드 MY CAR로 자동차 구매 시 0.2% 캐시백 서비스 제공 | 주유: 전국 모든 주유소 이용금액 리터당 80원 결제일 할인 | 정비: 스피드메이트/오토오아시스/현대 블루핸즈/기아 오토큐 연 최대 4만원 결제일 할인 | 자동차/하이패스: 전기차 충전요금 30% 결제일 할인 | 카페: 전국 모든 커피전문점 월 최대 2천원 결제일 할인
2627,TWO CHAIRS,우리카드,신용,VISA,"해외겸용 [2,500,000]원",0,없음,바우처: 2500000원 | 적립: 2% | 공항라운지: 무제한,"모든가맹점, 쇼핑, 무실적, 프리미엄, 여행/숙박",false,2023-11-29,https://d1c5n4ri2guedi.cloudfront.net/card/2627/card_img/31712/2627card.png,https://www.card-gorilla.com/card/detail/2627,바우처: Voucher : Premium Gift | 적립: 기본적립 2% | 프리미엄 서비스: [프리미엄 서비스] 공항라운지 서비스 | 프리미엄 서비스: [프리미엄 서비스] 항공사 마일리지 전환 | 프리미엄 서비스: [프리미엄 서비스] 메탈 플레이트 제공 | 프리미엄 서비스: 다이닝 프리빌리지 서비스
2517,네이버웹툰 삼성 iD 카드,삼성카드,신용,Mastercard,"국내전용 [10,000원] / 해외겸용 [10,000원]",0,없음,디지털구독: 50% | 네이버페이: 1% | 네이버페이: 5%,"쇼핑, 푸드, 카페/디저트, 무실적, OTT/영화/문화, 간편결제, 해외",false,,https://d1c5n4ri2guedi.cloudfront.net/card/2517/card_img/28787/2517card.png,https://www.card-gorilla.com/card/detail/2517,디지털구독: 네이버 디지털콘텐츠/네이버플러스 멤버십 50% 네이버페이 포인트 적 | 네이버페이: 네이버페이로 결제 시 국내 가맹점 1% 네이버페이 포인트 적립 | 네이버페이: 배달앱/커피전문점 5% 네이버페이 포인트 적립 | 온라인쇼핑: 온라인쇼핑몰 5% 네이버페이 포인트 적립 | 해외이용: 해외 1% 네이버페이 포인트 적립
2389,넥슨 현대카드,현대카드,신용,"Mastercard, AMEX","국내전용 [10,000]원 / 해외겸용 [10,000]원",0,없음,모든가맹점: 0.5% | 모든가맹점: 1.5%,"모든가맹점, 무실적, 간편결제",false,,https://d1c5n4ri2guedi.cloudfront.net/card/2389/card_img/25818/2389card.png,https://www.card-gorilla.com/card/detail/2389,모든가맹점: 제한 없이 기본 0.5% 적립 | 모든가맹점: 이용금액 30만원 이상 시 1.5% 추가 적립 | 선택형
2195,Kia Members 신용카드 Edition2,현대카드,신용,"VISA, Mastercard","국내 [30,000]원 / 해외겸용 [30,000]원",0,없음,적립: 1.5% | 적립: 1% | 제휴/PLCC: 2%,"모든가맹점, 무실적, 공과금/렌탈, 자동차/하이패스",false,,https://d1c5n4ri2guedi.cloudfront.net/card/2195/card_img/21809/2195card.png,https://www.card-gorilla.com/card/detail/2195,적립: ※ 당월 이용금액 및 세이브-오토 경험 여부에 따른 포인트 적립률 | 자동차/하이패스: ※ 기아 신차 구매 시 1.5% M포인트 적립 | 제휴/PLCC: ※ Kia Members 멤버십 서비스 | 멤버십포인트: ※ 일상생활 속 다양한 가맹점에서 이용금액 일부를 M포인트로 사용
740,Hyundai Mobility(모빌리티) 카드,현대카드,신용,"VISA, Mastercard","국내전용 [30,000]원 / 해외겸용 [30,000]원",500000,"500,000원",자동차: 3% | 대중교통: 2% | 기타: 1%,"교통, 주유, 자동차/하이패스",false,,https://d1c5n4ri2guedi.cloudfront.net/card/740/card_img/22214/740card.png,https://www.card-gorilla.com/card/detail/740,멤버십포인트: [일반 적립] 당월 이용금액 50만원 이상 시 업종별 최대 3% 블루멤버스 포인트 적립 | 멤버십포인트: HYYNDAI Bluemembers 멤버십 서비스 | 기타: 나만의 취향에 맞는 카드 디자인을 선택해서 발급 받으세요.
2741,KT 가족만족 할부 신한카드,신한카드,신용,Mastercard,"국내전용 [22,000]원 / 해외겸용 [25,000]원",0,없음,통신: 5.9% | 통신: 10000원,"통신, 무실적",false,,https://d1c5n4ri2guedi.cloudfront.net/card/2741/card_img/36698/2741card_1.png,https://www.card-gorilla.com/card/detail/2741,KT: KT Super할부 | 통신: 통신요금 할인
2850,I-기후동행카드(신용),IBK기업은행,신용,BC,"국내전용 [14,000]원",500000,"500,000원",모든가맹점: 0.5% | 생활: 1.5% | 디지털구독: 7%,"모든가맹점, 교통, 주유, 통신, 마트/편의점, 쇼핑, 푸드, 카페/디저트, 애완동물, OTT/영화/문화",false,2025-05-29,https://d1c5n4ri2guedi.cloudfront.net/card/2850/card_img/42532/cid2850.png,https://www.card-gorilla.com/card/detail/2850,"할인: 국내 가맹점 0.5% 할인 | 온라인쇼핑: 온라인쇼핑 1%~1.5% 할인 | 홈쇼핑: [LIVING] 홈쇼핑 1%~1.5% 할인 | 배달앱: [LIVING] 배달앱 1%~1.5% 할인 | 대형마트: [LIVING] 대형마트 1%~1.5% 할인 | 카페: [LIVING] 커피 1%~1.5% 할인 | 편의점: [LIVING] 편의점 1%~1.5% 할인 | 교통: [LIVING] 대중교통, 택시 1%~1.5% 할인 | 주유: [LIVING] 주유, 충전 1%~1.5% 할인 | 통신: [LIVING] SKT, KT, LG U+ 통신요금 자동납부 1%~1.5% 할인 | 애완동물: [LIVING] 동물병원, 애완동물 업종 1%~1.5% 할인 | 디지털구독: [MEMBERSHIP] OTT 5%~7% 할인 | 디지털구독: [MEMBESHIP] 온라인멤버십 5%~7% 할인"
736,American Express® Reserve,삼성카드,신용,AMEX,"해외겸용 [150,000]원",0,없음,적립: 5% | 생활: 30% | 프리미엄: 무제한,"모든가맹점, 쇼핑, 푸드, 카페/디저트, 무실적, OTT/영화/문화, 프리미엄, 해외",false,,https://d1c5n4ri2guedi.cloudfront.net/card/736/card_img/28065/736card.png,https://www.card-gorilla.com/card/detail/736,적립: 국내외 가맹점 기본 1% 적립 | 생활: Food&middot;Coffee&middot;Movie 30% 결제일할인 | 프리미엄 서비스: 특수 소재 플레이트(Special Plate) 제공
697,탄탄대로 Biz 카드,KB국민카드,신용,"Mastercard, JCB","국내전용 [15,000]원 / 해외겸용 [15,000]원",400000,"400,000원",주유: 130원 | 온라인쇼핑: 20% | 대형마트: 20%,"주유, 마트/편의점, 쇼핑, 공과금/렌탈",false,,https://d1c5n4ri2guedi.cloudfront.net/card/697/card_img/22171/697card.png,https://www.card-gorilla.com/card/detail/697,선택형: [Biz Favorite 서비스 선택형1] | 선택형: [Biz Favorite 서비스 선택형2] | 선택형: [Biz Favorite 서비스 선택형3] | 선택형: [Biz Favorite 서비스 선택형4] | 기타: [Biz Basic 서비스]
1787,NU 후불하이패스,우리카드,신용,BC,"국내전용 [2,000]원",0,없음,하이패스: 무제한 | 하이패스: 50%,"무실적, 자동차/하이패스",false,,https://d1c5n4ri2guedi.cloudfront.net/card/1787/card_img/28782/1787card.png,https://www.card-gorilla.com/card/detail/1787,하이패스: 카드의 정석 후불 하이패스
1286,The CJ KB국민카드,KB국민카드,신용,"VISA, Mastercard, JCB","국내전용 [5,000]원 / 해외겸용 [10,000]원",0,없음,푸드: 20% | 온라인쇼핑: 5% | 영화: 6000원,"쇼핑, 뷰티/피트니스, 무실적, OTT/영화/문화",false,,https://d1c5n4ri2guedi.cloudfront.net/card/1286/card_img/21020/1286card.png,https://www.card-gorilla.com/card/detail/1286,"온라인쇼핑: CJ오쇼핑, CJmall 5% 청구할인 | 푸드: CJ푸드빌 10~20% 현장할인 | 화장품: CJ올리브영 10% 현장할인 | 영화: CGV 2~6천원 청구할인"
751,KB국민 국민행복카드,KB국민카드,신용,,국내전용 [없음],400000,"400,000원",쇼핑: 5% | 교육/육아: 5% | 공과금: 5%,"마트/편의점, 쇼핑, 공과금/렌탈, 교육/육아",false,,https://d1c5n4ri2guedi.cloudfront.net/card/751/card_img/22225/751card.png,https://www.card-gorilla.com/card/detail/751,국민행복: 건강보험 임신&middot;출산 진료비 지원 | 쇼핑: 대형마트/온라인쇼핑몰/홈쇼핑 5% 청구할인 | 교육/육아: 키즈카페/문화센터/학습지 5% 청구할인 | 공과금: 통신료/아파트관리비 5% 할인 | 보험사: 단체보험 무료가입
2791,현대카드 Boutique - Velvet,현대카드,신용,"VISA, AMEX","국내전용 [80,000]원 / 해외겸용 [80,000]원",500000,"500,000원",적립: 1.5% | 적립: 5% | 바우처: 50000원,"모든가맹점, 마트/편의점, 쇼핑, 교육/육아, 공항라운지/PP, 여행/숙박",false,2025-01-06,https://d1c5n4ri2guedi.cloudfront.net/card/2791/card_img/40424/2791card_2.png,https://www.card-gorilla.com/card/detail/2791,"바우처: [연간 보너스] 호텔, 여행, 다이닝 영역에서 사용 또는 M포인트로 교환 가능한 5만원 크레딧 제공(연 1회) | 적립: [기본 혜택] 국내외 가맹점 1.5% M포인트 적립 | 적립: [추가 혜택] 온라인몰, 배달 앱, 편의점, 대중교통 5% M포인트 적립 | 프리미엄 서비스: M 긴급적립(선지급 포인트 서비스)"
2755,the Red Stripe Edition2,현대카드,신용,VISA,"국내전용 [500,000]원 / 해외겸용 [500,000]원",500000,"500,000원",바우처: 800000원 | 적립: 1.5% | 공항라운지/PP: 무제한,"쇼핑, 항공마일리지, 공항라운지/PP, 프리미엄, 여행/숙박",false,2024-08-16,https://d1c5n4ri2guedi.cloudfront.net/card/2755/card_img/37051/2754card.png,https://www.card-gorilla.com/card/detail/2755,바우처: 취향대로 선택하는 럭셔리 라이프 바우처 | 적립: 기본 혜택(M포인트형) | 적립: 최대 50만 M포인트 먼저 받아 사용하고 카드 이용하여 적립되는 M포인트로 상환 | 프리미엄 서비스: [우대 서비스] 메탈 플레이트 제공 | 공항: [우대 서비스] 공항 라운지 연간 10회 무료 이용&middot;공항 및 특급 호텔 발레파킹 무료 이용
107,SK LPG SAVE KB국민카드,KB국민카드,신용,"VISA, Mastercard","국내전용 [3,000]원 / 해외겸용 [5,000]원",300000,"300,000원",충전소: 1500원 | 정비: 무제한 | 패밀리레스토랑: 10%,"주유, 푸드, 자동차/하이패스",false,,https://d1c5n4ri2guedi.cloudfront.net/card/107/card_img/20265/107card.png,https://www.card-gorilla.com/card/detail/107,"충전소: SK 충전소에서 건당 3만원이상 충전 시 1,500원 정액 청구할인 | 정비: 엔진오일 무료 교환 현장할인 서비스 (연1회 무료) | 패밀리레스토랑: 3대 패밀리레스토랑(아웃백,VIPS,TGIF) 이용 시 10% 청구할인 | 무이자할부: 백화점 및 할인점 이용시 2~3개월 무이자 할부"
138,스카이패스 KB국민카드,KB국민카드,신용,"VISA, Mastercard, JCB","해외겸용 [15,000]원",0,없음,대한항공: 500원 | 대한항공: 500원 | 대한항공: 500원,"주유, 무실적, 항공마일리지, 해외",false,,https://d1c5n4ri2guedi.cloudfront.net/card/138/card_img/20366/138card.png,https://www.card-gorilla.com/card/detail/138,대한항공: 대한항공 마일리지 | 대한항공: 대한항공 마일리지 적립기준
2419,삼성 iD POCKET 카드,삼성카드,신용,,국내전용 [없음],0,없음,대중교통: 2% | 편의점: 8% | 카페: 8%,"교통, 마트/편의점, 푸드, 카페/디저트, 무실적",false,,https://d1c5n4ri2guedi.cloudfront.net/card/2419/card_img/28100/2419card.png,https://www.card-gorilla.com/card/detail/2419,대중교통: 대중교통 1%&middot;2% 결제일할인 | 생활: 편의점&middot;배달앱&middot;델리&middot;커피전문점 1%&middot;8% 결제일 할인 | 선택형: 펑키
241,1Q Special+,하나카드,신용,"VISA, Mastercard, JCB","해외겸용 [10,000]원",300000,"300,000원",주유: 5000원 | 쇼핑: 5000원 | 푸드: 1000원,"교통, 주유, 통신, 마트/편의점, 쇼핑, 푸드, 카페/디저트, 공과금/렌탈, 해외",false,,https://d1c5n4ri2guedi.cloudfront.net/card/241/card_img/20468/241card.png,https://www.card-gorilla.com/card/detail/241,"쇼핑: 지역쇼핑 또는 주유 영역별 지난달 실적 및 이번달 합산 이용금액에 따른 스페셜 적립 | 생활: 온라인쇼핑, 통신/교통/자동이체, 해외 영역별 지난달 실적 및 이번달 합산 이용금액에 따른 플러스 적립 | 일반음식점: 국내 음식업종 1만5천원 이상 결제하면 1천원 청구할인 | 카페: 스타벅스/커피빈 4천원 이상 결제하면 4천원 청구할인 | 공과금/렌탈: 이번달 합산 이용금액 10만원 이상일 때 5천 하나머니 적립"
681,SSG.COM 삼성카드,삼성카드,신용,Mastercard,"국내전용 [15,000]원 / 해외겸용 [15,000]원",0,없음,적립: 1% | 적립: 9% | 생활: 5%,"주유, 마트/편의점, 쇼핑, 푸드, 카페/디저트, 무실적, OTT/영화/문화, 해외",false,,https://d1c5n4ri2guedi.cloudfront.net/card/681/card_img/28062/681card.png,https://www.card-gorilla.com/card/detail/681,적립: 서비스안내 | 적립: 서비스안내 | 생활: 서비스안내 | APP: 서비스안내 | 해외: 서비스안내 | 디지털구독: 스마일클럽 월 이용료 결제일할인 | 프리미엄 서비스: 서비스안내
2861,트래블월렛 하이브리드 롯데카드,롯데카드,신용,VISA,"국내전용 [20,000]원 / 해외겸용 [20,000]원",0,없음,적립: 1% | 하이브리드: 무제한 | 수수료우대: 무제한,"모든가맹점, 무실적, 자동차/하이패스, 해외",false,2025-05-12,https://d1c5n4ri2guedi.cloudfront.net/card/2861/card_img/43814/2861card.png,https://www.card-gorilla.com/card/detail/2861,적립: 트래블 포인트 적립서비스 | 수수료우대: 해외 이용 수수료 면제 서비스 | 기타: L.POINT
2641,어디로든 그린카드 X LOCA,롯데카드,신용,Mastercard,"국내전용 [15,000]원 / 해외겸용 [15,000]원",300000,"300,000원",기타: 40% | 대중교통: 10% | 카페: 10%,"교통, 카페/디저트",false,2023-12-22,https://d1c5n4ri2guedi.cloudfront.net/card/2641/card_img/32000/2641card.png,https://www.card-gorilla.com/card/detail/2641,충전소: 전기차 / 수소차 충전 금액의 20~40% 적립 | 대중교통: 대중교통 10% 적립 | 고속버스: 일반교통 10% 적립 | 생활: 공유 모빌리티 10% 적립 | 카페: 커피전문점 10% 적립 | 적립: 국내 전 가맹점 0.2% 적립
2616,어디로든 그린카드,BC 바로카드,신용,"VISA, Mastercard","국내전용 [15,000]원 / 해외겸용 [15,000]원",300000,"300,000원",주유: 40% | 생활: 10% | 교통: 10%,"교통, 카페/디저트",false,2023-09-06,https://d1c5n4ri2guedi.cloudfront.net/card/2616/card_img/31388/2616card.png,https://www.card-gorilla.com/card/detail/2616,"충전소: 친환경 자동차 충전 에코머니 포인트 최대 40% 적립 | 생활: 공유 모빌리티, 대중교통, 일반교통, 커피전문점 에코머니 포인트 10% 적립 | 적립: 국내 전가맹점 에코머니 포인트 0.2% 적립 | 멤버십포인트: 에코머니 &amp; 그린 서비스 전월 실적 없이 그린 멤버십 서비스 제공 | 프리미엄 서비스: 국제 브랜드 서비스 Mastercard/VISA Platinum 기본 서비스 제공"
696,카드의정석 US,우리카드,신용,"Mastercard, BC","국내전용 [15,000]원 / 해외겸용 [15,000]원",300000,"300,000원",간편결제: 0.7% | 자동차: 50% | 대중교통: 10%,"모든가맹점, 교통, 주유, 통신, 교육/육아, 자동차/하이패스, OTT/영화/문화, 간편결제, 여행/숙박",false,,https://d1c5n4ri2guedi.cloudfront.net/card/696/card_img/22170/696card.png,https://www.card-gorilla.com/card/detail/696,자동차: [친환경 소비 모아포인트 적립] | 대중교통: [친환경 소비 모아포인트 적립] | 도서: [친환경 소비 모아포인트 적립] | 통신: [디지털 생활 모아포인트 적립] | 디지털구독: [디지털 생활 모아포인트 적립] | 간편결제: [10대 간편결제 모아포인트 적립]
2257,삼성 모바일플러스카드,삼성카드,신용,Mastercard,"국내전용 [15,000]원 / 해외겸용 [15,000]원",0,없음,적립: 5% | 적립: 10% | 통신: 10%,"주유, 통신, 마트/편의점, 쇼핑, 푸드, 무실적, OTT/영화/문화, 간편결제",false,,https://d1c5n4ri2guedi.cloudfront.net/card/2257/card_img/28092/2257card.png,https://www.card-gorilla.com/card/detail/2257,적립: 서비스안내 | 적립: 서비스안내 | 통신: 서비스안내 | 생활: 서비스안내 | 간편결제: 서비스안내 | 디지털구독: 서비스안내
607,카드의정석 UNTACT PLATINUM,우리카드,신용,"Mastercard, BC","국내전용 [25,000]원 / 해외겸용 [25,000]원",400000,"400,000원",생활: 20% | 온라인쇼핑: 2900원 | 공항라운지: 무제한,"쇼핑, 푸드, 공과금/렌탈, 교육/육아, 레저/스포츠, OTT/영화/문화, 간편결제, 공항라운지/PP, 해외",false,,https://d1c5n4ri2guedi.cloudfront.net/card/607/card_img/21374/607card.png,https://www.card-gorilla.com/card/detail/607,생활: [정기결제 할인 서비스] | 기타: [UNTACT 할인 서비스] | 해외이용: [해외 서비스] | 공항라운지: [해외서비스]
2449,원더카드 2.0 T,하나카드,신용,"VISA, Mastercard, AMEX","국내전용 [19,900]원 / 해외겸용 [19,900]원",400000,"400,000원",통신: 20% | 간편결제: 20% | 할인: 15000원,"교통, 주유, 통신, 마트/편의점, 쇼핑",false,,https://d1c5n4ri2guedi.cloudfront.net/card/2449/card_img/44283/2449card.png,https://www.card-gorilla.com/card/detail/2449,SKT: SKT통신요금 20% 할인 | 간편결제: T멤버십 바코드 결제 20% 할인 | 주유: SK주유&amp;쇼핑 10% 할인 | 대형마트: 마트 10% 할인 | 대중교통: 대중교통 10% 할인 | 택시: 택시 10% 할인 | 무이자할부: 무이자할부
2284,EV카드,IBK기업은행,신용,"BC, Mastercard, UnionPay","국내전용 [9,000]원 / 해외겸용 [10,000]원",300000,"300,000원",모든가맹점: 0.3% | 대중교통: 0.5% | 주유: 0.5%,"모든가맹점, 교통, 주유",false,,https://d1c5n4ri2guedi.cloudfront.net/card/2284/card_img/20682/2284card.png,https://www.card-gorilla.com/card/detail/2284,"적립: 국내&middot;외 이용금액의 0.3% 적립 | 대중교통: 대중교통(버스, 지하철) 이용금액의 0.5% 적립 | 주유: 전 주유소 주유금액의 0.5% 청구할인"
2845,KB YOU Wish up 카드,KB국민카드,신용,Mastercard,"국내전용 [50,000]원 / 해외겸용 [50,000]원",400000,"400,000원",할인: 10% | 할인: 5% | 캐시백: 20000원,"주유, 통신, 마트/편의점, 쇼핑, 푸드, 카페/디저트, 뷰티/피트니스, 병원/약국, 자동차/하이패스",false,2025-04-22,https://d1c5n4ri2guedi.cloudfront.net/card/2845/card_img/48571/2845card.png,https://www.card-gorilla.com/card/detail/2845,"간편결제: KB Pay 10% 할인 | 푸드: 음식점, 편의점 10% 할인 | 통신: 이동통신요금 10% 할인 | 디지털구독: OTT 30% 할인 | 할인: 병원, 약국, 스포츠 5% 할인 | 할인: 온라인쇼핑, 주유, 커피 5% 할인 | 자동차: 주차장, 세차장 10% 할인 | 기타: 쿠폰 서비스 (2종 중 택1) | 프리미엄: Mastercard 티타늄 기본서비스 안내"
2474,T-economy KB국민카드,KB국민카드,신용,"Mastercard, JCB","국내전용[15,000]원 / 해외겸용[15,000]원",300000,"300,000원",SKT: 17000원,통신,false,,https://d1c5n4ri2guedi.cloudfront.net/card/2474/card_img/28412/2474card.png,https://www.card-gorilla.com/card/detail/2474,SKT: SKT 통신요금 자동이체 시 전월 실적에 따라 청구 할인
536,신한카드 Deep Once,신한카드,신용,Mastercard,"국내전용 [20,000]원 / 해외겸용 [23,000]원",400000,"400,000원",렌탈: 7000원 | 공과금: 6000원 | 생활: 6000원,"카페/디저트, 공과금/렌탈, OTT/영화/문화",false,,https://d1c5n4ri2guedi.cloudfront.net/card/536/card_img/21235/536card.png,https://www.card-gorilla.com/card/detail/536,렌탈: 10개 렌탈사 자동이체 이용 시 마이신한포인트 적립 | 공과금: 7개 생활월납 자동이체 이용 시 마이신한포인트 적립 | 기타: 7개 디지털 구독 서비스 정기결제 이용 시 마이신한 포인트 적립
14,신한카드 YOLO ⓘ,신한카드,신용,VISA,"국내전용 [15,000]원 / 해외겸용 [18,000]원",300000,"300,000원",선택형: 무제한 | 카페: 무제한,"교통, 마트/편의점, 쇼핑, 카페/디저트, OTT/영화/문화",true,,https://d1c5n4ri2guedi.cloudfront.net/card/14/card_img/49007/14card.png,https://www.card-gorilla.com/card/detail/14,"선택형: 할인율 선택 서비스 | 카페: 스타벅스, 커피빈 | 편의점: GS25, 세븐일레븐, CU | 소셜커머스: 소셜커머스 | 택시: 택시 | 베이커리: 베이커리 | 영화: 영화관 | 카페: 분기별 Bonus 모바일 쿠폰-분기마다 보너스 리워드"
589,토스 신용카드,하나카드,신용,VISA,"국내전용 [10,000]원 / 해외겸용 [10,000]원",0,없음,해외: 2% | 해외이용: 무제한 | 프리미엄 서비스: 무제한,"무실적, 프리미엄, 해외",true,,https://d1c5n4ri2guedi.cloudfront.net/card/589/card_img/21346/589card.png,https://www.card-gorilla.com/card/detail/589,해외: 해외 모든 가맹점 2% 토스머니 적립 (월 1만 토스머니 한도) | 해외이용: 해외 인출 수수료 우대 서비스 | 프리미엄 서비스: 국제 브랜드 서비스
490,11번가 신한카드,신한카드,신용,Mastercard,"국내전용 [5,000]원 / 해외겸용 [8,000]원",0,없음,적립: 0.5% | 적립: 1%,"쇼핑, 무실적",false,,https://d1c5n4ri2guedi.cloudfront.net/card/490/card_img/21180/490card.png,https://www.card-gorilla.com/card/detail/490,적립: [기본적립] | 온라인쇼핑: [특별적립]
2540,HERITAGE Exclusive,KB국민카드,신용,VISA,"국내전용 [2,000,000원] / 해외겸용 [2,000,000원]",0,없음,바우처: 무제한 | 멤버십포인트: 3% | 프리미엄 서비스: 무제한,"무실적, 프리미엄",false,,https://d1c5n4ri2guedi.cloudfront.net/card/2540/card_img/29516/2540card.png,https://www.card-gorilla.com/card/detail/2540,멤버십포인트: 국내 가맹점 1% 적립 | 프리미엄 서비스: 쿠폰1-선택① 골프클럽 이용권 | 프리미엄 서비스: 쿠폰2-선택① 골프클럽 리무진 이용권 | 프리미엄 서비스: 골프백 딜리버리 서비스 | 프리미엄 서비스: Visa Infinite 서비스
2842,현대카드 X Cut,현대카드,신용,"VISA, AMEX","국내전용 [30,000]원 / 해외겸용 [30,000]원",500000,"500,000원",모든가맹점: 1% | 할인: 5% | 할인: 5%,"모든가맹점, 마트/편의점, 푸드, 뷰티/피트니스",false,2025-06-10,https://d1c5n4ri2guedi.cloudfront.net/card/2842/card_img/49146/2842card.png,https://www.card-gorilla.com/card/detail/2842,"할인: [기본 혜택] 전월 이용 금액 50만원 이상 시 국내외 가맹점 1% 청구 할인 | 할인: [추가 혜택] 전월 이용 금액 100만원 이상 시 뷰티/생활/패션, 배달 앱, 편의점 5% 청구 할인 | 적립: X 긴급할인(선지급 포인트 서비스) | 프리미엄 서비스: 메탈 플레이트 제공"
2992,카드의정석2 DAILY,우리카드,신용,Mastercard,"국내전용 [25,000]원 / 해외겸용 [25,000]원",0,없음,국내외가맹점: 1% | 할인: 5% | 할인: 50%,"모든가맹점, 교통, 주유, 통신, 마트/편의점, 푸드, 무실적, OTT/영화/문화",false,2026-06-02,https://d1c5n4ri2guedi.cloudfront.net/card/2992/card_img/49026/2992card.png,https://www.card-gorilla.com/card/detail/2992,국내외가맹점: 국내외 가맹점 1% 청구할인 | 할인: 고정소비 영역 5% 청구할인 | 할인: 정기결제 50% 청구할인
2951,신한카드 Simple Plan,신한카드,신용,Mastercard,"국내전용 [15,000]원 / 해외겸용 [18,000]원",0,없음,할인: 1% | 해외: 2% | 무이자할부: 무제한,"모든가맹점, 무실적, 해외",false,2026-02-04,https://d1c5n4ri2guedi.cloudfront.net/card/2951/card_img/47446/2951card_1.png,https://www.card-gorilla.com/card/detail/2951,할인: 국내 이용금액 1% 결제일 할인 | 무이자할부: 국내 5만원 이상 결제 건 2~3개월 무이자 할부
2784,K-패스 우리카드,우리카드,신용,,"국내전용 [15,000]원",400000,"400,000원",할인: 0.3% | 카페: 10% | 교통: 10%,"교통, 마트/편의점, 카페/디저트",false,2024-12-30,https://d1c5n4ri2guedi.cloudfront.net/card/2784/card_img/38823/2784card.png,https://www.card-gorilla.com/card/detail/2784,"할인: [기본 할인] 국내 가맹점 0.3% 청구할인 | 생활: [생활 할인] 스타벅스, 폴바셋 10% 청구할인 | 편의점: [생활 할인] CU, GS25 10% 청구할인 | 대중교통: [대중교통 할인] 버스, 지하철 10% 청구할인"
2876,MG+ 신용카드 Primo 하나카드,MG새마을금고,신용,VISA,"국내전용 [12,000]원 / 해외겸용 [12,000]원",0,없음,국내외가맹점: 0.5% | 할인: 5% | 할인: 5%,"모든가맹점, 교통, 주유, 마트/편의점, 무실적, 공과금/렌탈",false,2024-06-17,https://d1c5n4ri2guedi.cloudfront.net/card/2876/card_img/43986/2876card.png,https://www.card-gorilla.com/card/detail/2876,"국내외가맹점: 국내외 전 가맹점 결제 시 0.5% 청구할인 혜택 적용 | 무이자할부: 국내 가맹점 2~3개월 무이자 할부 | 대중교통: 대중교통 이용 시 5% 청구할인 혜택 적용 | 마트/편의점: 편의점, 슈퍼마켓 이용 시 5% 청구할인 혜택 적용 | 주유: 주유(LPG충전 포함) 이용 시 5% 청구할인 혜택 적용 | 공과금: 생활요금(자동납부) 납부 시 5% 청구할인 혜택 적용"
1032,후불하이패스 카드,하나카드,신용,,"국내전용 [5,000]원",0,없음,하이패스: 무제한 | 하이패스: 50%,"무실적, 자동차/하이패스",false,,https://d1c5n4ri2guedi.cloudfront.net/card/1032/card_img/21503/1032card.png,https://www.card-gorilla.com/card/detail/1032,하이패스: 후불하이패스 란?
2635,Triple in LOCA,롯데카드,신용,"Mastercard, AMEX","국내전용 [20,000]원 / 해외겸용 [20,000]원",400000,"400,000원",통신: 10000원 | 렌탈: 10000원 | 보험사: 10000원,"통신, 공과금/렌탈, 교육/육아, OTT/영화/문화",false,,https://d1c5n4ri2guedi.cloudfront.net/card/2635/card_img/31800/2635card.png,https://www.card-gorilla.com/card/detail/2635,선택형: Triple in 혜택
543,카드의정석 APT,우리카드,신용,"Mastercard, BC","국내전용 [15,000]원 / 해외겸용 [15,000]원",400000,"400,000원",공과금: 10000원 | 공과금: 3000원 | 기타: 30%,"공과금/렌탈, OTT/영화/문화",false,,https://d1c5n4ri2guedi.cloudfront.net/card/543/card_img/21248/543card.png,https://www.card-gorilla.com/card/detail/543,공과금: 아파트관리비(공공 임대료) 5천~15천원 청구할인 | 기타: 유튜브 프리미엄 정기권 30% 청구할인
2226,카카오뱅크 롯데카드,롯데카드,신용,"VISA, Mastercard","국내전용 [15,000]원 / 해외겸용 [15,000]원",0,없음,캐시백: 0.5% | 캐시백: 5%,"모든가맹점, 교통, 마트/편의점, 쇼핑, 푸드, 카페/디저트, 무실적, OTT/영화/문화, 간편결제, 여행/숙박",false,,https://d1c5n4ri2guedi.cloudfront.net/card/2226/card_img/21355/2226card.png,https://www.card-gorilla.com/card/detail/2226,"모든가맹점: 국내외 온&middot;오프라인 결제 시, 전월 실적조건 없이 0.5% 캐시백 | 프리미엄 서비스: 플래티넘(Platinum) 서비스 | 멤버십포인트: L.POINT"
2879,현대카드H,현대카드,신용,"VISA, AMEX","국내전용 [15,000]원 / 해외겸용 [15,000]원",400000,"400,000원",교육/육아: 10% | 병원/약국: 10% | 할인: 5%,"통신, 공과금/렌탈, 병원/약국, 교육/육아, 간편결제",false,2025-07-17,https://d1c5n4ri2guedi.cloudfront.net/card/2879/card_img/44407/2879card_1.png,https://www.card-gorilla.com/card/detail/2879,"할인: 전월 이용 금액 40만원 이상 시 교육, 병원 10% 청구 할인 | 할인: 전월 이용 금액 40만원 이상 시 이동통신 요금, 아파트 관리비, 도시가스 요금 정기결제 5% 청구 할인 | 프리미엄 서비스: 메탈 플레이트 제공"
2841,에듀플러스카드,광주은행,신용,"VISA, Mastercard","국내전용 [14,000]원 / 해외겸용 [15,000]원",300000,"300,000원",학원: 20% | 학습지: 20% | 도서: 10%,"카페/디저트, 교육/육아, OTT/영화/문화",false,,https://d1c5n4ri2guedi.cloudfront.net/card/2841/card_img/41668/2841card.png,https://www.card-gorilla.com/card/detail/2841,"학원: 학원 업종 가맹점 20% 캐시백 | 학습지: 학습지 12대 브랜드 20% 캐시백 | 도서: 대형서점, 온라인서점, 전자북 10% 캐시백 | 캐시백: 온라인교육&middot;EBS 교재 10% 캐시백 | 카페: 커피 20대 브랜드 10% 캐시백 | OTT/영화/문화: 영화, OTT 가맹점 10% 캐시백"
2539,MY S-OIL 삼성카드,삼성카드,신용,VISA,"국내전용 [20,000원] / 해외겸용 [20,000원]",300000,"300,000원",주유소: 10% | 카페: 30% | 자동차/하이패스: 10%,"주유, 카페/디저트, 자동차/하이패스",false,,https://d1c5n4ri2guedi.cloudfront.net/card/2539/card_img/29505/2539card.png,https://www.card-gorilla.com/card/detail/2539,주유소: S-OIL 주유 10% 결제일할인 | 카페: 스타벅스 드라이브스루 30% 결제일할인 | 하이패스: 고속도로 통행료 10% 결제일할인 | 기타: 주차장/대리운전 10% 결제일 할인
2943,G마켓 삼성카드,삼성카드,신용,VISA,"국내전용 [15,000]원 / 해외겸용 [15,000]원",400000,"400,000원",온라인쇼핑: 5% | 적립: 3% | 적립: 3%,"교통, 주유, 통신, 마트/편의점, 쇼핑, 푸드, 병원/약국, 교육/육아, OTT/영화/문화, 해외",false,2025-08-28,https://d1c5n4ri2guedi.cloudfront.net/card/2943/card_img/47123/2943card_1.png,https://www.card-gorilla.com/card/detail/2943,"온라인쇼핑: G마켓/옥션 5% 빅포인트 적립 | 적립: 편의점/배달앱/대중교통/택시/주유 3% 빅포인트 적립 | 적립: 백화점/할인점/프리미엄아울렛/면세점/SPA 패션/의료/학원 3% 빅포인트 적립 | 디지털구독: 디지털콘텐츠 20% 빅포인트 적립 | 통신: 이동통신 5% 빅포인트 적립 | 해외: 전월 이용금액에 관계없이, 적립한도 없이 해외 가맹점 2% 빅포인트 적립"
659,taptap SHOPPING,삼성카드,신용,Mastercard,"국내전용 [10,000]원 / 해외겸용 [10,000]원",300000,"300,000원",온라인쇼핑: 5% | 쇼핑: 5% | 디지털구독: 3000원,"마트/편의점, 쇼핑, OTT/영화/문화, 해외",false,,https://d1c5n4ri2guedi.cloudfront.net/card/659/card_img/27716/659card.png,https://www.card-gorilla.com/card/detail/659,"온라인쇼핑: 할인점&middot;온라인쇼핑몰&middot;면세점&middot;홈쇼핑&middot;신선식품 배송 5% 결제일할인(청구할인) | 쇼핑: 할인점&middot;백화점&middot;프리미엄 아울렛&middot;면세점&middot;슈퍼마켓 5% 결제일할인(청구할인) | 디지털구독: 스트리밍 이용료 건별 6,000원 이상 정기결제 시 3,000원 결제일할인(청구할인) | 해외: 전월 이용금액에 관계없이, 해외 1.5% 결제일할인(청구할인)"
1599,신협-신한카드 The CLASSIC+,신협,신용,AMEX,"해외겸용 [120,000]원",300000,"300,000원",대한항공: 500원 | 아시아나항공: 무제한 | PP: 무제한,"주유, 카페/디저트, 항공마일리지, 공항라운지/PP",false,,https://d1c5n4ri2guedi.cloudfront.net/card/1599/card_img/22605/1599card.png,https://www.card-gorilla.com/card/detail/1599,"바우처: Gift Option 서비스는 매년 1회 아래 품목 중 한가지를 선택하여 이용하실 수 있습니다. | 대한항공: [대한항공] | 아시아나항공: [아시아나항공] | 주유소: GS칼텍스 주유 시 리터당 40원 결제일 할인 | PP: Priority Pass 카드 제공 | 면세점: 제주 JDC 면세점 8% 결제일 할인 | 카페: 스타벅스에서 7,000원 이상 구매 시 3,000원을 할인 | 프리미엄: 인천공항 무료 발렛 파킹"
1859,OK캐쉬백 위비할인카드,우리카드,신용,"BC, Mastercard","국내전용 [10,000]원 / 해외겸용 [12,000]원",300000,"300,000원",쇼핑: 7% | 생활: 7% | OK캐쉬백: 무제한,"교통, 주유, 통신, 마트/편의점, 쇼핑, 푸드, 카페/디저트, 공과금/렌탈, 병원/약국, 교육/육아, 레저/스포츠, OTT/영화/문화",false,,https://d1c5n4ri2guedi.cloudfront.net/card/1859/card_img/22152/1859card.png,https://www.card-gorilla.com/card/detail/1859,OK캐쉬백: OK캐쉬백 멤버십 서비스 | 생활: 각영역별 주요 9대 업종 7% 청구할인 | OTT/영화/문화: NHN Entertainment 서비스 | 생활: 생활밀착 서비스
2383,신세계 BC 바로 SEVEN FLEX,BC 바로카드,신용,"VISA, BC","국내전용 [20,000]원 / 해외겸용 [20,000]원",300000,"300,000원",쇼핑: 7% | 간편결제: 7% | 카페/디저트: 7%,"교통, 통신, 마트/편의점, 쇼핑, 카페/디저트, 뷰티/피트니스, 병원/약국, 레저/스포츠, OTT/영화/문화, 간편결제, 프리미엄",false,,https://d1c5n4ri2guedi.cloudfront.net/card/2383/card_img/25485/2383card.png,https://www.card-gorilla.com/card/detail/2383,쇼핑: 신세계백화점&middot;W concept 등 7% 할인 | 간편결제: 네이버페이&middot;카카오페이 등 7% 할인 | 생활: 운동&middot;골프&middot;병원&middot;약국&middot;이/미용원 7% 할인 | 카페/디저트: 카페&middot;편의점&middot;제과점 7% 할인 | 기타: 통신3사휴대폰요금&middot;대중교통 등 7% 할인 | 제휴/PLCC: 신세계백화점 제휴 서비스 제공 | 프리미엄 서비스: VISA Platinum 서비스 제공
2746,삼성 iD ONE 카드,삼성카드,신용,"VISA, Mastercard, JCB","국내전용 [50,000]원 / 해외겸용 [50,000]원",500000,"500,000원",생활: 10% | 공과금: 3% | 교육/육아: 3%,"주유, 통신, 마트/편의점, 쇼핑, 교육/육아, 간편결제, 해외",false,2024-07-26,https://d1c5n4ri2guedi.cloudfront.net/card/2746/card_img/36818/2746card_2.png,https://www.card-gorilla.com/card/detail/2746,"생활: 백화점/할인점/온라인쇼핑몰/주유 10% 빅포인트 적립 | 생활: 아파트관리비/이동통신 정기결제 시 3% 빅포인트 적립 | 교육/육아: 학원/인터넷강의/학습지 3% 빅포인트 적립 | 삼성페이: 삼성페이로 국내 오프라인 가맹점 결제 시 1% 빅포인트 적립 | 해외: 전월 이용금액에 관계없이, 적립한도 없이 해외 1% 빅포인트 적립 | 할인: 연회비 할인 서비스"
592,카카오뱅크 삼성카드,삼성카드,신용,"VISA, Mastercard","국내전용 [7,000]원 / 해외겸용 [7,000]원",0,없음,마트/편의점: 1% | 디지털구독: 20% | 영화: 5000원,"모든가맹점, 교통, 마트/편의점, 쇼핑, 푸드, 카페/디저트, 무실적, OTT/영화/문화",false,,https://d1c5n4ri2guedi.cloudfront.net/card/592/card_img/28060/592card.png,https://www.card-gorilla.com/card/detail/592,할인: 전제가맹점 | 마트/편의점: 마트 | OTT/영화/문화: 스트리밍 | 생활: 커피/교통
2780,HERITAGE Classic [할인형],KB국민카드,신용,"Mastercard, JCB","국내전용 [127,000]원 / 해외겸용 [127,000]원",500000,"500,000원",국내외가맹점: 1% | 공항라운지/PP: 무제한 | 바우처: 무제한,"모든가맹점, 교통, 마트/편의점, 쇼핑, 푸드, 카페/디저트, 뷰티/피트니스, 병원/약국, 교육/육아, 레저/스포츠, 항공마일리지, 공항라운지/PP, 프리미엄, 여행/숙박, 해외",false,2024-11-28,https://d1c5n4ri2guedi.cloudfront.net/card/2780/card_img/38286/2780card.png,https://www.card-gorilla.com/card/detail/2780,"국내외가맹점: [기본 서비스] 국내외 가맹점 1% 청구할인 | 할인: [특별 서비스] 생활밀착 4개 영역 1.2% 청구 할인 | 할인: [특별 서비스] Flex 영역(온라인항공/호텔/온라인면세/스포츠/미용실) 건당 20만원 이상 결제 시 1만원 청구할인 (분기당 영역 통합 1회 제공) | 자동차: [특별 서비스] | 공항라운지: 전세계 공항 라운지 무료 이용(The LOUNGE) | 바우처: [Classic 전용혜택] 쿠폰 서비스 연 1회 제공, 3가지 중 택 1 | 프리미엄 서비스: [Classic 전용혜택] 브랜드 서비스&middot;금융 서비스&middot;전용고객센터"
2612,ALL 우리카드 Premium,우리카드,신용,VISA,"국내전용 [150,000]원 / 해외겸용 [150,000]원",0,없음,프리미엄: 4000원 | 프리미엄: 무제한 | 프리미엄: 무제한,"무실적, 공항라운지/PP, 프리미엄, 여행/숙박",false,2023-11-07,https://d1c5n4ri2guedi.cloudfront.net/card/2612/card_img/31305/2612card.png,https://www.card-gorilla.com/card/detail/2612,프리미엄: [아코르 서비스] ALL 리워드 포인트 기프트 제공 | 프리미엄: [아코르 서비스] ALL회원 SILVER 등급 제공 및 업그레이드 | 프리미엄: [아코르 서비스] ALL 리워드 포인트 적립 | 프리미엄: [아코르 서비스] ALL 리워드 포인트 보너스 제공 | 공항라운지: [Premium Service] 국내외 공항 라운지 무료이용 서비스 제공 | 여행/숙박: [Premium Service] KAL 리무진 버스 무료이용 서비스 제공 | 여행/숙박: [Premium Service] 국내외 여행자 보험 서비스 제공 | 호텔: [Premium Service] 아코르 호텔 프리미엄 서비스 제공
2684,현대카드Z play,현대카드,신용,"VISA, AMEX","국내전용 [20,000]원 / 해외겸용 [20,000]원",500000,"500,000원",디지털구독: 10% | 일반음식점: 10% | 영화: 10%,"쇼핑, 푸드, OTT/영화/문화, 해외",false,2024-01-19,https://d1c5n4ri2guedi.cloudfront.net/card/2684/card_img/39652/2680card.png,https://www.card-gorilla.com/card/detail/2684,온라인쇼핑: 온라인 쇼핑몰 10% 청구 할인 | 일반음식점: [일반음식점 10% 청구 할인] | 영화: [영화 10% 청구 할인] | 해외: [해외 가맹점 10% 청구 할인] | 디지털구독: [디지털 콘텐츠 서비스 10% 청구 할인]
1390,LG U+ Bora 신한카드 Big Plus,신한카드,신용,Mastercard,"국내전용 [22,000]원 / 해외겸용 [25,000]원",400000,"400,000원",통신: 10000원 | LGU+: 무제한 | 주유: 무제한,"주유, 통신, 레저/스포츠, OTT/영화/문화",false,,https://d1c5n4ri2guedi.cloudfront.net/card/1390/card_img/20752/1390card.png,https://www.card-gorilla.com/card/detail/1390,"통신: 통신기기(휴대폰/태블릿 등), 인터넷, TV, 집전화 상관없이 LG U+ 요금 통합 결제일 할인 | LGU+: LG U+ 스마트할부란? | 주유: 현대오일뱅크 주유 시 리터당 40원 적립 | 영화: 인터파크, YES24 영화 예매 할인 | 테마파크: 롯데월드, 서울랜드 자유이용권 할인"
452,CLUB Primus Skypass 카드,하나카드,신용,"VISA, Mastercard","해외겸용 [100,000]원",0,없음,대한항공: 500원 | 레저/스포츠: 무제한 | 바우처: 무제한,"주유, 쇼핑, 무실적, 레저/스포츠, 항공마일리지, 공항라운지/PP, 프리미엄, 해외",false,,https://d1c5n4ri2guedi.cloudfront.net/card/452/card_img/20966/452card.png,https://www.card-gorilla.com/card/detail/452,대한항공: 항공 마일리지 기본적립 서비스 | 면세점: 면세점/백화점 이용금액 항공 마일리지 특별적립 서비스 | 해외이용: 해외 이용금액 항공 마일리지 특별적립 서비스 | 레저/스포츠: 골프장/골프연습장 업종 이용금액 항공 마일리지 특별적립 서비스 | 주유소: SK 주유소 이용금액 리터당 3마일 적립 | 바우처: Free Package 서비스 | 프리미엄 서비스: 프리머스카드 공통서비스
2714,디지로카 Edu,롯데카드,신용,"Mastercard, AMEX","국내전용 [30,000]원 / 해외겸용 [30,000]원",500000,"500,000원",학원: 7% | 무이자할부: 무제한,교육/육아,false,2024-06-14,https://d1c5n4ri2guedi.cloudfront.net/card/2714/card_img/35527/2714card.png,https://www.card-gorilla.com/card/detail/2714,"교육/육아: 학원, 유치원 캐시백 혜택 | 무이자할부: 국내 가맹점 2~3개월 무이자 할부"
274,쇼핑앤조이 카드,IBK기업은행,신용,BC Global,"해외겸용 [10,000]원",300000,"300,000원",대중교통: 5% | 온라인쇼핑: 5000원 | 카페: 2000원,"교통, 쇼핑, 카페/디저트, 해외",false,,https://d1c5n4ri2guedi.cloudfront.net/card/274/card_img/20496/274card.png,https://www.card-gorilla.com/card/detail/274,"대중교통: 후불교통(버스, 지하철), 택시 5% 청구 할인 | 통신: 이동통신요금(SKT, KT, LGU+) 자동이체 5% 청구할인 | 온라인쇼핑: 온라인 쇼핑 할인 | 카페: 스타벅스 사이렌오더를 통한 주문 및 결제 시에만 할인 | 기타: 당행 전자금융 이체수수료 면제"
2827,삼성 iD STATION 카드 (GS칼텍스),삼성카드,신용,Mastercard,"국내전용 [15,000]원 / 해외겸용 [15,000]원",400000,"400,000원",주유: 10% | 통신: 5% | 편의점: 5%,"주유, 통신, 마트/편의점, 쇼핑",false,2025-02-13,https://d1c5n4ri2guedi.cloudfront.net/card/2827/card_img/40176/2827card.png,https://www.card-gorilla.com/card/detail/2827,주유: GS칼텍스에서 주유 시 10% 결제일할인 | 통신: 통신요금 정기결제 시 5% 결제일할인 | 편의점: 편의점 5% 결제일할인 | 온라인쇼핑: 온라인쇼핑몰 5% 결제일할인 | 적립: GS&amp;POINT 적립 서비스
2090,신한카드 The PREMIER GOLD EDITION (스카이패스),신한카드,신용,"VISA, UnionPay","해외겸용 [1,900,000]원",0,없음,대한항공: 500원 | 호텔: 무제한 | 골프: 무제한,"모든가맹점, 무실적, 레저/스포츠, 항공마일리지, 공항라운지/PP, 프리미엄, 여행/숙박, 해외",false,,https://d1c5n4ri2guedi.cloudfront.net/card/2090/card_img/21910/2090card.png,https://www.card-gorilla.com/card/detail/2090,대한항공: 항공 마일리지 적립서비스 | 호텔: PREMIER HOTEL PACKAGE 서비스 | 항공권: 항공 좌석 업그레이드 또는 동반자 무료 항공권 제공 서비스 | PP: 공항라운지카드(Priority Pass) 서비스 | 생활: 라이프스타일 DESK 서비스 | 기타: 공항 또는 골프장 리무진 서비스 | 골프: 홀인원 축하금 서비스 | 면세점: 국내 유명 면세점 할인 서비스
26,신한카드 Edu,신한카드,신용,Mastercard,"해외겸용 [20,000]원",500000,"500,000원",학원: 10% | 공과금: 5000원 | 생활: 1%,"마트/편의점, 공과금/렌탈, 병원/약국, 교육/육아",false,,https://d1c5n4ri2guedi.cloudfront.net/card/26/card_img/36674/26card.png,https://www.card-gorilla.com/card/detail/26,"교육/육아: 기본 혜택 | 공과금: 아파트 관리비 자동이체 매월 5,000원 캐시백 | 생활: 주요 생활업종 이용시 1% 캐시백"
2618,삼성 iD AUTO 카드,삼성카드,신용,VISA,"국내전용 [49,000]원 / 해외겸용 [49,000]원",500000,"500,000원",주유소: 무제한 | 자동차/하이패스: 10% | 모든가맹점: 0.5%,"모든가맹점, 주유, 마트/편의점, 쇼핑, 푸드, 카페/디저트, 자동차/하이패스",false,,https://d1c5n4ri2guedi.cloudfront.net/card/2618/card_img/31391/2618card.png,https://www.card-gorilla.com/card/detail/2618,"주유소: 서비스 안내 | 자동차/하이패스: 주차장&middot;하이패스&middot;대리운전 10% 결제일 할인 | 국내외가맹점: 국내외 가맹점 0.5% 결제일 할인 | 생활: 생활필수영역 1.5% 결제일 할인 | 영화: 영화 5,000원 결제일 할인 | 정비: 차량 점검 서비스"
2765,LOCA X 기후동행카드,롯데카드,신용,"Mastercard, AMEX","국내전용 [10,000]원 / 해외겸용 [10,000]원",300000,"300,000원",교통: 15000원 | 모든가맹점: 0.5%,교통,false,2024-10-23,https://d1c5n4ri2guedi.cloudfront.net/card/2765/card_img/38055/2765card.png,https://www.card-gorilla.com/card/detail/2765,할인: 국내 가맹점 0.5% 할인 | 교통: 기후동행요금 결제일 할인
43,신한카드 Deep Store,신한카드,신용,Mastercard,"해외겸용 [13,000]원",300000,"300,000원",쇼핑: 15% | 카페/디저트: 10% | 대형마트: 10%,"마트/편의점, 쇼핑, 카페/디저트, 뷰티/피트니스, OTT/영화/문화",false,,https://d1c5n4ri2guedi.cloudfront.net/card/43/card_img/48665/43card.png,https://www.card-gorilla.com/card/detail/43,쇼핑: 생활쇼핑 할인 서비스 | 카페/디저트: 커피전문점/제과점 할인 서비스 | 기타: 주말 복합쇼핑몰 할인 서비스 | 대형마트: 주말 대형마트 할인 서비스 | 영화: 주말 영화 할인 서비스
2772,기후동행카드(신용),NH농협카드,신용,,"국내전용 [10,000]원",300000,"300,000원",쇼핑: 10% | 통신: 4000원 | 카페/디저트: 3000원,"교통, 통신, 마트/편의점, 쇼핑, 푸드, 카페/디저트, 교육/육아, 레저/스포츠, OTT/영화/문화",false,2024-11-25,https://d1c5n4ri2guedi.cloudfront.net/card/2772/card_img/38074/2772card.png,https://www.card-gorilla.com/card/detail/2772,"쇼핑: [온라인] 온라인 쇼핑몰 10% 청구할인 | 도서: [온라인] 온라인 서점 10% 청구할인 | 교육/육아: [온라인] 어학시험 10% 청구할인 | 영화: [온라인] CGV 온라인 예매(홈페이지, 모바일앱) 2,000원 청구할인 | 배달앱: [온라인] 배달앱(배달의 민족, 요기요) 10% 청구할인 | 통신: [오프라인] 이동통신 자동납부 4,000원 청구할인 | 카페: [오프라인] | 편의점: [오프라인] | 테마파크: [보너스 서비스] 놀이공원 할인 서비스 | 교통: 후불 기후동행카드 이용 관련"
2565,I-PET,IBK기업은행,신용,"Mastercard, BC","국내전용 [18,000]원 / 해외겸용 [19,000]원",400000,"400,000원",애완동물: 30% | 애완동물: 30% | 온라인쇼핑: 10%,"마트/편의점, 쇼핑, 카페/디저트, 애완동물",false,2023-07-07,https://d1c5n4ri2guedi.cloudfront.net/card/2565/card_img/29690/2565card.png,https://www.card-gorilla.com/card/detail/2565,애완동물: 동물병원/반려동물업종 30% 할인 | 애완동물: 반려동물사진관 30% 할인 | 온라인쇼핑: 온라인쇼핑 10% 할인 | 카페: 커피 10% 할인 | 대형마트: 대형마트 5% 할인 | 편의점: 편의점 5% 할인
2704,JADE First,하나카드,신용,VISA,"국내전용 [595,000]원 / 해외겸용 [600,000]원",500000,"500,000원",바우처: 300000원 | 공항라운지: 무제한 | 적립: 1.5%,"모든가맹점, 주유, 쇼핑, 자동차/하이패스, 레저/스포츠, 항공마일리지, 공항라운지/PP, 프리미엄, 여행/숙박, 해외",false,2024-05-31,https://d1c5n4ri2guedi.cloudfront.net/card/2704/card_img/34571/2704card_1.png,https://www.card-gorilla.com/card/detail/2704,"바우처: [PREIUM VOUCHER] 해외/항공/면세/여행 30만원 청구 할인 (연 30만원 한도) | 바우처: [DINING VOUCHER] 특급호텔 레스토랑 20만원 현장 할인 (연 1회) | 바우처: [BONUS VOUCHER] 연 누적 이용금액별 골프/프리미엄 아울렛 50% 할인 | 공항라운지: [AIRPORT] 전세계 공항 라운지 무료 이용 (본인/가족/동반자 통합 연 8회, 일 3회) | 적립: [기본적립] 국내 가맹점 1.5%~1.0% 하나머니 적립 제공 | 적립: [특별적립] 영역별 3.0% 하나머니 적립 | 자동차: [주유/EV충전 적립] 주유(LPG) 리터당 200 하나머니, EV충전 50% 하나머니 적립 제공 | 자동차: [무료 주차] 제휴 주차장 무료 주차 제공"
1741,ROYAL BLUE POINT,우리카드,신용,"VISA, Mastercard, BC","국내전용 [300,000]원 / 해외겸용 [300,000]원",0,없음,바우처: 무제한 | 멤버십포인트: 2% | 공항라운지: 무제한,"교통, 주유, 통신, 마트/편의점, 쇼핑, 카페/디저트, 무실적, 공과금/렌탈, OTT/영화/문화, 항공마일리지, 공항라운지/PP, 프리미엄, 여행/숙박, 해외",false,,https://d1c5n4ri2guedi.cloudfront.net/card/1741/card_img/22373/1741card.png,https://www.card-gorilla.com/card/detail/1741,"바우처: 프리미엄 기프트(연 1회, 택1) | 여행/숙박: 해외 호텔 2박 시 1박 무료(연 1회) | 공항라운지: 국내외 1,000여개 공항라운지 무료 이용 서비스 제공 | 적립: 모아포인트 1% ~ 2% 적립 | 프리미엄 서비스: 주유할인"
180,위카드,NH농협카드,신용,"VISA, Mastercard, UnionPay, JCB","해외겸용 [200,000]원",0,없음,적립: 1.5% | 캐시백: 200000원 | 바우처: 무제한,"쇼핑, 무실적, 항공마일리지, 공항라운지/PP, 프리미엄, 여행/숙박, 해외",false,,https://d1c5n4ri2guedi.cloudfront.net/card/180/card_img/20396/180card.png,https://www.card-gorilla.com/card/detail/180,"적립: 전가맹점 적립! 온라인 1.2배, 해외 1.5배 적립! | 바우처: 바우처 서비스 | 캐시백: 보너스 캐시백 | 프리미엄 서비스: 국제 브랜드 프리미엄 서비스 | 공항라운지: 국내&middot;외 공항 라운지 무료 이용"
2751,the Red (M포인트형),현대카드,신용,VISA,"국내전용 [300,000]원 / 해외겸용 [300,000]원",500000,"500,000원",적립: 1.5% | 바우처: 300000원 | 공항라운지: 무제한,"모든가맹점, 쇼핑, 항공마일리지, 공항라운지/PP, 프리미엄, 여행/숙박",false,2024-08-16,https://d1c5n4ri2guedi.cloudfront.net/card/2751/card_img/36944/2751card_2.jpg,https://www.card-gorilla.com/card/detail/2751,적립: 전월 이용 금액 50만원 이상 시 국내외 가맹점 1.5% M포인트 적립 | 바우처: 다양한 라이프스타일 영역에서 사용 가능한 바우처 제공(연 1회) | 적립: 최대 50만 M포인트 먼저 받아 사용하고 카드 이용하여 적립되는 M포인트로 상환 | 공항: [우대 서비스] 공항 라운지 연간 10회 무료 이용&middot;공항 및 특급호텔 발레파킹 무료 이용 | 프리미엄 서비스: [우대 서비스] 메탈 플레이트 제공
2923,신세계 신한카드 Best Fit,신한카드,신용,Mastercard,"국내전용 [15,000]원 / 해외겸용 [18,000]원",300000,"300,000원",백화점: 3% | 멤버십포인트: 0.7% | 해외이용: 2%,"모든가맹점, 쇼핑, 해외",false,2025-10-02,https://d1c5n4ri2guedi.cloudfront.net/card/2923/card_img/45412/2923card.png,https://www.card-gorilla.com/card/detail/2923,"백화점: 신세계백화점 이용금액 2.5% 결제일 할인(단, SSGPAY 결제 시 3.0% 결제일 할인) | 멤버십포인트: 국내 가맹점 이용금액 0.7% 마이신한포인트 적립 | 해외이용: 해외 가맹점 이용금액 2% 할인 | 제휴/PLCC: 신세계백화점 제휴 서비스 제공"
2756,the Purple,현대카드,신용,VISA,"국내전용 [1,000,000]원 / 해외겸용 [1,000,000]원",500000,"500,000원",바우처: 700000원 | 적립: 1.5% | 공항라운지/PP: 무제한,"모든가맹점, 항공마일리지, 공항라운지/PP, 프리미엄",false,2024-09-25,https://d1c5n4ri2guedi.cloudfront.net/card/2756/card_img/37053/2755card_1.png,https://www.card-gorilla.com/card/detail/2756,바우처: 국내 Luxury/Gourmet 영역에서 카테고리 구분 없이 사용 가능한 바우처 | 적립: [기본혜택] 대한항공 마일리지와 M포인트 중 선택 적립 | PP: [우대 서비스] Priority Pass 카드 | 공항: 인천국제공항 라운지 서비스 | 프리미엄 서비스: [우대 서비스] 메탈 플레이트
1006,신한카드 LABE,신한카드,신용,Mastercard,"국내전용 [197,000]원 / 해외겸용 [200,000]원",500000,"500,000원",바우처: 무제한 | 대한항공: 무제한 | 골프: 무제한,"주유, 푸드, 레저/스포츠, 항공마일리지, 공항라운지/PP, 프리미엄, 해외",false,,https://d1c5n4ri2guedi.cloudfront.net/card/1006/card_img/21529/1006card.png,https://www.card-gorilla.com/card/detail/1006,"바우처: Gift Option 서비스 안내 | 대한항공: 항공 마일리지 적립 | 골프: 골프 쇼핑 할인 | 공항라운지: 골프 커피 or 공항라운지 무료 | 배달앱: 쿠팡이츠, 배달의 민족 10% 결제일 할인 | 프리미엄: 국제브랜드사 서비스 공통사항 안내"
2828,삼성 iD STATION 카드 (SK에너지),삼성카드,신용,Mastercard,"국내전용 [15,000]원 / 해외겸용 [15,000]원",400000,"400,000원",주유: 10% | 통신: 5% | 편의점: 5%,"주유, 통신, 마트/편의점, 쇼핑, 자동차/하이패스",false,2025-02-13,https://d1c5n4ri2guedi.cloudfront.net/card/2828/card_img/40177/2828card.png,https://www.card-gorilla.com/card/detail/2828,주유: SK주유(충전)소에서 주유 시 10% 결제일할인 | 통신: 통신요금 정기결제 시 5% 결제일할인 | 편의점: 편의점 5% 결제일할인 | 온라인쇼핑: 온라인쇼핑몰 5% 결제일할인 | 정비: 차량 점검 서비스
579,I’m YOLO 플래티넘,롯데카드,신용,Mastercard,"국내전용 [48,000]원 / 해외겸용 [50,000]원",500000,"500,000원",대한항공: 무제한 | 항공마일리지: 무제한 | 공항라운지: 무제한,"모든가맹점, 항공마일리지, 공항라운지/PP, 프리미엄",false,,https://d1c5n4ri2guedi.cloudfront.net/card/579/card_img/21320/579card.png,https://www.card-gorilla.com/card/detail/579,대한항공: [SKYPASS 마일리지 적립] | 공항라운지: [라운지 서비스 안내] (Master 플래티넘 카드 발급 시 제공) | 프리미엄: Mastercard Platinum 서비스
252,Any PLUS 카드,하나카드,신용,"VISA, Mastercard, AMEX, UnionPay, JCB","국내전용 [15,000원] / 해외겸용 [15,000원]",0,없음,모든가맹점: 0.7% | 온라인쇼핑: 1.7% | 해외: 1.7%,"모든가맹점, 쇼핑, 무실적, 해외",false,,https://d1c5n4ri2guedi.cloudfront.net/card/252/card_img/30965/252card.png,https://www.card-gorilla.com/card/detail/252,모든가맹점: 국내 가맹점 0.7% 청구할인 | 온라인쇼핑: 국내 온라인 가맹점 1.7% 청구할인 | 해외: 해외 가맹점 1.7% 청구할인
615,Easy ring 티타늄카드,KB국민카드,신용,Mastercard,"국내전용 [30,000]원 / 해외겸용 [30,000]원",500000,"500,000원",통신: 20000원 | 배달앱: 2000원 | 온라인쇼핑: 5%,"주유, 통신, 마트/편의점, 쇼핑, 푸드, 카페/디저트, OTT/영화/문화, 프리미엄",false,,https://d1c5n4ri2guedi.cloudfront.net/card/615/card_img/21382/615card.png,https://www.card-gorilla.com/card/detail/615,통신: [통신 할인] | OTT/영화/문화: [Easy ring+] | 선택형: [Easy ring 선택서비스]_택 2 | 적립: [Easy ring 리워드] | 프리미엄 서비스: 티타늄 서비스
2091,CLUB1카드 200,하나카드,신용,Mastercard,"해외겸용 [2,000,000]원",0,없음,항공마일리지: 무제한 | 면세점: 10% | 선택형: 무제한,"쇼핑, 무실적, 레저/스포츠, 항공마일리지, 프리미엄, 여행/숙박, 해외",false,,https://d1c5n4ri2guedi.cloudfront.net/card/2091/card_img/21909/2091card.png,https://www.card-gorilla.com/card/detail/2091,항공마일리지: - 대한항공 / 아시아나 항공 마일리지 적립 | 선택형: - trendy MILEAGE (더블 마일리지) | 쇼핑: - 국내 특급호텔 무료 발레파킹 / 식음료 할인 / 객실 할인 | 골프: - KLPGA 하나금융그룹 Championship | 생활: [가족카드 서비스] | 기타: Finance
2450,HERITAGE Smart [할인형],KB국민카드,신용,Mastercard,"국내전용 [200,000]원 / 해외겸용 [200,000]원",500000,"500,000원",바우처: 무제한 | 국내외가맹점: 3% | 할인: 5%,"모든가맹점, 교통, 주유, 마트/편의점, 쇼핑, 카페/디저트, 교육/육아, 항공마일리지, 프리미엄, 여행/숙박, 해외",false,,https://d1c5n4ri2guedi.cloudfront.net/card/2450/card_img/27739/2450card.png,https://www.card-gorilla.com/card/detail/2450,"바우처: [HERITAGE 전용혜택] 쿠폰서비스 (연 1회 제공, 3가지 중 택1) | 국내외가맹점: 국내 가맹점 1% 할인 | 할인: 특별 영역 5% 할인 | 금융: [HERITAGE Smart 서비스] 금융서비스 | 프리미엄: Mastercard World 서비스 | 프리미엄: [HERITAGE Smart 서비스] 전용고객센터"
2623,American Express Rose Gold KB Kookmin Card,KB국민카드,신용,AMEX,"해외겸용 [19,000]원",300000,"300,000원",온라인쇼핑: 10% | 카페: 10% | 면세점: 5%,"마트/편의점, 쇼핑, 카페/디저트, 항공마일리지, 해외",false,2023-11-29,https://d1c5n4ri2guedi.cloudfront.net/card/2623/card_img/31558/2623card.png,https://www.card-gorilla.com/card/detail/2623,온라인쇼핑: 온라인 쇼핑 10% 할인(KB Pay 결제 시) | 카페: 커피/편의점 10% 할인(KB Pay 결제 시) | 쇼핑: 오프라인 쇼핑 5% 할인(KB Pay 결제 시) | 항공권: 온라인 항공/면세점 5% 할인(KB Pay 결제 시) | 프리미엄 서비스: Amex Selects(셀렉츠) 서비스
2715,디지로카 Wellness,롯데카드,신용,"VISA, Mastercard, AMEX","국내전용 [30,000]원 / 해외겸용 [30,000]원",500000,"500,000원",뷰티/피트니스: 7% | 무이자할부: 무제한,"뷰티/피트니스, 병원/약국",false,2024-06-14,https://d1c5n4ri2guedi.cloudfront.net/card/2715/card_img/35532/2715card.png,https://www.card-gorilla.com/card/detail/2715,"뷰티/피트니스: 피부과, 성형외과, 스포츠센터, 미용실 캐시백 혜택 | 무이자할부: 국내 가맹점 2~3개월 무이자 할부"
2470,TRADERS CLUB 삼성카드,삼성카드,신용,Mastercard,"국내전용 [15,000]원 / 해외겸용 [15,000]원",0,없음,대형마트: 5% | 택시: 2% | 편의점: 2%,"교통, 마트/편의점, 쇼핑, 카페/디저트, 무실적, OTT/영화/문화",false,,https://d1c5n4ri2guedi.cloudfront.net/card/2470/card_img/28238/2470card.png,https://www.card-gorilla.com/card/detail/2470,대형마트: 트레이더스 홀세일 클럽 1/3/5% TR CASH 적립 | 생활: 생활 편의 영역 1/2% TR CASH 적립 | 백화점: 신세계포인트 적립 서비스 | 선택형: 카드플레이트 선택 가능
1584,신협-신한카드 Hi-Point,신협,신용,"VISA, Mastercard, JCB","해외겸용 [8,000]원",0,없음,적립: 2% | 적립: 5% | 주유소: 무제한,"모든가맹점, 주유, 통신, 마트/편의점, 쇼핑, 푸드, 무실적, OTT/영화/문화, 해외",false,,https://d1c5n4ri2guedi.cloudfront.net/card/1584/card_img/22633/1584card.png,https://www.card-gorilla.com/card/detail/1584,"쇼핑: 롯데/ 현대백화점 마이신한포인트 1.0~5.0% 적립 | 모든가맹점: 전국 가맹점 0.2~2.0% 적립 | 주유소: S-OIL / 현대오일뱅크 주유 시 리터 당 60원 마이신한포인트 적립 | 금융: 신한금융투자 CMA 결제계좌 지정 시 일시불/할부 이용 금액의 0.2% 마이신한포인트 추가 적립 | 통신: SK텔레콤/KT/LG U+ 이동통신요금 1.0~5.0% 적립 | 기타: 4대 백화점, 3대 할인점 무이자 할부 서비스 | 적립: 포인트 적립율 산정"
2811,더 심플 하나카드,하나카드,신용,Mastercard,"국내전용 [25,000]원 / 해외겸용 [25,000]원",300000,"300,000원",통신: 15000원 | 렌탈: 15000원 | 디지털구독: 15000원,"통신, 공과금/렌탈, OTT/영화/문화",false,,https://d1c5n4ri2guedi.cloudfront.net/card/2811/card_img/39692/2811card.png,https://www.card-gorilla.com/card/detail/2811,"할인: 월납 요금 최대 15,000원 할인"
193,NH올원 LGU+카드,NH농협카드,신용,"Mastercard, JCB","해외겸용 [15,000]원",300000,"300,000원",LGU+: 17000원 | 카페/디저트: 10% | 테마파크: 50%,"통신, 카페/디저트, 레저/스포츠, OTT/영화/문화",false,,https://d1c5n4ri2guedi.cloudfront.net/card/193/card_img/20413/193card.png,https://www.card-gorilla.com/card/detail/193,LGU+: LGU+ 라이트할부 및 통신료 자동이체 할인서비스 | 생활: 생활 할인서비스 | 테마파크: 전국 주요 놀이공원 할인서비스
470,Easy on카드,KB국민카드,신용,"Mastercard, UnionPay","국내전용 [20,000]원 / 해외겸용 [20,000]원",500000,"500,000원",생활: 5% | 생활: 5%,"모든가맹점, 교통, 통신, 마트/편의점, 쇼핑, 푸드, 카페/디저트, OTT/영화/문화",false,,https://d1c5n4ri2guedi.cloudfront.net/card/470/card_img/21160/470card.png,https://www.card-gorilla.com/card/detail/470,"온라인쇼핑: 인터넷 쇼핑몰: G마켓, 옥션, 11번가 5% 할인 | 푸드: 푸드 5% 할인 | 소셜커머스: 소셜커머스: 쿠팡, 티몬, 위메프 5% 할인 | 배달앱: 배달앱 : 배달의민족, 마켓컬리 5% 할인 | 백화점: 백화점: 롯데, 신세계, 현대 5% 할인 | 카페: 커피: 스타벅스(사이렌오더포함), 커피빈 5% 할인 | 편의점: 편의점 : GS25, CU 5% 할인 | 대중교통: 대중교통 : 버스, 지하철 5% 할인 | 통신: 이동통신 : SKT, KT, LG U+ 이동통신요금 자동이체 5% 할인 | 생활: 온라인 음원 : 멜론, 지니 5% 할인 | APP: 인터넷 쇼핑몰 앱카드 결제: G마켓, 옥션, 11번가에서 앱카드 결제 이용금액 5% 할인"
859,Kia Members 경차전용카드(유류세 환급),현대카드,신용,,국내전용 [없음],0,없음,주유: 무제한 | 주유: 400원 | 적립: 0.5%,"주유, 무실적, 공과금/렌탈, 자동차/하이패스",false,,https://d1c5n4ri2guedi.cloudfront.net/card/859/card_img/21683/859card.png,https://www.card-gorilla.com/card/detail/859,주유: 경차 유류세 환급 대상자가 전국 모든 주유소 및 충전소(LPG) 이용 시 유종에 따라 유류세 환급 | 주유: 주유 할인 서비스 | 자동차/하이패스: 현대해상 자동차 보험료 결제 시 청구 할인 | 멤버십포인트: 기아 멤버십 프로그램 Kia Members 제휴서비스 제공 | 금융: - KEB하나은행 영업점을 방문하여 계좌등록 후 서비스 이용 가능 | 적립: 기본 M포인트
449,CLUB Signature SKYPASS 카드,하나카드,신용,"VISA, UnionPay","해외겸용 [145,000]원",0,없음,프리미엄: 무제한 | 공항라운지/PP: 무제한 | 항공마일리지: 500원,"쇼핑, 무실적, 병원/약국, 레저/스포츠, 항공마일리지, 공항라운지/PP, 프리미엄, 여행/숙박, 해외",false,,https://d1c5n4ri2guedi.cloudfront.net/card/449/card_img/20961/449card.png,https://www.card-gorilla.com/card/detail/449,"바우처: 연 1회, 2가지 Special Service 1 중 1가지 선택 (카드 신규 발급시 선택) | 더라운지: LoungeKey (VISA) 전 세계 제휴 라운지 무료 입장(월 2회, 연 6회) | 대한항공: 1,500원당 대한항공 마일리지 적립 | 프리미엄 서비스: 국제 브랜드 서비스"
46,삼성카앤모아카드,삼성카드,신용,Mastercard,"국내전용 [8,000]원 / 해외겸용 [10,000]원",300000,"300,000원",주유: 0.4% | 주유: 무제한 | OTT/영화/문화: 50%,"모든가맹점, 주유, 카페/디저트, 자동차/하이패스, OTT/영화/문화",false,,https://d1c5n4ri2guedi.cloudfront.net/card/46/card_img/27704/46card.png,https://www.card-gorilla.com/card/detail/46,주유: 서비스안내 | 주유: 서비스 안내 | 영화: 서비스안내 | 카페/디저트: 서비스안내 | 자동차/하이패스: 서비스안내
2884,배민 신한카드 밥친구,신한카드,신용,VISA,"국내전용 [12,000]원 / 해외겸용 [15,000]원",200000,"200,000원",배달앱: 5% | 국내외가맹점: 1%,"모든가맹점, 푸드",false,2025-05-12,https://d1c5n4ri2guedi.cloudfront.net/card/2884/card_img/44250/2884card.png,https://www.card-gorilla.com/card/detail/2884,배달앱: 배달의민족 이용금액 5% 결제일 할인 | 국내외가맹점: 국내/외 가맹점 이용금액 1% 결제일 할인
142,톡톡 Pay카드,KB국민카드,신용,Mastercard,"국내전용 [20,000]원 / 해외겸용 [20,000]원",400000,"400,000원",간편결제: 40% | 대중교통: 10% | 편의점: 10%,"교통, 마트/편의점, 간편결제",false,,https://d1c5n4ri2guedi.cloudfront.net/card/142/card_img/20370/142card.png,https://www.card-gorilla.com/card/detail/142,"간편결제: 간편결제(Pay) 20~40% 청구할인 | 대중교통: 대중교통(버스, 지하철) 10% 청구할인 | 편의점: 편의점(GS25, CU) 10% 청구할인"
2607,kt DC PLUS,BC 바로카드,신용,"VISA, Mastercard","국내전용 [12,000원] / 해외겸용 [12,000원]",300000,"300,000원",KT: 13000원 | 주유: 1%,"주유, 통신",false,2023-08-01,https://d1c5n4ri2guedi.cloudfront.net/card/2607/card_img/31232/2607card.png,https://www.card-gorilla.com/card/detail/2607,KT: KT 통신요금 결제일 할인 | 주유소: SK주유소 결제일 할인 | 프리미엄: Mastercard Platinum 등급 기본 서비스 또는 VISA Young Premium 서비스 제공
1174,하나 원큐 카드,하나카드,신용,VISA,"국내전용 [15,000]원 / 해외겸용 [15,000]원",0,없음,간편결제: 1.8% | 모든가맹점: 0.8% | 해외: 1.8%,"모든가맹점, 무실적, 해외",false,,https://d1c5n4ri2guedi.cloudfront.net/card/1174/card_img/21134/1174card.png,https://www.card-gorilla.com/card/detail/1174,적립: 전월 실적 및 횟수 제한 없는 하나머니 적립 서비스 | 해외: 해외에서도 전월 실적 및 횟수 제한 없는 하나머니 적립 서비스
2548,e hi-pass 카드(현대차),KB국민카드,신용,,"국내전용 [2,000원]",0,없음,하이패스: 무제한 | 멤버십포인트: 0.1% | 자동차/하이패스: 50%,"무실적, 자동차/하이패스",false,,https://d1c5n4ri2guedi.cloudfront.net/card/2548/card_img/29544/2548card.png,https://www.card-gorilla.com/card/detail/2548,하이패스: e hi-pass 카드 소개 | 하이패스: 후불 하이패스 카드 | 멤버십포인트: 포인트리 적립 서비스
273,참! 좋은 다이소카드(신용),IBK기업은행,신용,"VISA, UnionPay","해외겸용 [12,000]원",300000,"300,000원",쇼핑: 30% | 드럭스토어: 20% | 편의점: 20%,"주유, 마트/편의점, 쇼핑, 카페/디저트, 뷰티/피트니스, 레저/스포츠, OTT/영화/문화",false,,https://d1c5n4ri2guedi.cloudfront.net/card/273/card_img/20495/273card.png,https://www.card-gorilla.com/card/detail/273,"쇼핑: [다이소 라이프서비스] 다이소 매장할인 | 소셜커머스: [다이소 라이프서비스] 소셜커머스 할인 | 헤어: [다이소 라이프서비스] 헤어 업종 할인 | 카페: [다이소 라이프서비스] 커피전문점 할인 | 편의점: [다이소 라이프서비스] 편의점 및 드럭스토어 할인 | 영화: [다이소 라이프서비스] 영화 할인 | 주유소: 주유소 리터당 40원 할인 | 대형마트: 이마트, 홈플러스, 롯데마트, 농협하나로클럽 5% 할인 | 테마파크: 주요 놀이공원 무료입장 또는 입장료/자유이용권 할인 (월 1회, 연 2회)"
61,스카이패스 삼성아멕스카드,삼성카드,신용,AMEX,"해외전용 [20,000]원",0,없음,대한항공: 500원 | 대한항공: 500원 | 주유: 무제한,"모든가맹점, 주유, 무실적, 자동차/하이패스, 레저/스포츠, 항공마일리지",false,,https://d1c5n4ri2guedi.cloudfront.net/card/61/card_img/28053/61card.png,https://www.card-gorilla.com/card/detail/61,"대한항공: 국내 일시불 및 할부 이용금액 1,500원당 스카이패스 1 마일리지 적립 | 주유: S-OIL 주유소 주유 시 리터당 40 보너스포인트 적립 | 테마파크: 놀이공원 자유이용권 50%&middot;워터파크 입장권 30% 현장할인 | 정비: 엔진오일 교환 시 20,000원 현장할인 | 프리미엄: American Express Selects 서비스 제공"
2366,SOHO 다사로이OIL카드,NH농협카드,신용,"UnionPay, JCB","국내전용 [15,000]원 / 해외겸용 [17,000]원",500000,"500,000원",주유: 5% | 비즈니스: 0.5% | 교통: 10%,"주유, 공과금/렌탈, 자동차/하이패스, 비즈니스",false,,https://d1c5n4ri2guedi.cloudfront.net/card/2366/card_img/25047/2366card.png,https://www.card-gorilla.com/card/detail/2366,"주유: 국내 주유소 및 LPG&middot;수소차 충전소 5% 청구할인, 전기차 충전소 5% 청구할인 | 비즈니스: 주요 사업경비업종 0.5% 청구할인 | 기타: 카카오T대리 자동결제 10% 청구할인 | 정비: 스피드메이트 엔진오일 및 와이퍼 무료교환 서비스 | 자동차: 차량 구매액 1% 청구할인"
2304,신한카드 Eats More(이츠모아),신한카드,신용,VISA,"국내전용 [15,000]원 / 해외겸용 [18,000]원",400000,"400,000원",적립: 1000원 | 적립: 1600원 | 해외: 무제한,"모든가맹점, 쇼핑, 푸드",false,,https://d1c5n4ri2guedi.cloudfront.net/card/2304/card_img/23588/2304card.png,https://www.card-gorilla.com/card/detail/2304,적립: 국내외가맹점 5천원 이상 결제 시 1천원 미만 금액 마이신한포인트 적립 | 적립: 요식업종 / 배달앱 / 온라인마켓 이용건별 마이신한포인트 정액 적립 | 금융: [적립포인트 투자 서비스] | 선택형: 원하는 플레이트 디자인 선택 가능
764,카카오페이 신용카드,삼성카드,신용,VISA,"국내전용 [10,000]원 / 해외겸용 [10,000]원",0,없음,통신: 3000원 | 디지털구독: 10% | 카카오페이: 3%,"통신, 무실적, OTT/영화/문화, 간편결제, 해외",false,,https://d1c5n4ri2guedi.cloudfront.net/card/764/card_img/28068/764card.png,https://www.card-gorilla.com/card/detail/764,"통신: 이동통신요금 카카오페이포인트 3,000P 적립 | 디지털구독: 스트리밍 10% 카카오페이포인트 적립 | 해외: 해외 1% 카카오페이포인트 적립 | 기타: 플레이트 디자인 선택가능 | 카카오페이: 서비스안내 | 카카오페이: 서비스안내 | 적립: 서비스안내"
687,신한카드 Unboxing,신한카드,신용,AMEX,"국내전용 [32,000]원 / 해외겸용 [35,000]원",400000,"400,000원",온라인쇼핑: 10% | 편의점: 10% | 기타: 2500원,"마트/편의점, 쇼핑, 카페/디저트",false,,https://d1c5n4ri2guedi.cloudfront.net/card/687/card_img/25343/687card.png,https://www.card-gorilla.com/card/detail/687,"쇼핑: 기본 캐시백 : 아래 대상점 10%, 최대 5만원 캐시백 | 기타: 아래 서비스 적용 대상 건당 2,500원, 최대 6회 결제일 할인 | 선택형"
2895,iM 트래블 카드,iM뱅크,신용,VISA,"국내전용 [14,000]원 / 해외겸용 [15,000]원",300000,"300,000원",할인: 10% | 수수료우대: 무제한 | 공항라운지: 무제한,"통신, 마트/편의점, 쇼핑, 푸드, 카페/디저트, OTT/영화/문화, 항공마일리지, 공항라운지/PP, 여행/숙박, 해외",false,2025-08-21,https://d1c5n4ri2guedi.cloudfront.net/card/2895/card_img/44234/2895card.png,https://www.card-gorilla.com/card/detail/2895,할인: 온라인쇼핑&middot;배달앱 10% 할인 | 할인: 커피&middot;편의점&middot;생활용품 10% 할인 | 할인: 이동통신&middot;스트리밍 10% 할인 | 온라인 여행사: 여행플랫폼 &middot; 면세점 5% 할인 | 항공권: 항공 5% 할인 | 공항라운지: THE LOUNGE(더라운지) 앱 설치 및 앱에 카드 등록 이후 이용 가능 | 수수료우대: 해외 이용 수수료 면제 혜택 (외화 머니로 해외 이용시)
2903,현대카드M-경차전용카드 Edition2 (유류세환급),현대카드,신용,,국내전용 [없음],300000,"300,000원",주유: 150원 | 기타: 무제한,"모든가맹점, 주유, 쇼핑, 자동차/하이패스",false,2022-07-27,https://d1c5n4ri2guedi.cloudfront.net/card/2903/card_img/44398/2903card.png,https://www.card-gorilla.com/card/detail/2903,주유: [정부 유류세 환급제도 지원] | 주유: [주유 할인 서비스] | 적립: [기본적립] | 적립: [특별적립] | 온라인쇼핑: [추가적립]
2858,카카오뱅크 줍줍 신한카드,신한카드,신용,Mastercard,"국내전용 [18,000]원 / 해외겸용 [18,000]원",0,없음,할인: 1% | 캐시백: 1%,"모든가맹점, 무실적",false,2025-04-18,https://d1c5n4ri2guedi.cloudfront.net/card/2858/card_img/43775/%EC%A4%8D%EC%A4%8D-%EC%8B%A0%ED%95%9C%EC%B9%B4%EB%93%9C_1.png,https://www.card-gorilla.com/card/detail/2858,선택형: 카드 디자인 | 캐시백: &lsquo;카드 쓰면 1% 캐시백&rsquo; 서비스 | 캐시백: &lsquo;카드값 바로내면 1% 캐시백&rsquo; 서비스
548,카드의정석 MILEAGE SKYPASS,우리카드,신용,"VISA, Mastercard, BC","국내전용 [39,000]원 / 해외겸용 [39,000]원",500000,"500,000원",대한항공: 무제한 | 항공마일리지: 무제한 | 공항라운지: 무제한,"모든가맹점, 항공마일리지, 공항라운지/PP",false,,https://d1c5n4ri2guedi.cloudfront.net/card/548/card_img/23980/0548card.png,https://www.card-gorilla.com/card/detail/548,"대한항공: 이용금액 1,000원당 대한항공 마일리지 적립 | 공항라운지: 전 세계 공항라운지 무료 이용 서비스"
578,금융포인트리카드,KB국민카드,신용,"VISA, Mastercard, UnionPay","해외겸용 [5,000]원",0,없음,금융: 5% | 은행사: 0.3% | 기타: 무제한,"모든가맹점, 무실적",false,,https://d1c5n4ri2guedi.cloudfront.net/card/578/card_img/21317/578card.png,https://www.card-gorilla.com/card/detail/578,금융: 금융포인트 0.5~5% 적립 | 기타: 다양한 KB금융 서비스 혜택
780,삼성카드 BIZ LEADERS,삼성카드,신용,Mastercard,"국내전용 [20,000]원 / 해외겸용 [20,000]원",0,없음,모든가맹점: 0.5% | 공과금: 10% | 생활: 3%,"모든가맹점, 주유, 통신, 마트/편의점, 쇼핑, 무실적, 공과금/렌탈",false,,https://d1c5n4ri2guedi.cloudfront.net/card/780/card_img/28070/780card.png,https://www.card-gorilla.com/card/detail/780,할인: 국내외 가맹점 0.5% 할인 | 할인: 온라인쇼핑몰&middot;주유&middot;할인점 3% 결제일할인 | 할인: 4대 사회보험&middot;손해보험&middot;전기요금&middot;이동통신&middot;인터넷 10% 결제일할인 | 할인: 4대 사회보험 자동납부 시 납부대행수수료(납부금액의 0.8%) 결제일할인 | 기타: [세무지원 서비스]
2490,나무 NH농협카드,NH농협카드,신용,Mastercard,"국내전용 [15,000]원 / 해외겸용 [15,000]원",400000,"400,000원",캐시백: 8% | 캐시백: 무제한 | 공항라운지/PP: 무제한,"교통, 통신, 마트/편의점, 쇼핑, 푸드, 카페/디저트, 뷰티/피트니스, OTT/영화/문화, 공항라운지/PP, 해외",false,,https://d1c5n4ri2guedi.cloudfront.net/card/2490/card_img/28433/2490card.png,https://www.card-gorilla.com/card/detail/2490,캐시백: 나무증권 스마트 캐시백 | 캐시백: 나무멤버스 월 이용료 캐시백 | 공항라운지: 국제공항 라운지 무료이용 | 선택형: 원하는 플레이트 디자인 선택 가능
2461,THE iD. TITANIUM(포인트),삼성카드,신용,VISA,"국내전용 [695,000]원 / 해외겸용 [700,000]원",500000,"500,000원",프리미엄: 무제한 | 국내외가맹점: 1.2% | 모든가맹점: 1.5%,"쇼핑, 공항라운지/PP, 프리미엄, 여행/숙박",false,,https://d1c5n4ri2guedi.cloudfront.net/card/2461/card_img/28297/2461card.png,https://www.card-gorilla.com/card/detail/2461,"바우처: 5가지 기프트 중에서 매년 2가지를 선택 | 적립: 국내 가맹점 1.2%, 생활 편의 영역 1.5% | 생활: 라이프스타일 50,000원 할인 | 공항라운지: 공항 라운지 서비스(THE Lounge) | 프리미엄 서비스: 국제브랜드 서비스(해외겸용카드 전용) | 선택형: 특수 소재 카드"
2698,zgm point카드,NH농협카드,신용,"VISA, Mastercard, UnionPay, JCB","국내전용 [50,000]원 / 해외겸용 [55,000]원",0,없음,모든가맹점: 1.8% | 적립: 5% | 적립: 5%,"모든가맹점, 무실적",false,2024-03-29,https://d1c5n4ri2guedi.cloudfront.net/card/2698/card_img/33929/2698card.png,https://www.card-gorilla.com/card/detail/2698,국내외가맹점: [기본적립] 국내/해외 가맹점에서 NH포인트 0.8%~1.8% 적립 | 적립: [추가적립] &#39;기본적립&#39;된 포인트의 5% 추가적립 - 연 1회 | 적립: [해피포인트 적립] SPC 가맹점 이용 시 해피포인트 적립
266,일상의 기쁨카드(신용),IBK기업은행,신용,"VISA, UnionPay","해외겸용 [10,000]원",500000,"500,000원",대중교통: 200원 | 영화: 10000원 | 카페: 20%,"교통, 주유, 마트/편의점, 쇼핑, 카페/디저트, 뷰티/피트니스, 레저/스포츠, OTT/영화/문화",false,,https://d1c5n4ri2guedi.cloudfront.net/card/266/card_img/23586/266card.png,https://www.card-gorilla.com/card/detail/266,"대중교통: 버스, 지하철 이용건당 200원 할인 | 영화: CGV, 롯데시네마, 메가박스 1만원 할인 | 카페: 주요 커피전문점 20% 할인 | 주유소: GS 칼텍스 &middot; S-OIL &middot; SK 에너지 &middot; HD 현대오일뱅크 리터당 60원 할인(LPG 포함) | 편의점: GS25, CU, 세븐일레븐 10% 할인 | 드럭스토어: 올리브영 10% 할인 | 대형마트: 이마트, 홈플러스, 롯데마트 5% 할인 | 온라인쇼핑: 쿠팡 20% 할인 | 기타: 당행 전자금융 이체수수료 면제 | 테마파크: 주요 놀이공원 무료입장 또는 입장료/자유이용권 할인 (월 1회, 연 2회)"
2799,K-패스엔로카,롯데카드,신용,"Mastercard, AMEX","국내전용 [20,000]원 / 해외겸용 [20,000]원",400000,"400,000원",대중교통: 15% | 카페: 15% | 디지털구독: 15%,"교통, 마트/편의점, 쇼핑, 카페/디저트, OTT/영화/문화",false,2024-12-31,https://d1c5n4ri2guedi.cloudfront.net/card/2799/card_img/39414/2799card.png,https://www.card-gorilla.com/card/detail/2799,대중교통: K-패스란? | 생활: 대중교통 &amp; 생활비 최대 15% 결제일 할인
1768,ROYAL BLUE MILEAGE[SKYPASS],우리카드,신용,"VISA, Mastercard, BC","국내전용 [330,000]원 / 해외겸용 [330,000]원",300000,"300,000원",바우처: 무제한 | 대한항공: 무제한 | 주유: 무제한,"교통, 주유, 쇼핑, 카페/디저트, 공과금/렌탈, OTT/영화/문화, 항공마일리지, 공항라운지/PP, 프리미엄, 여행/숙박, 해외",false,,https://d1c5n4ri2guedi.cloudfront.net/card/1768/card_img/22345/1768card.png,https://www.card-gorilla.com/card/detail/1768,"바우처: 프리미엄 기프트(연 1회, 택1) | 여행/숙박: 해외 호텔 2박 시 1박 무료(연 1회) | 공항라운지/PP: 국내외 공항 라운지 무료 이용 서비스(Priority Pass 카드 제공) | 항공마일리지: 마일리지 적립 | 프리미엄 서비스: 주유할인"
2836,신한카드 Discount Plan,신한카드,신용,Mastercard,"국내전용 [15,000]원 / 해외겸용 [15,000]원",400000,"400,000원",마트/편의점: 10% | 일반음식점: 10% | 할인: 20%,모든가맹점,false,2025-03-24,https://d1c5n4ri2guedi.cloudfront.net/card/2836/card_img/41608/2836card.png,https://www.card-gorilla.com/card/detail/2836,"할인: Time Plan 서비스 | 쇼핑: [Daily Plan 서비스] 쇼핑 10% 결제일 할인 | 교통: [Daily Plan 서비스] 이동 5% 결제일 할인 | 생활: [Daily Plan 서비스] 생활 5% 결제일 할인 | 할인: [Plan Day 서비스] 매월 1일 Time Plan, Daily Plan 서비스 2배 할인 | 할인: [Monthly Plan 서비스] 정기결제 최대 20% 결제일 할인 | 영화: [Monthly Plan 서비스] 영화 예매 5천원 결제일 할인 | 할인: [Annual Plan 서비스] 스피트메이트 정비 현장 할인&middot;테마파크 할인"
2925,수협 ALL드림,Sh수협은행,신용,Mastercard,"국내전용 [18,000]원 / 해외겸용 [19,000]원",300000,"300,000원",병원/약국: 20% | 푸드: 10% | 마트/편의점: 10%,"교통, 주유, 통신, 마트/편의점, 쇼핑, 푸드, 카페/디저트, 공과금/렌탈, 병원/약국, 애완동물",false,2025-04-01,https://d1c5n4ri2guedi.cloudfront.net/card/2925/card_img/45767/2925card.png,https://www.card-gorilla.com/card/detail/2925,"병원/약국: 병원/한의원/약국/동물병원 20% 청구할인 | 푸드: 음식점/커피전문점/편의점 10% 청구할인 | 배달앱: 배달의 민족/요기요/쿠팡이츠 10% 청구할인 | 생활: 아파트관리비 또는 이동통신요금(SKT, KT, LG U+, 알뜰폰) 자동납부 10% 청구할인 | 대형마트: 이마트(트레이더스 포함)/롯데마트/홈플러스 10% 청구할인 | 온라인쇼핑: 쿠팡/옥션/G마켓 10% 청구할인 | 택시: 카카오T(택시) 10% 청구할인 | 주유소: 전 주유소 리터당 60원 청구할인(LPG포함)"
2536,K-22(Mileage),IBK기업은행,신용,"Mastercard, BC","국내전용 [219,000]원 / 해외겸용 [220,000]원",500000,"500,000원",항공마일리지: 500원 | 바우처: 150000원 | 공항라운지: 무제한,"쇼핑, 항공마일리지, 공항라운지/PP, 프리미엄, 여행/숙박",false,,https://d1c5n4ri2guedi.cloudfront.net/card/2536/card_img/29417/2536card.png,https://www.card-gorilla.com/card/detail/2536,"항공마일리지: 대한항공(Skypass) 마일리지 적립 | 바우처: 바우처서비스 (연 1회 제공, 5가지 중 택 1) | 프리미엄 서비스: 프리미엄 서비스 | 프리미엄 서비스: 특별서비스 | 프리미엄 서비스: 브랜드 서비스"
1577,New후불하이패스카드,NH농협카드,신용,,"국내전용 [2,000]원",0,없음,하이패스: 50%,"무실적, 자동차/하이패스",false,,https://d1c5n4ri2guedi.cloudfront.net/card/1577/card_img/28754/1577card.png,https://www.card-gorilla.com/card/detail/1577,"하이패스: ※ 후불하이패스카드는 현금카드 기능을 사용하실 수 없는 카드입니다(하이패스전용) 당행 현금자동지급기 및 현금자동입출금기, 외부 제휴사 현금지급기 등 어디서도 본 카드로는 현금 인출 거래가 불가하오니 카드 신청 시 유의하여 주시기 바랍니다. | 하이패스: 적용구간"
2624,American Express Blue KB Kookmin Card,KB국민카드,신용,AMEX,"해외겸용 [19,000]원",300000,"300,000원",온라인쇼핑: 10% | 주유소: 100원 | 패밀리레스토랑: 30%,"주유, 통신, 마트/편의점, 쇼핑, 푸드, 레저/스포츠, 해외",false,2023-11-29,https://d1c5n4ri2guedi.cloudfront.net/card/2624/card_img/31557/2624card.png,https://www.card-gorilla.com/card/detail/2624,"온라인쇼핑: 온라인 쇼핑 10% 할인 (KB Pay 결제 시) | 주유: 주유 100원/L, 편의점 5% 할인 | 통신: 이동통신 10%, OTT 30% 할인 | 패밀리레스토랑: 패밀리레스토랑 30% 할인 | 해외이용: 해외 가맹점 5% 할인 | 테마파크: 놀이공원 현장 할인 | 프리미엄 서비스: Amex Selects(셀렉츠) 서비스"
662,삼성페이카드,삼성카드,신용,Mastercard,"국내전용 [15,000]원 / 해외겸용 [15,000]원",300000,"300,000원",모든가맹점: 3% | 해외: 5% | 모든가맹점: 1.5%,"모든가맹점, 간편결제, 해외",true,,https://d1c5n4ri2guedi.cloudfront.net/card/662/card_img/28102/662card.png,https://www.card-gorilla.com/card/detail/662,할인: 서비스안내 | 해외이용: 서비스안내 | 해외이용: 서비스안내 | 할인: 서비스안내
2909,MG+ W 하나카드,MG새마을금고,신용,Mastercard,"국내전용 [19,000]원 / 해외겸용 [19,000]원",300000,"300,000원",학원: 5% | 병원/약국: 5% | 레저/스포츠: 5%,"마트/편의점, 쇼핑, 뷰티/피트니스, 병원/약국, 교육/육아, 레저/스포츠",false,2025-09-15,https://d1c5n4ri2guedi.cloudfront.net/card/2909/card_img/44926/2909card.png,https://www.card-gorilla.com/card/detail/2909,"학원: 입시/보습학원, 외국어학원, 예체능계열학원, 무술도장, 자동차 운전학원, 기술/직업훈련학원 업종 5% 청구할인 | 병원/약국: 종합병원, 일반병원, 요양병원, 동물병원, 치과, 내과, 외과, 안과, 성형외과, 산부인과, 신경정신과, 이비인후과, 피부과, 소아과, 정형외과, 한방병원, 한의원, 한약방, 약국 업종 5% 청구할인 | 레저/스포츠: 골프장, 골프연습장, 당구장, 취미/레저/스포츠(수영장 포함), 헬스클럽, 스포츠용품점, 헤어샵 업종 5% 청구할인 | 쇼핑: 홈쇼핑, 이마트, 롯데마트, 홈플러스, 올리브영, 다이소 5% 청구할인"
2788,신한카드 The ACE BLUE LABEL,신한카드,신용,"VISA, UnionPay","해외겸용 [700,000]원",0,없음,바우처: 무제한 | 병원: 10% | PP: 무제한,"카페/디저트, 무실적, 병원/약국, 항공마일리지, 프리미엄, 여행/숙박",false,,https://d1c5n4ri2guedi.cloudfront.net/card/2788/card_img/39070/2788card.png,https://www.card-gorilla.com/card/detail/2788,바우처: Gift Option 서비스 | 항공마일리지: 대한항공 마일리지/아시아나항공 마일리지 적립(택 1) | 프리미엄: 연(1~12월) 중 3회 선택이 가능한 Premium Box 서비스 제공 | 생활: 의료비 할인 서비스 | PP: 공항라운지카드(Priority Pass) 서비스 | 면세점: JDC 면세점 할인 서비스 내용 | 프리미엄 서비스: 라이프스타일 Desk 서비스 | 프리미엄 서비스: 국제브랜드사 서비스 공통사항 안내
2433,네이버페이 쇼핑엔로카,롯데카드,신용,"Mastercard, AMEX","국내전용 [10,000]원 / 해외겸용 [10,000]원",0,없음,적립: 15000원 | 적립: 1% | 금융: 무제한,"무실적, 간편결제",false,,https://d1c5n4ri2guedi.cloudfront.net/card/2433/card_img/27297/2434card.png,https://www.card-gorilla.com/card/detail/2433,적립: 네이버페이 포인트 적립서비스 | 금융: 장기할부 서비스 | 선택형
729,삼성스토어 BENEFIT 삼성카드,삼성카드,신용,Mastercard,"국내전용 [20,000]원 / 해외겸용 [20,000]원",300000,"300,000원",공과금: 10% | 온라인쇼핑: 3% | 쇼핑: 무제한,"주유, 통신, 쇼핑, 공과금/렌탈",false,,https://d1c5n4ri2guedi.cloudfront.net/card/729/card_img/28578/729card.png,https://www.card-gorilla.com/card/detail/729,"온라인쇼핑: 삼성닷컴 3% 결제일할인 | 공과금/렌탈: 생활요금 자동납부 시, 라이트할부 이용 여부에 따라 5%&middot;10% 결제일할인 | 생활: 주유&middot;온라인쇼핑몰 결제 시, 라이트할부 이용 여부에 따라 3%&middot;6% 결제일할인 | 기타: 삼성스토어 라이트할부 이용 시 삼성케어플러스 월 자동납부금액 3,000원~5,000원 결제일할인 | 제휴/PLCC: 삼성스토어 24&middot;36개월 라이트할부 제공"
2926,BC 바로 Air Master 카드,BC 바로카드,신용,Mastercard,"국내전용 [29,000]원 / 해외겸용 [29,000]원",500000,"500,000원",대한항공: 500원 | 대한항공: 500원 | 대한항공: 200원,"교통, 주유, 항공마일리지, 프리미엄, 해외",false,2025-11-01,https://d1c5n4ri2guedi.cloudfront.net/card/2926/card_img/45800/2926card.png,https://www.card-gorilla.com/card/detail/2926,"대한항공: 1,500원당 1 스카이패스 마일리지 | 대한항공: 1,500원당 1 스카이패스 마일리지 추가 | 대한항공: 1백만원당 200 스카이패스 마일리지 추가 | 무이자할부: 국내 대상 가맹점 2~3개월 상시 무이자 할부 | 프리미엄: 국제 브랜드 서비스"
2899,신한카드 SOL Plan,신한카드,신용,Mastercard,"국내전용 [30,000]원 / 해외겸용 [33,000]원",400000,"400,000원",적립: 5% | 디지털구독: 10000원 | 은행사: 10%,"모든가맹점, 주유, 쇼핑, 푸드, OTT/영화/문화",true,2025-08-25,https://d1c5n4ri2guedi.cloudfront.net/card/2899/card_img/44318/2899card.png,https://www.card-gorilla.com/card/detail/2899,적립: 쓸수록 SOLSOL 서비스 | 디지털구독: 담을수록 SOLSOL 서비스 | 은행사: 모을수록 SOLSOL 서비스
2640,코스트코 리워드 현대카드 Edition2,현대카드,신용,VISA,"국내전용 [20,000]원 / 해외겸용 [20,000]원",500000,"500,000원",대형마트: 3% | 국내외가맹점: 1%,"모든가맹점, 마트/편의점",false,2023-12-07,https://d1c5n4ri2guedi.cloudfront.net/card/2640/card_img/47786/2640card_1.png,https://www.card-gorilla.com/card/detail/2640,멤버십포인트: [ | 멤버십포인트: [추가 혜택] 전월 이용 금액 50만원 이상 시 코스트코 이용 금액의 최대 3% 코스트코 리워드 포인트 적립 | 멤버십포인트: 코스트코 리워드 포인트 바우처 교환 | 멤버십포인트: 코스트코멤버십카드 기능 추가 | 프리미엄 서비스: Visa 브랜드 플래티넘서비스 제공
2396,Diners Club POINT,우리카드,신용,Diners Club,"해외겸용 [300,000]원",0,없음,모든가맹점: 2.3% | 면세점: 2% | 공항라운지: 무제한,"모든가맹점, 쇼핑, 무실적, 레저/스포츠, 항공마일리지, 공항라운지/PP, 프리미엄, 여행/숙박, 해외",false,,https://d1c5n4ri2guedi.cloudfront.net/card/2396/card_img/26137/2396card.png,https://www.card-gorilla.com/card/detail/2396,"적립: 국내 가맹점 1~2.3% 포인트 적립 | 해외: 해외, 면세점 2% 포인트 적립 | 공항라운지: 국내 공항 라운지 무료 이용 | 교통: K리무진 버스 무료 이용 | 골프: 통합 월 1회, 연 4회 제공 | 바우처: 프리미엄 기프트(연 1회, 택 1) | 바우처: 프리미엄 기프트(연 1회, 택 1) | 바우처: 프리미엄 기프트(연 1회, 택 1) | 바우처: 프리미엄 기프트(연 1회, 택 1) | 바우처: 프리미엄 기프트(연 1회, 택 1) | 적립: 보너스 포인트 100,000점 적립"
2881,현대카드S,현대카드,신용,"VISA, AMEX","국내전용 [15,000]원 / 해외겸용 [15,000]원",400000,"400,000원",대형마트: 10% | 백화점: 10% | 할인: 5%,"교통, 마트/편의점, 쇼핑, 카페/디저트, 간편결제",false,2025-07-17,https://d1c5n4ri2guedi.cloudfront.net/card/2881/card_img/44413/2881card_1.png,https://www.card-gorilla.com/card/detail/2881,"할인: 전월 이용 금액 40만원 이상 시 온라인몰, 대형마트, 슈퍼마켓, 백화점, 프리미엄 아울렛 10% 청구 할인 | 할인: 전월 이용 금액 40만원 이상 시 커피전문점, 편의점, 대중교통 5% 청구 할인 | 프리미엄 서비스: 메탈 플레이트 제공"
201,롯데백화점 롯데카드,롯데카드,신용,"VISA, Mastercard","국내전용 [10,000]원 / 해외겸용 [15,000]원",300000,"300,000원",쇼핑: 15% | 쇼핑: 5% | 백화점: 무제한,쇼핑,false,,https://d1c5n4ri2guedi.cloudfront.net/card/201/card_img/20421/201card.png,https://www.card-gorilla.com/card/detail/201,백화점: 롯데백화점 15% 결제일할인 서비스 | 백화점: 롯데백화점 5% 현장할인 e-쿠폰 제공 | 무이자할부: 롯데백화점 12개월 할부서비스 | 멤버십포인트: L.POINT
2878,현대카드D,현대카드,신용,"VISA, AMEX","국내전용 [15,000]원 / 해외겸용 [15,000]원",400000,"400,000원",푸드: 10% | 할인: 5% | 대중교통: 5%,"교통, 마트/편의점, 푸드, 카페/디저트, 간편결제",false,2025-07-17,https://d1c5n4ri2guedi.cloudfront.net/card/2878/card_img/44404/2878card_1.png,https://www.card-gorilla.com/card/detail/2878,"할인: 전월 이용 금액 40만원 이상 시 일반음식점, 배달 앱 10% 청구 할인 | 할인: 전월 이용 금액 40만원 이상 시 커피전문점, 편의점, 대중교통 5% 청구 할인 | 프리미엄 서비스: 메탈 플레이트 제공"
2252,NH1961카드,NH농협카드,신용,VISA,"국내전용 [12,000]원 / 해외겸용 [14,000]원",0,없음,모든가맹점: 0.7% | 적립: 50% | 쇼핑: 0.8%,"주유, 마트/편의점, 푸드, 무실적, OTT/영화/문화",false,,https://d1c5n4ri2guedi.cloudfront.net/card/2252/card_img/21002/2252card.png,https://www.card-gorilla.com/card/detail/2252,적립: 국내/해외 이용가맹점 0.7~0.9% NH포인트 적립 | 적립: 언택트 라이프영역 10~50% NH포인트 적립 | 공항라운지: 국제공항 라운지 무료이용 연 2회 제공
2558,K-패스 삼성카드,삼성카드,신용,Mastercard,"국내전용 [10,000]원 / 해외겸용 [10,000]원",400000,"400,000원",교통: 10% | 카페: 20% | 디지털구독: 20%,"교통, 쇼핑, 카페/디저트, OTT/영화/문화",false,2024-04-11,https://d1c5n4ri2guedi.cloudfront.net/card/2558/card_img/33441/2558card.png,https://www.card-gorilla.com/card/detail/2558,교통: 대중교통 10% 결제일 할인 | 카페: 커피전문점 20% 결제일 할인 | 디지털구독: 디지털콘텐츠/멤버십 정기결제 시 20% 결제일 할인 | 온라인쇼핑: 온라인쇼핑 3% 결제일 할인 | 선택형: 특수 소재 카드 신청 가능 | 교통: K-패스 마일리지
2572,Mile1 하나카드,하나카드,신용,UnionPay,"국내전용 [20,000원] / 해외겸용 [20,000원]",0,없음,항공마일리지: 무제한 | 해외: 무제한 | 공항라운지/PP: 무제한,"모든가맹점, 쇼핑, 무실적, 항공마일리지, 공항라운지/PP, 여행/숙박, 해외",false,2023-06-20,https://d1c5n4ri2guedi.cloudfront.net/card/2572/card_img/30116/2572card.png,https://www.card-gorilla.com/card/detail/2572,항공마일리지: UniMile 적립 | 공항라운지: 인천공항 라운지 무료 입장 서비스 | 프리미엄 서비스: UPI 플래티늄 서비스
2395,LOCA 나누기 카드,롯데카드,신용,"Mastercard, AMEX","국내전용 [20,000]원 / 해외겸용 [20,000]원",0,없음,무이자할부: 무제한,무실적,false,,https://d1c5n4ri2guedi.cloudfront.net/card/2395/card_img/26085/2395card.png,https://www.card-gorilla.com/card/detail/2395,LOCA 나누기 혜택: &#39;LOCA 나누기&#39; 혜택 이란? | 멤버십포인트: - 롯데멤버스㈜ 고객정보 제공에 동의하신 회원만 L.POINT 회원가입이 가능합니다.
2420,카카오뱅크 개인사업자 삼성카드,삼성카드,신용,Mastercard,"국내전용 [15,000]원 / 해외겸용 [15,000]원",500000,"500,000원",비즈니스: 5% | 비즈니스: 1.5% | 할인: 1%,"모든가맹점, 주유, 통신, 마트/편의점, 카페/디저트, 공과금/렌탈, 간편결제, 해외, 비즈니스",false,,https://d1c5n4ri2guedi.cloudfront.net/card/2420/card_img/28101/2420card.png,https://www.card-gorilla.com/card/detail/2420,비즈니스: 사업 필수 경비 5% 결제일할인 | 비즈니스: 사업장 운영 경비 1.5% 결제일할인 | 기타: 온라인 간편결제/커피전문점/해외 1.5% 결제일할인 | 할인: 국내 가맹점 1% 결제일할인 | 금융: 세무지원 서비스
2843,현대카드 X Save,현대카드,신용,"VISA, AMEX","국내전용 [30,000]원 / 해외겸용 [30,000]원",500000,"500,000원",모든가맹점: 1% | 할인: 5%,"모든가맹점, 쇼핑, 병원/약국, 교육/육아, 프리미엄",false,2025-06-10,https://d1c5n4ri2guedi.cloudfront.net/card/2843/card_img/49147/2843card.png,https://www.card-gorilla.com/card/detail/2843,"할인: [기본 혜택] 전월 이용 금액 50만원 이상 시 국내외 가맹점 1% 청구 할인 | 할인: [추가 혜택] 전월 이용 금액 100만원 이상 시 온라인몰, 교육, 병원 5% 청구 할인 | 적립: X 긴급할인(선지급 포인트 서비스) | 프리미엄 서비스: 메탈 플레이트 제공"
2686,D4카드의정석Ⅱ,우리카드,신용,Mastercard,"국내전용 [12,000]원 / 해외겸용 [12,000]원",300000,"300,000원",카페: 55% | 교통: 33% | 편의점: 11%,"교통, 마트/편의점, 카페/디저트, OTT/영화/문화",false,2024-02-29,https://d1c5n4ri2guedi.cloudfront.net/card/2686/card_img/33272/2686card.png,https://www.card-gorilla.com/card/detail/2686,카페: [Discount 4 서비스] | 교통: [Discount 4 서비스] | 편의점: [Discount 4 서비스] | 영화: [Discount 4 서비스]
10,신한카드 B.Big(삑),신한카드,신용,"VISA, UnionPay","해외겸용 [10,000]원",300000,"300,000원",대중교통: 600원 | 택시: 10% | 기차: 10%,"교통, 통신, 마트/편의점, 쇼핑, 카페/디저트, OTT/영화/문화",false,,https://d1c5n4ri2guedi.cloudfront.net/card/10/card_img/48664/10card.png,https://www.card-gorilla.com/card/detail/10,"대중교통: 버스, 지하철 후불 교통 이용 금액 일 200원 ~ 일 600원 할인 | 택시: 택시/KTX 이용 금액 10% 할인 | 백화점: 4대 백화점 5% 할인 | 카페: 커피전문점 10% 할인 | 편의점: 편의점 5% 할인 | 통신: 이동통신요금 5% 할인 | 영화: CGV 영화 할인 | 캐시백: 전기요금, 통신요금, 해외이용금액 5% 캐시백 제공"
654,올바른 MYPICK 카드,NH농협카드,신용,"VISA, UnionPay","국내전용 [13,000]원 / 해외겸용 [13,000]원",400000,"400,000원",푸드: 5% | 쇼핑: 5% | 주유: 5%,"교통, 주유, 마트/편의점, 쇼핑, 푸드, 카페/디저트, 뷰티/피트니스, 병원/약국, 애완동물, 교육/육아, 자동차/하이패스, OTT/영화/문화, 공항라운지/PP, 여행/숙박, 해외",false,,https://d1c5n4ri2guedi.cloudfront.net/card/654/card_img/21417/654card.png,https://www.card-gorilla.com/card/detail/654,할인: [기본서비스(PACK 선택과 상관없이 공통 제공)] | 푸드: [FOOD PACK] | 쇼핑: [SHOPPING PACK] | 여행/숙박: [TRAVEL PACK] | 병원/약국: [MEDI PACK] | 뷰티/피트니스: [HEALTH &amp; BEAUTY PACK]
2971,무신사 삼성카드,삼성카드,신용,Mastercard,"국내전용 [10,000]원 / 해외겸용 [10,000]원",300000,"300,000원",적립: 10% | 국내외가맹점: 1%,"모든가맹점, 쇼핑",false,2026-02-25,https://d1c5n4ri2guedi.cloudfront.net/card/2971/card_img/48202/2971card_1.png,https://www.card-gorilla.com/card/detail/2971,"적립: 무신사 이용 시 10%/2% 무신사머니리워드 적립 | 국내외가맹점: 전월 이용금액에 관계없이, 적립한도 없이 국내외 가맹점 1% 무신사머니리워드 기본 적립"
2477,T나는혜택 삼성카드,삼성카드,신용,Mastercard,"국내전용 [20,000]원 / 해외겸용 [20,000]원",300000,"300,000원",통신: 무제한 | 통신: 16000원,통신,false,,https://d1c5n4ri2guedi.cloudfront.net/card/2477/card_img/28409/2477card.png,https://www.card-gorilla.com/card/detail/2477,SKT: SKT 24개월 라이트할부 | SKT: 통신요금 결제일할인
931,용인시민카드(신용),IBK기업은행,신용,"VISA, BC","국내전용 [5,000]원 / 해외겸용 [7,000]원",300000,"300,000원",테마파크: 60% | 대형마트: 5% | 온라인쇼핑: 20%,"교통, 주유, 마트/편의점, 쇼핑, 푸드, 카페/디저트, 레저/스포츠, OTT/영화/문화",false,,https://d1c5n4ri2guedi.cloudfront.net/card/931/card_img/33922/931card.png,https://www.card-gorilla.com/card/detail/931,"대중교통: [Life in Yong-In] 버스, 지하철(용인시 경전철 포함) 3% 할인 | 주유: [부가서비스] 주유소 리터당 60원 할인 | 쇼핑: [부가서비스] 이마트, 홈플러스, 롯데마트, 농협하나로클럽 5% 할인 | 영화: [Life in Yong-In] CGV, 롯데시네마 4천원 할인 | 푸드: [Life in Yong-In] 아웃백, 빕스, 애슐리 20% 할인 | 카페: [Life in Yong-In] 주요 커피전문점 20% 할인 | 테마파크: [Play in Yong-In] 용인시 주요 놀이공원 할인 (통합 월 1회, 연 8회) | 지역: [Enjoy in Yong-In]"
884,신한카드 후불하이패스+ (하이패스 전용),신한카드,신용,,"국내전용 [2,000]원",0,없음,자동차/하이패스: 0.1% | 자동차/하이패스: 50% | 자동차/하이패스: 무제한,"무실적, 자동차/하이패스",false,,https://d1c5n4ri2guedi.cloudfront.net/card/884/card_img/21657/884card.png,https://www.card-gorilla.com/card/detail/884,하이패스: 하이패스 적립 | 하이패스: 하이패스 할인
2888,DIGILOCA SKYPASS,롯데카드,신용,"Mastercard, AMEX","국내전용 [20,000]원 / 해외겸용 [20,000]원",0,없음,대한항공: 1000원 | 대한항공: 1000원,"모든가맹점, 무실적, 항공마일리지",false,2024-12-30,https://d1c5n4ri2guedi.cloudfront.net/card/2888/card_img/44161/2888card_1.png,https://www.card-gorilla.com/card/detail/2888,대한항공: DIGILOCA SKYPASS 마일리지 적립서비스
580,Easy pick 티타늄 카드,KB국민카드,신용,Mastercard,"국내전용 [30,000]원 / 해외겸용 [30,000]원",500000,"500,000원",피트니스: 5% | 학원: 5% | 골프: 5%,"교통, 주유, 통신, 마트/편의점, 쇼핑, 푸드, 카페/디저트, 뷰티/피트니스, 공과금/렌탈, 교육/육아, 자동차/하이패스, 레저/스포츠",false,,https://d1c5n4ri2guedi.cloudfront.net/card/580/card_img/21321/580card.png,https://www.card-gorilla.com/card/detail/580,"온라인쇼핑: 인터넷쇼핑몰: G 마켓, 옥션, 11번가 5% 포인트리 적립 | 배달앱: 배달앱: 배달의민족, 마켓컬리 5% 포인트리 적립 | 대형마트: 대형마트: 이마트, 롯데마트, 홈플러스 5% 포인트리 적립 | 주유: 주유소/충전소: 국내 SK, GS주유소(충전소 포함) 5% 포인트리 적립 | 피트니스: 피트니스 5% 적립 | 대중교통: 대중교통: 버스/지하철, 택시 5% 포인트리 적립 | 통신: 이동통신: SKT, KT, LG U+, Liiv M 이동통신요금 자동이체 5% 포인트리 적립 | APP: 인터넷 쇼핑몰 앱카드 결제: G마켓, 옥션, 11번가 앱카드 결제 이용금액 | 렌탈: 정수기 렌탈: 코웨이, 청호나이스 정수기 렌탈 | 선택형: 소셜커머스: 쿠팡, 티몬, 위메프 5% 포인트리 적립 | 프리미엄: 티타늄 서비스"
1555,SKT 우리카드,우리카드,신용,"Mastercard, UnionPay","해외겸용 [10,000]원 / 해외겸용 [15,000]원",300000,"300,000원",SKT: 무제한 | SKT: 10000원 | 카페/디저트: 20%,"통신, 푸드, 카페/디저트, 레저/스포츠, OTT/영화/문화",false,,https://d1c5n4ri2guedi.cloudfront.net/card/1555/card_img/22679/1555card.png,https://www.card-gorilla.com/card/detail/1555,"SKT: SKT 통신기기 및 통신서비스 구매 시 T라이트할부 제공 | 영화: 전국 영화관 3천원 청구할인 | 패밀리레스토랑: VIPS, TGIF 10% 청구할인 | 카페: 할리스, 엔제리너스 20% 청구할인 | 테마파크: 롯데월드, 에버랜드, 서울랜드, 이월드(대구), 경주월드, 통도환타지아 자유이용권 50% 현장할인"
2979,신한카드 ECO Plan,신한카드,신용,VISA,"국내전용 [20,000]원 / 해외겸용 [23,000]원",300000,"300,000원",적립: 0.2% | 할인: 10% | 뷰티/피트니스: 10%,"모든가맹점, 교통, 주유, 마트/편의점, 쇼핑, 뷰티/피트니스, 레저/스포츠, OTT/영화/문화",false,2026-04-13,https://d1c5n4ri2guedi.cloudfront.net/card/2979/card_img/48655/2979card.png,https://www.card-gorilla.com/card/detail/2979,적립: 국내외 가맹점 ECO 기부 포인트 0.2% 적립 | 할인: 디지털 명세서 신청 시 1천원 캐시백 | 할인: 교통 &middot; 페이퍼리스 &middot; 그린마켓 10% 결제일 할인 | 할인: 피트니스 &middot; 스포츠웨어 &middot; 그린푸드 10% 결제일 할인 | 할인: 편의점 &middot; H&amp;B스토어 &middot; 앱스토어 10% 결제일 할인
2654,원더카드 2.0 LIFE,하나카드,신용,"VISA, Mastercard, AMEX","국내전용 [19,900]원 / 해외겸용 [19,900]원",400000,"400,000원",디지털구독: 40% | 공과금/렌탈: 10% | 할인: 15000원,"교통, 마트/편의점, 푸드, 카페/디저트, 공과금/렌탈, OTT/영화/문화",false,,https://d1c5n4ri2guedi.cloudfront.net/card/2654/card_img/44245/2654card.png,https://www.card-gorilla.com/card/detail/2654,할인: [자동이체] 영상 스트리밍 40% 할인 | 할인: [자동이체] 생활요금 10% 할인 | 배달앱: 딜리버리 10% 할인 | 대중교통: 대중교통 10% 할인 | 카페: 커피 10% 할인 | 편의점: 편의점 10% 할인
2993,카드의정석2 ROUTINE,우리카드,신용,Mastercard,"국내전용 [28,000]원 / 해외겸용 [28,000]원",500000,"500,000원",할인: 15% | 디지털구독: 30% | 무이자할부: 무제한,"통신, 쇼핑, 푸드, 공과금/렌탈, 교육/육아, OTT/영화/문화, 간편결제, 해외",false,2026-05-28,https://d1c5n4ri2guedi.cloudfront.net/card/2993/card_img/49028/2993card_1.png,https://www.card-gorilla.com/card/detail/2993,할인: 정기결제 15~30% 청구할인 | 간편결제: 간편결제 청구할인 | 해외: 해외 청구할인 | 무이자할부: 2~3개월 무이자할부 서비스
2649,zgm living카드,NH농협카드,신용,"VISA, Mastercard, UnionPay, JCB","국내전용 [50,000]원 / 해외겸용 [55,000]원",500000,"500,000원",통신: 15000원 | 주유: 15000원 | 보험사: 15000원,"주유, 통신, 공과금/렌탈, 교육/육아",false,2023-12-28,https://d1c5n4ri2guedi.cloudfront.net/card/2649/card_img/32141/2649card.png,https://www.card-gorilla.com/card/detail/2649,생활: [기본적립] 생활 필수업종 이용 시 최대 15% NH포인트 적립 | 적립: [추가적립] &#39;기본적립&#39;된 포인트의 5% 추가적립 (연 1회)
712,신한카드 국민행복,신한카드,신용,VISA,국내전용 [없음] / 해외겸용 [없음],300000,"300,000원",디지털구독: 50% | 배달앱: 10% | 어린이집: 10%,"쇼핑, 푸드, 병원/약국, 교육/육아, OTT/영화/문화",false,,https://d1c5n4ri2guedi.cloudfront.net/card/712/card_img/22186/712card.png,https://www.card-gorilla.com/card/detail/712,"병원/약국: 병원/약국/산후조리원 5% 결제일 할인 | 온라인쇼핑: 쿠팡, SSG닷컴, 롯데ON, 11번가, G마켓 5% 결제일 할인 | 교육/육아: 어린이집/유치원 中 부모부담금, 학원, 인터넷서점 (YES24, 알라딘, 교보문고) 10% 결제일 할인 | 배달앱: 배달의민족, 요기요 10% 결제일 할인 | 디지털구독: 넷플릭스, 유튜브프리미엄 50% 할인 | 금융: 신한투자증권"
2790,현대카드 Summit CE,현대카드,신용,"VISA, AMEX","국내전용 [80,000]원 / 해외겸용 [80,000]원",500000,"500,000원",적립: 1.5% | 적립: 5% | 바우처: 50000원,"모든가맹점, 쇼핑, 병원/약국, 교육/육아, 레저/스포츠, 항공마일리지, 여행/숙박",false,2025-01-06,https://d1c5n4ri2guedi.cloudfront.net/card/2790/card_img/40485/2790card_3.png,https://www.card-gorilla.com/card/detail/2790,"적립: [기본 혜택] 국내외 가맹점 1.5% M포인트 적립 | 적립: [추가 혜택] 교육, 병원, 여행, 골프 5% M포인트 적립 | 바우처: [연간 보너스] 백화점, 주유, 다이닝 영역에서 사용 또는 M포인트로 교환 가능한 5만원 크레딧 제공(연 1회) | 프리미엄 서비스: M 긴급적립(선지급 포인트 서비스)"
129,청춘대로 톡톡카드,KB국민카드,신용,"Mastercard, JCB","국내전용 [10,000]원 / 해외겸용 [12,000]원",300000,"300,000원",카페/디저트: 50% | 패스트푸드: 20% | 간편결제: 10%,"교통, 통신, 푸드, 카페/디저트, 간편결제",false,,https://d1c5n4ri2guedi.cloudfront.net/card/129/card_img/20358/129card.png,https://www.card-gorilla.com/card/detail/129,"카페/디저트: 스타벅스 50% 청구할인 | 패스트푸드: 버거/패스트푸드 업종 20% 청구할인 | 간편결제: 간편결제 10% 청구할인 | 생활: 대중교통, 택시, 이동통신요금 10% 청구할인"
1003,신한카드 Love Platinum#,신한카드,신용,Mastercard,"해외겸용 [50,000]원",0,없음,쇼핑: 5% | 주유: 무제한 | 영화: 7000원,"주유, 마트/편의점, 쇼핑, 푸드, 카페/디저트, 뷰티/피트니스, 무실적, 레저/스포츠, OTT/영화/문화, 공항라운지/PP, 여행/숙박",false,,https://d1c5n4ri2guedi.cloudfront.net/card/1003/card_img/21532/1003card.png,https://www.card-gorilla.com/card/detail/1003,"쇼핑: 전국 유명 백화점, 할인점, 온라인 쇼핑몰 5% 할인 | 주유: 주유 할인 서비스 | 푸드: 유명 패밀리 레스토랑, 커피숍 최대 30% 할인 | 영화: 전국 Multiplex 및 On-line영화 예매 시 7천원 할인 | 생활: LG전자(하이프라자, LG전자 전문점) 5% 할인 | 적립: 포인트 적립 서비스 | 테마파크: 에버랜드, 롯데월드, 서울랜드 자유이용권 50% 할인 | 경기관람: 스포츠할인 | 프리미엄: 1일 무료주차"
2821,원더카드 2.0 HAPPY+,하나카드,신용,"VISA, Mastercard, AMEX","국내전용 [19,900]원 / 해외겸용 [19,900]원",400000,"400,000원",모든가맹점: 0.5% | 쇼핑: 2% | 할인: 50000원,"모든가맹점, 마트/편의점, 쇼핑, 카페/디저트, 간편결제",false,,https://d1c5n4ri2guedi.cloudfront.net/card/2821/card_img/44247/2821card.png,https://www.card-gorilla.com/card/detail/2821,국내외가맹점: 국내외 결제 시 0.5% 할인 | 쇼핑: 쿠팡 2% 할인 | 백화점: 백화점 2% 할인 | 대형마트: 마트 2% 할인 | 홈쇼핑: 홈쇼핑 2% 할인 | SSM: 슈퍼마켓 2% 할인 | 편의점: 편의점 2% 할인 | 베이커리: 베이커리 2% 할인 | 간편결제: 간편결제 5% 할인
2894,토스 삼성카드,삼성카드,신용,Mastercard,"국내전용 [15,000]원 / 해외겸용 [15,000]원",300000,"300,000원",간편결제: 15% | 디지털구독: 50% | 카페: 50%,"쇼핑, 카페/디저트, OTT/영화/문화, 간편결제, 해외",false,2025-07-07,https://d1c5n4ri2guedi.cloudfront.net/card/2894/card_img/44192/2894card_1.png,https://www.card-gorilla.com/card/detail/2894,"간편결제: 토스페이/토스쇼핑 15%, 온라인 영역 10% 결제일할인 | 디지털구독: 토스프라임/인앱 결제/디지털콘텐츠 50% 결제일할인 | 카페: 스타벅스 50% 결제일할인 | 해외: 전월 이용금액에 관계없이, 할인한도 없이 해외 2% 결제일할인"
2897,스타벅스 삼성카드,삼성카드,신용,Mastercard,"국내전용 [30,000]원 / 해외겸용 [30,000]원",500000,"500,000원",기타: 10000원 | 기타: 무제한 | 국내외가맹점: 무제한,"모든가맹점, 카페/디저트",false,2025-07-11,https://d1c5n4ri2guedi.cloudfront.net/card/2897/card_img/44442/2897card_1.png,https://www.card-gorilla.com/card/detail/2897,"카페: 스타벅스 이용 시 스타벅스 별 리워드 적립 | 기타: 전월 이용금액에 관계없이, 스타벅스 선불카드 충전 이용 시 당월 누적 이용금액 3만원당 스타벅스 별 리워드 1개 적립 | 국내외가맹점: 국내외 가맹점 이용 시 당월 누적 이용금액 3만원당 스타벅스 별 리워드 1개 적립"
1731,로얄블루1000카드 [SKYPASS],우리카드,신용,VISA,"해외겸용 [1,000,000]원",0,없음,바우처: 1000000원 | 항공마일리지: 무제한 | PP: 무제한,"교통, 주유, 쇼핑, 무실적, 공과금/렌탈, 레저/스포츠, 항공마일리지, 공항라운지/PP, 프리미엄, 여행/숙박, 해외",false,,https://d1c5n4ri2guedi.cloudfront.net/card/1731/card_img/22383/1731card.png,https://www.card-gorilla.com/card/detail/1731,"바우처: 선택 제공 기프트 ①~⑤ 택 1 (연 1회) | 프리미엄 서비스: 로얄블루 CONCIERGE 센터 | 항공마일리지: Mileage | 공항라운지/PP: Priority Pass | 골프: 골프우대 서비스 | 여행/숙박: 여행 우대 서비스 | 쇼핑: 특별 가맹점 할인 쿠폰북 제공 | 주유: 현대오일뱅크, 에쓰오일 주유 및 충전 시 60원 /ℓ 청구 할인"
2327,스카이패스 티타늄 카드,KB국민카드,신용,Mastercard,"국내전용 [45,000]원 / 해외겸용 [45,000]원",0,없음,모든가맹점: 무제한 | 해외: 무제한 | 쇼핑: 무제한,"무실적, 항공마일리지, 공항라운지/PP, 해외",false,,https://d1c5n4ri2guedi.cloudfront.net/card/2327/card_img/24806/2327card.png,https://www.card-gorilla.com/card/detail/2327,"모든가맹점: 국내 및 해외 가맹점 대한항공 1마일 기본 적립 | 해외이용: 해외 이용(직구, 온라인 포함) 대한항공 1마일 추가 적립 | 면세점: 면세점 업종 대한항공 1마일 추가 적립 | 공항라운지: 공항 라운지 무료이용 서비스 (연 2회) | 공항: 인천공항 무료 발레파킹 서비스 (월 3회, 연 12회) | 호텔: 국내 호텔 무료 발레파킹 서비스 (월 3회, 연 12회) | 프리미엄: Master 티타늄 공통서비스 | 공항라운지: 공항 라운지 무료 입장 (연 2회) | 공항: 인천공항 무료 발레파킹 서비스 | 호텔: 국내 호텔 무료 발레파킹 서비스 (월 3회, 연 12회)"
8,신한카드 The CLASSIC-Y,신한카드,신용,"VISA, Mastercard, UnionPay","해외겸용 [100,000]원",0,없음,선택형: 무제한 | 모든가맹점: 5% | 주유소: 무제한,"모든가맹점, 교통, 주유, 카페/디저트, 뷰티/피트니스, 무실적, OTT/영화/문화, 프리미엄, 해외",false,,https://d1c5n4ri2guedi.cloudfront.net/card/8/card_img/20090/8card.png,https://www.card-gorilla.com/card/detail/8,선택형: Gift Option 서비스는 매년 1회 아래 품목 중 한 가지를 선택하여 이용하실 수 있습니다. | 모든가맹점: [마이신한포인트 적립] | 주유소: GS칼텍스 주유 시 리터당 60원 결제일 할인 | 생활: The CLASSIC-Y 카드로 지정 가맹점 이용 시 5% 할인 혜택 제공 | 면세점: 제주 JDC 면세점 8% 결제일 할인 | 진에어: 진에어 국제선 항공권 결제일 할인 | 공연/전시: 오디오 가이드 및 오페라 글라스 무료 이용 서비스 | 프리미엄: 국제브랜드사 서비스 공통사항 안내
2264,LOCA LIKIT Shop,롯데카드,신용,"Mastercard, AMEX","국내전용 [10,000]원 / 해외겸용 [10,000]원",400000,"400,000원",온라인쇼핑: 60% | 헤어: 60% | 편의점: 60%,"마트/편의점, 쇼핑, 뷰티/피트니스, OTT/영화/문화",false,,https://d1c5n4ri2guedi.cloudfront.net/card/2264/card_img/20702/2264card.png,https://www.card-gorilla.com/card/detail/2264,"온라인쇼핑: 쿠팡, SSG.COM, 티몬 60% 결제일 할인 | 헤어: 미용실 60% 결제일 할인 | 편의점: GS25, CU, 세븐일레븐 60% 결제일 할인 | 디지털구독: 쿠팡 로켓와우, 네이버플러스 멤버십 60% 결제일 할인"
2349,모니모카드,삼성카드,신용,Mastercard,"국내전용 [10,000원] / 해외겸용 [10,000원]",300000,"300,000원",카페: 50% | 온라인쇼핑: 7% | 통신: 10%,"교통, 통신, 마트/편의점, 쇼핑, 푸드, 카페/디저트, 뷰티/피트니스, 공과금/렌탈, 교육/육아, OTT/영화/문화, 해외",true,,https://d1c5n4ri2guedi.cloudfront.net/card/2349/card_img/28096/2349card.png,https://www.card-gorilla.com/card/detail/2349,선택형: 옵션 서비스 1(Needs &amp; Identity Option) | 선택형: 옵션 서비스 2(My Shopping Otion) | 생활: 서비스안내 | 교통: 서비스안내 | 배달앱: 서비스안내 | 선택형
2440,KB ALL 카드,KB국민카드,신용,VISA,"국내전용 [20,000]원 / 해외겸용 [20,000]원",400000,"400,000원",국내외가맹점: 1% | 해외: 2% | 쇼핑: 50%,"모든가맹점, 통신, 쇼핑, 푸드, OTT/영화/문화, 해외",false,,https://d1c5n4ri2guedi.cloudfront.net/card/2440/card_img/47059/2440card_3.png,https://www.card-gorilla.com/card/detail/2440,"할인: 국내 가맹점 1% 청구할인 | 해외: 해외 가맹점 2% 청구할인 | 생활: 쇼핑 멤버십 50%, OTT 10%, 이동통신요금 5% 청구할인(자동납부 할인)"
2557,K-패스 카드,BC 바로카드,신용,"VISA, Mastercard","국내전용 [6,000]원 / 해외겸용 [6,000]원",300000,"300,000원",대중교통: 15% | 디지털구독: 15% | 통신: 5%,"교통, 통신, 마트/편의점, 카페/디저트, OTT/영화/문화, 해외",false,2023-06-01,https://d1c5n4ri2guedi.cloudfront.net/card/2557/card_img/33458/2557card.png,https://www.card-gorilla.com/card/detail/2557,"대중교통: 대중교통(버스, 지하철) 15% 결제일 할인 | 디지털구독: OTT/스트리밍 15% 결제일 할인 | 통신: 이동통신요금 5% 결제일 할인 | 편의점: 편의점 5% 결제일 할인 | 카페: 카페 5% 결제일 할인 | 해외이용: 해외 3% 결제일 할인"
41,신한카드 Deep On Platinum+,신한카드,신용,"Mastercard, UnionPay","국내전용 30,000원 / 해외겸용 33,000원",300000,"300,000원",간편결제: 10% | 생활: 20% | 항공권: 10%,"마트/편의점, 쇼핑, 카페/디저트, 뷰티/피트니스, 간편결제, 항공마일리지, 해외",false,,https://d1c5n4ri2guedi.cloudfront.net/card/41/card_img/20122/41card.png,https://www.card-gorilla.com/card/detail/41,간편결제: 간편결제(Pay)로 국내 온라인 이용 시 기본 10% 결제일 할인 | 생활: 4대 편의점 20% 결제일 할인 | 프리미엄 서비스: Platinum+ 서비스
1309,가온글로벌카드,KB국민카드,신용,Mastercard,"국내전용 [15,000]원 / 해외겸용 [20,000]원",200000,"200,000원",모든가맹점: 0.3% | 쇼핑: 0.7% | 해외: 3%,"쇼핑, 카페/디저트, 항공마일리지, 여행/숙박, 해외",false,,https://d1c5n4ri2guedi.cloudfront.net/card/1309/card_img/20960/1309card.png,https://www.card-gorilla.com/card/detail/1309,적립: 국내 가맹점 포인트리 0.3% 기본 적립 | 쇼핑: 쇼핑 특화 영역 포인트리 0.7% 추가 적립 | 여행/숙박: 여행 특화 영역 포인트리 0.7% 추가 적립 | 해외: 해외 가맹점 포인트리 1.0% 기본 적립 | 기타: 이하넥스 배송료 5% 현장할인
2305,별다줄카드,NH농협카드,신용,VISA,"국내전용 [12,000]원 / 해외겸용 [14,000]원",300000,"300,000원",쇼핑: 14% | 통신: 5% | 카페: 5%,"교통, 통신, 마트/편의점, 쇼핑, 푸드, 카페/디저트, 레저/스포츠, OTT/영화/문화, 공항라운지/PP",false,,https://d1c5n4ri2guedi.cloudfront.net/card/2305/card_img/23590/2305card.png,https://www.card-gorilla.com/card/detail/2305,온라인쇼핑: [기본할인] 국내 온라인 전 가맹점 7% 청구할인 | 할인: [더블할인] | 생활: [생활할인] 6대 생활업종 5% 청구 할인 | 공항라운지: 국제공항 라운지 무료이용 연2회 제공 | 테마파크: 전국 주요 놀이공원 현장할인 | 선택형: 원하는 플레이트 디자인 선택 가능
2407,삼성 iD PET 카드,삼성카드,신용,Mastercard,"국내전용 [15,000]원 / 해외겸용 [15,000]원",400000,"400,000원",애완동물: 30% | 간편결제: 5% | 보험사: 10%,"마트/편의점, 카페/디저트, 공과금/렌탈, 애완동물, OTT/영화/문화, 간편결제, 해외",false,,https://d1c5n4ri2guedi.cloudfront.net/card/2407/card_img/27726/2407card.png,https://www.card-gorilla.com/card/detail/2407,"애완동물: 동물병원/반려동물쇼핑몰 30% 결제일 할인 | 간편결제: 온라인 간편결제 5% 결제일할인 | 보험사: 손해보험 10% 결제일 할인 | 해외: 전월 이용금액에 관계없이, 해외 1.5% 결제일 할인 | 디지털구독: 스트리밍 이용료 정기결제 시 10% 결제일 할인 | 카페/디저트: 커피전문점/편의점 건별 1만원 이상 결제 시 1,000원 결제일할인"
2670,현대카드 MM,현대카드,신용,"VISA, AMEX","국내전용 [70,000]원 / 해외겸용 [70,000]원",500000,"500,000원",적립: 1.5% | 적립: 10% | 해외: 10%,"쇼핑, 공항라운지/PP, 해외",false,2024-01-19,https://d1c5n4ri2guedi.cloudfront.net/card/2670/card_img/39633/2670card.png,https://www.card-gorilla.com/card/detail/2670,"적립: [기본 혜택] 국내외 가맹점 1.5% M포인트 적립 | 적립: [추가 혜택] 온라인몰, 일반음식점, 해외 가맹점 10% M포인트 적립 | 적립: 이용 방법 | 공항라운지: 대상 라운지 | 공항: 대상 공항"
2937,디지로카 Link,롯데카드,신용,Mastercard,"국내전용 [30,000]원 / 해외겸용 [30,000]원",500000,"500,000원",할인: 1.2% | 할인: 3% | 할인: 5%,"모든가맹점, 마트/편의점, 카페/디저트",false,2025-10-02,https://d1c5n4ri2guedi.cloudfront.net/card/2937/card_img/46587/2937card.png,https://www.card-gorilla.com/card/detail/2937,할인: 국내 가맹점 및 해외 이용금액 최대 1.2% 결제일 할인 | 할인: Link 혜택 | 캐시백: 최대 10만원 캐시백 제공 (연 1회)
146,The Easy카드,KB국민카드,신용,Mastercard,"국내전용 [15,000]원 / 해외겸용 [15,000]원",0,없음,무실적: 0.7% | 생활: 3% | 생활: 5%,"모든가맹점, 주유, 통신, 마트/편의점, 카페/디저트, 뷰티/피트니스, 무실적, 교육/육아",false,,https://d1c5n4ri2guedi.cloudfront.net/card/146/card_img/20372/146card.png,https://www.card-gorilla.com/card/detail/146,선택형: 기본 적립 | 선택형: 기본 할인 | 선택형: The Easy카드 추가 적립/할인 7대 영역
2591,BC 바로 On&Off 카드,BC 바로카드,신용,"Mastercard, BC","국내전용 [5,000]원 / 해외겸용 [5,000]원",300000,"300,000원",간편결제: 10% | 교통: 10% | 해외: 10%,"교통, 쇼핑, 푸드, 카페/디저트, 간편결제, 해외",false,2023-08-01,https://d1c5n4ri2guedi.cloudfront.net/card/2591/card_img/30912/2591card.png,https://www.card-gorilla.com/card/detail/2591,간편결제: 온라인/간편결제 10% 결제일 할인 | 푸드: 음식점/커피 10% 결제일 할인 | 교통: 버스/지하철/택시 10% 결제일 할인 | 해외: 해외 10% 결제일 할인 | 무이자할부: 무이자할부 서비스 | 프리미엄 서비스: 국제 브랜드 서비스
2447,원더카드 2.0 LIVING,하나카드,신용,"VISA, Mastercard, AMEX","국내전용 [19,900]원 / 해외겸용 [19,900]원",400000,"400,000원",공과금: 10% | 병원/약국: 10% | 할인: 15000원,"교통, 주유, 카페/디저트, 공과금/렌탈, 병원/약국",false,,https://d1c5n4ri2guedi.cloudfront.net/card/2447/card_img/44246/2447card.png,https://www.card-gorilla.com/card/detail/2447,공과금: 생활요금 10% 할인 | 병원/약국: 병원/약국 10% 할인 | 주유: 주유/LPG충전 10% 할인 | 택시: 택시 10% 할인 | 카페: 커피 10% 할인 | 생활: 세탁 10% 할인 | 무이자할부: 무이자할부
2737,the Red (항공 마일리지형),현대카드,신용,VISA,"국내전용 [300,000]원 / 해외겸용 [300,000]원",500000,"500,000원",대한항공: 500원 | 바우처: 300000원 | 공항라운지/PP: 무제한,"모든가맹점, 쇼핑, 항공마일리지, 공항라운지/PP, 프리미엄, 여행/숙박",false,2024-08-16,https://d1c5n4ri2guedi.cloudfront.net/card/2737/card_img/36950/2751card_2.jpg,https://www.card-gorilla.com/card/detail/2737,"대한항공: [기본 혜택] 국내외 가맹점 1,500원당 1 대한항공 마일리지 적립 | 바우처: [연간 보너스] 다양한 라이프스타일 영역에서 사용 가능한 바우처 제공(연 1회) | 공항: [우대 서비스] 공항 라운지 연간 10회 무료 이용&middot;공항 및 특급호텔 발레파킹 무료 이용 | 프리미엄 서비스: [우대 서비스] 메탈 플레이트 제공"
113,마일리지 가온카드(대한항공),KB국민카드,신용,Mastercard,"국내전용 [15,000]원 / 해외겸용 [20,000]원",0,없음,항공마일리지: 500원 | 항공마일리지: 500원 | 항공마일리지: 500원,"모든가맹점, 무실적, 항공마일리지, 해외",false,,https://d1c5n4ri2guedi.cloudfront.net/card/113/card_img/20271/113card.png,https://www.card-gorilla.com/card/detail/113,항공마일리지: 국내가맹점 이용시
2324,삼성 BIZ iD BENEFIT카드,삼성카드,신용,"Mastercard, UnionPay","국내전용 [30,000원] / 해외겸용[30,000원]",300000,"300,000원",공과금/렌탈: 1.5% | 모든가맹점: 0.5% | 주유: 3%,"모든가맹점, 주유, 통신, 마트/편의점, 쇼핑, 공과금/렌탈, 해외, 비즈니스",false,,https://d1c5n4ri2guedi.cloudfront.net/card/2324/card_img/28095/2324card.png,https://www.card-gorilla.com/card/detail/2324,비즈니스: 사업 필수 경비 1.5% 결제일 할인 | 모든가맹점: 국내 가맹점 0.5% 결제일 할인 | 생활: 사업 운영 지원 3% 결제일 할인 | 공과금/렌탈: 세무지원 서비스 | 선택형: 원하는 플레이트 디자인 선택 가능
2592,싱가포르항공 크리스플라이어 더 베스트 신한카드,신한카드,신용,Mastercard,"국내전용 [247,000]원 / 해외겸용 [250,000]원",500000,"500,000원",항공마일리지: 10000원 | 항공마일리지: 500원 | 공항라운지/PP: 무제한,"공항라운지/PP, 프리미엄",false,2023-08-14,https://d1c5n4ri2guedi.cloudfront.net/card/2592/card_img/30924/2592card.png,https://www.card-gorilla.com/card/detail/2592,항공마일리지: [웰컴기프트] 싱가포르항공 크리스플라이어(이하 KF) 1만 5천 마일리지 | 항공마일리지: [연간기프트] 싱가포르항공 크리스플라이어(이하 KF) 1만 5천 마일리지 적립(연 1회) | 항공마일리지: 추가적립1. 해외/면세점/골프/택시/스타벅스 | 기타: 싱가포르항공 KF 엘리트 멤버십 제공 기준 | 항공마일리지: 싱가포르항공 KF 보너스 마일리지 적립 기준 | 기타: ︎부스터마일즈 마일리지 적립 유의사항 | 할인: 싱가포르항공 KF &lsquo;공제 마일리지 할인 쿠폰&rsquo; 제공 기준 | 기타: 싱가 | 할인: 싱가포르항공 이용금액 결제일 할인 | 공항라운지: The Lounge 공항 라운지 무료 제공 (연 2회)
92,카드의정석 PREMIUM MILEAGE(SKYPASS),우리카드,신용,"Mastercard, BC","국내전용 [135,000]원 / 해외겸용 [135,000]원",500000,"500,000원",대한항공: 무제한 | 공항라운지/PP: 무제한 | 바우처: 무제한,"주유, 쇼핑, 항공마일리지, 공항라운지/PP, 프리미엄, 여행/숙박, 해외",false,,https://d1c5n4ri2guedi.cloudfront.net/card/92/card_img/20246/92card.png,https://www.card-gorilla.com/card/detail/92,"대한항공: 기본적립: 국내외 적립대상 가맹점 이용금액 1,000원당 1마일 적립(월 한도 5만 마일) | 공항라운지/PP: 국내외 공항라운지 무료 이용 서비스 | 바우처: 프리미엄 기프트 서비스(연 1회, 택1) | 프리미엄: 국내외 여행 관련 보험 무료 제공 | 주유: 현대오일뱅크, S-OIL 주유 및 충전 시 리터당 60원 청구할인"
2648,zgm shopping카드,NH농협카드,신용,"VISA, Mastercard, UnionPay, JCB","국내전용 [50,000]원 / 해외겸용 [55,000]원",500000,"500,000원",쇼핑: 40000원 | 쇼핑: 40000원,"마트/편의점, 쇼핑",false,2023-12-28,https://d1c5n4ri2guedi.cloudfront.net/card/2648/card_img/32138/2648card.png,https://www.card-gorilla.com/card/detail/2648,쇼핑: [기본적립] 온・오프라인 쇼핑 이용 시 최대 15% NH포인트 적립 | 적립: [추가적립] &#39;기본적립&#39;된 포인트의 5% 추가적립 (연 1회) | 면세점: [멤버십혜택] 현대백화점면세점 BLACK 등급 멤버십 제공
2555,K-패스카드,KB국민카드,신용,VISA,"국내전용 [8,000]원 / 해외겸용 [8,000]원",300000,"300,000원",교통: 10% | 생활: 5% | 간편결제: 5%,"교통, 통신, 마트/편의점, 푸드, 카페/디저트, 병원/약국, OTT/영화/문화",false,2023-04-26,https://d1c5n4ri2guedi.cloudfront.net/card/2555/card_img/33456/2555card.png,https://www.card-gorilla.com/card/detail/2555,할인: 청구 할인 서비스
72,트레이더스신세계 삼성카드,삼성카드,신용,Mastercard,"국내전용 [15,000]원 / 해외겸용 [15,000]원",400000,"400,000원",대형마트: 5% | 교육/육아: 5% | 통신: 5%,"통신, 마트/편의점, 쇼핑, 카페/디저트, 병원/약국, 교육/육아",false,,https://d1c5n4ri2guedi.cloudfront.net/card/72/card_img/27714/72card.png,https://www.card-gorilla.com/card/detail/72,대형마트: 트레이더스에서 결제 시 1%~5% 결제일할인(청구할인) | 교육/육아: 학원&middot;서점&middot;학습지&middot;인터넷강의 5% 결제일할인(청구할인) | 통신: 이동통신 5% 결제일할인(청구할인) | 카페: 커피전문점 5% 결제일할인(청구할인) | 백화점: 유의사항 | 병원/약국: 이용조건
993,신한카드 The BEST+,신한카드,신용,"VISA, Mastercard, JCB","해외겸용 [295,000]원",0,없음,바우처: 무제한 | 대한항공: 무제한 | 공항라운지: 무제한,"쇼핑, 무실적, 레저/스포츠, 항공마일리지, 공항라운지/PP, 프리미엄, 여행/숙박",false,2019-02-27,https://d1c5n4ri2guedi.cloudfront.net/card/993/card_img/44119/993card.png,https://www.card-gorilla.com/card/detail/993,바우처: Gift Option 서비스 | 항공마일리지: 항공 마일리지 적립 서비스 | 공항라운지: The Lounge Members 무료 이용 서비스 | 골프: 골프 할인 서비스 | 호텔: 특급호텔 라운지 무료음료 서비스 | 프리미엄: 국제 브랜드사 서비스 (플래티늄 등급 선택 시 제공)
2705,JADE First Centum,하나카드,신용,VISA,"국내전용 [995,000]원 / 해외겸용 [1,000,000]원",500000,"500,000원",바우처: 600000원 | 공항라운지: 무제한 | 적립: 1.5%,"모든가맹점, 주유, 자동차/하이패스, 항공마일리지, 공항라운지/PP, 프리미엄, 여행/숙박, 해외",false,2024-05-31,https://d1c5n4ri2guedi.cloudfront.net/card/2705/card_img/34596/2705card_1.png,https://www.card-gorilla.com/card/detail/2705,"바우처: [PREMIUM VOUCHER] 바우처 2가지 중 1가지를 선택하여 이용 (연 1회) | 바우처: [DINING VOUCHER] 특급호텔 레스토랑 20만원 현장 할인 (연 1회) | 바우처: [BONUS VOUCHER] 연 누적 이용금액별 골프/프리미엄 아울렛 50% 청구 할인 | 공항라운지: [AIRPORT] 전세계 공항 라운지 무료 이용 (본인/가족/동반자 통합 연 10회, 일 3회) | 적립: [기본적립] 국내 가맹점 1.5%~1.0% 하나머니 적립 제공 | 자동차: [주유/EV충전 적립] 주유(LPG) 리터당 200하나머니・EV충전 50% 하나머니 적립 제공 | 선택형: [SPECIAL PLATE] 특수 소재 카드 신청 가능"
2694,신한카드 처음,신한카드,신용,Mastercard,"국내전용 [15,000]원 / 해외겸용 [18,000]원",300000,"300,000원",쇼핑: 5% | 생활: 5% | 통신: 20%,"교통, 통신, 마트/편의점, 쇼핑, 푸드, 카페/디저트, OTT/영화/문화, 해외",false,2024-04-02,https://d1c5n4ri2guedi.cloudfront.net/card/2694/card_img/33709/2694card_1.png,https://www.card-gorilla.com/card/detail/2694,"적립: [오늘도 5% 적립 서비스] 음식점&middot;카페&middot;편의점&middot;온라인쇼핑 5% 마이신한포인트 적립 | 생활: [일상 속 5% 적립 서비스] 생활&middot;여행&middot;패션 5% 마이신한포인트적립 | 디지털구독: [정기결제 최대 20% 적립 서비스] 통신 10% , OTT 15%, 멤버십 20% 마이신한포인트 적립 | 적립: 소비관리 보너스 적립 서비스 소개"
2916,The CLASSIC NEO,신한카드,신용,Mastercard,"국내전용 [117,000]원 / 해외겸용 [120,000]원",400000,"400,000원",프리미엄: 70000원 | 적립: 5% | 점심: 20000원,"주유, 마트/편의점, 쇼핑, 푸드, 카페/디저트, 뷰티/피트니스, 병원/약국, 레저/스포츠, 공항라운지/PP, 프리미엄, 여행/숙박, 해외",false,2025-10-16,https://d1c5n4ri2guedi.cloudfront.net/card/2916/card_img/45177/2916card.png,https://www.card-gorilla.com/card/detail/2916,프리미엄: 나를 위한 / 가족을 위한 Gift (연 1회) | 적립: 마이신한포인트 적립 | 점심: Brunch 할인 서비스 | 공항라운지: 공항라운지 무료 이용 서비스 (THE LOUNGE) | 프리미엄 서비스: 국내 브랜드사 서비스 공통사항 안내
52,삼성카드 taptap S,삼성카드,신용,Mastercard,"국내전용 [10,000]원 / 해외겸용 [10,000]원",500000,"500,000원",모든가맹점: 1% | 주유소: 2000원 | 영화: 5000원,"모든가맹점, 주유, OTT/영화/문화",true,,https://d1c5n4ri2guedi.cloudfront.net/card/52/card_img/27708/52card.png,https://www.card-gorilla.com/card/detail/52,"모든가맹점: 모든 가맹점 1% 빅포인트 적립 | 주유: 모든 주유소 및 LPG충전소에서 5만원 이상 결제 시 2,000원 결제일할인(청구할인) | 영화: 모든 영화관에서 영화티켓 1만원 이상 현장 결제 시 5,000원 결제일할인(청구할인)"
269,IBK-Hybrid(하이브리드)카드,IBK기업은행,신용,"Mastercard, UnionPay","해외겸용 [10,000]원",0,없음,무실적: 0.6% | 모든가맹점: 0.3% | 기타: 무제한,"모든가맹점, 무실적, 자동차/하이패스",false,,https://d1c5n4ri2guedi.cloudfront.net/card/269/card_img/20492/269card.png,https://www.card-gorilla.com/card/detail/269,"하이브리드: 전월 이용실적 관계없이 국내외 가맹점에서 신용 0.6%, 체크 0.3% 캐시백"
2534,삼성 iD VITA 카드,삼성카드,신용,"Mastercard, UnionPay","국내전용 [20,000원] / 해외겸용 [20,000원]",500000,"500,000원",병원/약국: 20% | 보험사: 10% | 뷰티/피트니스: 20%,"마트/편의점, 뷰티/피트니스, 공과금/렌탈, 병원/약국, 해외",false,,https://d1c5n4ri2guedi.cloudfront.net/card/2534/card_img/29325/2531card.png,https://www.card-gorilla.com/card/detail/2534,"병원/약국: 의료 20% 결제일 할인 | 보험사: 보험 10% 결제일 할인 | 뷰티/피트니스: 헬스/뷰티 20% 결제일 할인 | 대형마트: 할인점 10% 결제일 할인 | 할인: 이동통신/렌탈/멤버십 정기결제 시 10% 결제일 할인 | 해외이용: 전월 이용금액에 관계없이, 할인한도 없이 해외 1% 결제일할인 | 선택형: 카드 플레이트 선택"
59,삼성카드 taptap I,삼성카드,신용,Mastercard,"국내전용 [49,000]원 / 해외겸용 [49,000]원",500000,"500,000원",카페/디저트: 30% | 배달앱: 20% | 기차: 5000원,"교통, 마트/편의점, 쇼핑, 푸드, 카페/디저트, 애완동물, 교육/육아, OTT/영화/문화, 공항라운지/PP, 여행/숙박, 해외",false,,https://d1c5n4ri2guedi.cloudfront.net/card/59/card_img/37169/59card.png,https://www.card-gorilla.com/card/detail/59,"선택형: 라이프스타일에 따라 &lsquo;일상 패키지&rsquo; 또는 &lsquo;여가 패키지&rsquo; 중 선택 | 더라운지: - 통합 연 3회 제공됩니다.(연 기준 : 1.1~12.31) | 여행/숙박: 해외&middot;여행 3% 결제일할인(청구할인) | 쇼핑: 슈퍼마켓, 프리미엄 아울렛, 온라인 쇼핑몰, 백화점, 세탁소, 프리미엄 가구 3% 결제일할인(청구할인) | 카페/디저트: - 통합 월 할인한도는 10,000원입니다. | 푸드: - 할인 대상점: 음식점 생어거스틴, 발재반점, 신선식품 배송 마켓컬리 | 영화: - 통합 월 1회, 연 6회 제공됩니다.(연 기준 : 1.1~12.31) | 도서: - 통합 월 1회, 연 6회 제공됩니다.(연 기준 : 1.1~12.31) | 기차: - 월 2회 제공됩니다. | 프리미엄: mastercard 프리미엄카드(PLATINUM 등급) 회원에게 mastercard의 제휴사가 제공하는 서비스 | 캐시백: - 예시 : 누적 3,000만원/4,500만원 이용 시, 60,000원/90,000원 캐시백"
2952,삼성 iD STATION 카드 (HD현대오일뱅크),삼성카드,신용,VISA,"국내전용 [15,000]원 / 해외겸용 [15,000]원",400000,"400,000원",주유: 10% | 통신: 5% | 편의점: 5%,"주유, 통신, 마트/편의점, 쇼핑, 자동차/하이패스",false,2025-12-09,https://d1c5n4ri2guedi.cloudfront.net/card/2952/card_img/47716/2952card.png,https://www.card-gorilla.com/card/detail/2952,주유: HD현대오일뱅크 주유(충전)소에서 주유 시 10% 결제일할인 | 통신: 통신요금 정기결제 시 5% 결제일할인 | 편의점: 편의점 5% 결제일할인 | 온라인쇼핑: 온라인쇼핑몰 5% 결제일할인 | 자동차: 엔진오일(오일필터/에어필터 포함) 교환 시 | 적립: HD현대오일뱅크 보너스카드 멤버십서비스
2752,the Pink Edition2,현대카드,신용,VISA,"국내전용 [150,000]원 / 해외겸용 [150,000]원",500000,"500,000원",적립: 1.5% | 적립: 5% | 공항라운지/PP: 무제한,"모든가맹점, 쇼핑, 공항라운지/PP, 프리미엄",false,2024-08-16,https://d1c5n4ri2guedi.cloudfront.net/card/2752/card_img/36946/2752card_2.png,https://www.card-gorilla.com/card/detail/2752,적립: [기본 혜택] 국내외 가맹점 1.5% M포인트 적립 | 적립: [추가 혜택] 프리미엄쇼핑 영역 5% M포인트 적립 | 적립: 이용방법 | 공항: [우대 서비스] 공항 라운지 연간 5회 무료 이용&middot;공항 및 특급호텔 발레파킹 무료 이용 | 프리미엄 서비스: [우대 서비스] 메탈 플레이트 제공
2610,I-어디로든 그린카드,IBK기업은행,신용,BC,"국내전용 [15,000]원",300000,"300,000원",충전소: 40% | 생활: 10% | 교통: 10%,"교통, 카페/디저트",false,2023-10-27,https://d1c5n4ri2guedi.cloudfront.net/card/2610/card_img/31261/2610card.png,https://www.card-gorilla.com/card/detail/2610,멤버십포인트: 에코머니 포인트란? | 충전소: 친환경 자동차 최대 40% 적립 | 생활: 공유 모빌리티 10% 적립 | 대중교통: 대중교통 10% 적립 | 고속버스: 일반교통 10% 적립 | 카페: 커피전문점 10% 적립 | 생활: 생활 서비스 0.2% 적립
2435,신한카드 EVerywhere,신한카드,신용,VISA,"국내전용 [19,000]원 / 해외겸용 [22,000]원",400000,"400,000원",충전소: 50% | 생활: 20% | 자동차: 5000원,"주유, 통신, 마트/편의점, 카페/디저트, 자동차/하이패스, OTT/영화/문화",false,,https://d1c5n4ri2guedi.cloudfront.net/card/2435/card_img/48033/2435card_1.png,https://www.card-gorilla.com/card/detail/2435,충전소: [전기차 충전 캐시백] | 디지털구독: [생활 캐시백] | 통신: [생활 캐시백] | 편의점: [생활 캐시백] | 카페/디저트: [생활 캐시백] | 기타: [주차 캐시백]
2781,HERITAGE Classic [스카이패스형],KB국민카드,신용,"VISA, Mastercard","국내전용 [157,000]원 / 해외겸용 [157,000]원",500000,"500,000원",대한항공: 500원 | 공항라운지/PP: 무제한 | 바우처: 무제한,"모든가맹점, 교통, 마트/편의점, 쇼핑, 푸드, 카페/디저트, 뷰티/피트니스, 병원/약국, 교육/육아, 레저/스포츠, 항공마일리지, 공항라운지/PP, 프리미엄, 여행/숙박, 해외",false,2024-11-28,https://d1c5n4ri2guedi.cloudfront.net/card/2781/card_img/38287/2781card.png,https://www.card-gorilla.com/card/detail/2781,"대한항공: [기본 서비스] 국내외 가맹점 1,500원당 1마일리지 적립 | 대한항공: [특별 서비스] 생활밀착 4개 영역 1,500원당 2마일리지 적립 | 대한항공: [특별 서비스] Flex 영역(온라인항공/호텔/온라인면세/스포츠/미용실) 건별 결제금액 1,500원당 대한항공 2마일리지 적립 | 자동차: [특별 서비스] | 공항라운지: 전세계 공항 라운지 무료 이용(The LOUNGE) | 바우처: [Classic 전용혜택] 쿠폰 서비스 연 1회 제공, 4가지 중 택 1 | 프리미엄 서비스: [Classic 전용혜택] 브랜드 서비스&middot;금융 서비스&middot;전용고객센터"
2953,스타트래블 우리카드,우리카드,신용,VISA,"국내전용 [28,000]원 / 해외겸용 [28,000]원",300000,"300,000원",카페/디저트: 무제한 | 적립: 2% | 수수료우대: 무제한,"모든가맹점, 카페/디저트, 뷰티/피트니스, 교육/육아, OTT/영화/문화, 여행/숙박, 해외",false,2026-01-30,https://d1c5n4ri2guedi.cloudfront.net/card/2953/card_img/47835/2953card.png,https://www.card-gorilla.com/card/detail/2953,카페: 국내 스타벅스 이용 시 당월 누적 금액 2만원당 스타벅스 리워드 별 1개 적립 | 해외: 해외 가맹점 이용 시 | 적립: 국내 가맹점 2% 포인트 적립 | 수수료우대: 해외서비스 및 국제브랜드 수수료 면제
2853,KTX 삼성카드,삼성카드,신용,Mastercard,"국내전용 [20,000]원 / 해외겸용 [20,000원]",400000,"400,000원",적립: 0.5% | 교통: 5% | 마트/편의점: 0.5%,"모든가맹점, 교통, 마트/편의점, 카페/디저트",false,2025-07-01,https://d1c5n4ri2guedi.cloudfront.net/card/2853/card_img/43424/2853card.png,https://www.card-gorilla.com/card/detail/2853,적립: 국내외 가맹점 0.5% KTX 마일리지 포인트 적립 | 적립: 한국철도공사 가맹점 이용 시 5% KTX 마일리지 포인트 추가 적립 | 적립: 생활 필수 영역 0.5% KTX 마일리지 포인트 추가 적립 | 기타: 특수 소재 카드 신청 가능
2883,현대카드Z everyday,현대카드,신용,"VISA, AMEX","국내전용 [20,000]원 / 해외겸용 [20,000]원",500000,"500,000원",할인: 5% | 할인: 5% | 할인: 10%,"교통, 주유, 통신, 마트/편의점, 쇼핑, 푸드, 카페/디저트, 간편결제",false,2025-07-17,https://d1c5n4ri2guedi.cloudfront.net/card/2883/card_img/44419/2883card_1.png,https://www.card-gorilla.com/card/detail/2883,"할인: 전월 이용 금액 50만원 이상 시 9개 영역 5% 청구 할인 | 할인: 전월 이용 금액 50만원 이상 시 일반음식점, 주유, 대형마트 주말(토&middot;일요일) 10% 청구 할인 | 프리미엄 서비스: 메탈 플레이트 제공"
64,신세계이마트 삼성카드7,삼성카드,신용,Mastercard,"국내전용 [18,000]원 / 해외겸용 [20,000]원",300000,"300,000원",백화점: 5% | 대형마트: 6000원 | 모든가맹점: 3%,"모든가맹점, 주유, 마트/편의점, 쇼핑, 자동차/하이패스, 레저/스포츠, OTT/영화/문화",false,,https://d1c5n4ri2guedi.cloudfront.net/card/64/card_img/27713/64card.png,https://www.card-gorilla.com/card/detail/64,"쇼핑: 신세계백화점 5% 전자할인쿠폰 월 3~6매 제공 | 적립: 0.5~3% 빅포인트 적립 | 할인: CGV 홈페이지 및 스마트폰 App을 통한 예매 시 3,000원 결제일할인(청구할인) | 무이자할부: 모든 가맹점 주말(토&middot;일) 2~3개월 무이자할부"
12,신한카드 Air Platinum#,신한카드,신용,"VISA, Mastercard","해외겸용 [40,000]원",0,없음,대한항공: 500원 | 아시아나항공: 무제한,"모든가맹점, 주유, 무실적, 레저/스포츠, 항공마일리지, 프리미엄, 해외",false,,https://d1c5n4ri2guedi.cloudfront.net/card/12/card_img/20094/12card.png,https://www.card-gorilla.com/card/detail/12,항공마일리지: 대한항공 마일리지/아시아나항공 마일리지(택1) | 생활: 마이신한포인트 적립 | 프리미엄: 특급 호텔 발렛파킹/면세점 우대 서비스 등
184,NH20해봄카드,NH농협카드,신용,"Mastercard, JCB","해외겸용 [8,000]원",300000,"300,000원",공항라운지: 무제한 | 테마파크: 50% | 온라인쇼핑: 10%,"교통, 주유, 통신, 마트/편의점, 쇼핑, 카페/디저트, 교육/육아, 레저/스포츠, OTT/영화/문화, 공항라운지/PP, 해외",false,,https://d1c5n4ri2guedi.cloudfront.net/card/184/card_img/45716/184card.png,https://www.card-gorilla.com/card/detail/184,"공항라운지: 해봄선택서비스_여행해봄/놀이해봄 Type 중 택1 | 테마파크: 해봄선택서비스_여행해봄/놀이해봄 Type 중 택1 | 온라인쇼핑: 온라인 쇼핑몰 10% 청구할인 | 도서: 온라인 서점, 어학시험 10% 청구할인 | 영화: CGV 온라인 예매 (홈페이지, 모바일앱) 2,000원 청구할인 | 배달앱: 배달앱 10% 청구할인 | 기타: 어플리케이션 2,000원 청구할인 | 통신: 이동통신 자동납부 4,000원 청구할인 | 카페/디저트: 커피 30% 청구할인 | 편의점: GS25 5% 청구할인 | 대중교통: 대중교통(버스/지하철) 10% 청구할인 | 주유: 주유 5% 청구할인 | 해외: 해외 가맹점(해외직구 포함) 이용금액 2% 청구할인"
2769,KB국민 기후동행카드,KB국민카드,신용,,"국내전용 [10,000]원",400000,"400,000원",생활: 5% | 쇼핑: 10% | OTT/영화/문화: 10%,"교통, 카페/디저트, 뷰티/피트니스, 레저/스포츠, OTT/영화/문화",false,2024-11-25,https://d1c5n4ri2guedi.cloudfront.net/card/2769/card_img/38059/2769card.png,https://www.card-gorilla.com/card/detail/2769,교통: 후불 기후동행카드 안내 | 할인: 청구할인 서비스
181,NH올원 파이카드,NH농협카드,신용,"Mastercard, JCB","국내전용[10,000]원 / 해외겸용 [12,000]원",300000,"300,000원",온라인쇼핑: 20% | 선택형: 무제한 | 생활: 20%,"교통, 주유, 통신, 마트/편의점, 쇼핑, 푸드, 카페/디저트, 뷰티/피트니스, 병원/약국, 해외",false,,https://d1c5n4ri2guedi.cloudfront.net/card/181/card_img/20398/181card.png,https://www.card-gorilla.com/card/detail/181,선택형: 파이서비스 | 카페: 라이프서비스 커피전문점 20% 청구할인 | 대중교통: 라이프서비스 대중교통 5% 청구할인 | 편의점: 라이프서비스 편의점 및 잡화 5% 청구할인 | 배달앱: 라이프서비스 배달앱 5% 청구할인
131,BeV V카드(스카이패스형),KB국민카드,신용,"Mastercard, UnionPay","해외겸용 [295,000]원",500000,"500,000원",바우처: 무제한 | 항공마일리지: 무제한 | 항공마일리지: 무제한,"쇼핑, 항공마일리지, 공항라운지/PP, 프리미엄, 여행/숙박",false,,https://d1c5n4ri2guedi.cloudfront.net/card/131/card_img/20360/131card.png,https://www.card-gorilla.com/card/detail/131,바우처: 쿠폰서비스 | 항공마일리지: 대한항공 마일리지 적립 | 프리미엄: BeV Ⅴ카드 공통 서비스
2464,zgm.휴가중카드,NH농협카드,신용,Mastercard,"국내전용 [25,000]원 / 해외겸용 [25,000]원",500000,"500,000원",해외: 5% | 온라인 여행사: 20% | 공항: 0.5%,"모든가맹점, 공과금/렌탈, 항공마일리지, 공항라운지/PP, 여행/숙박, 해외",false,,https://d1c5n4ri2guedi.cloudfront.net/card/2464/card_img/28156/2464card.png,https://www.card-gorilla.com/card/detail/2464,"해외: 해외 이용액 2~5% NH포인트 적립 | 국내가맹점: 국내 이용액 0.5% NH포인트 기본적립 | 적립: 항공권, 면세점 업종 0.5% NH포인트 추가적립 | 호텔: 호텔스닷컴 이용 시 20% 즉시할인(월 이용 한도 4회) | 공항라운지: 국내&middot;외 공항 라운지 무료 이용(The lounge / 더 라운지) | 보험사: 여행자보험 무료 가입 | 프리미엄 서비스: MASTERCARD TITANUM / PLATINUM PREMIUM SERVICES | 선택형: 플레이트 디자인 선택가능"
2722,신한카드 SOL트래블,신한카드,신용,Mastercard,"국내전용 [27,000] / 해외겸용 [30,000]원",400000,"400,000원",수수료우대: 무제한 | 해외이용: 100% | 적립: 2%,"교통, 쇼핑, 푸드, 뷰티/피트니스, 레저/스포츠, 항공마일리지, 여행/숙박, 해외",false,2024-06-26,https://d1c5n4ri2guedi.cloudfront.net/card/2722/card_img/35971/2722card.png,https://www.card-gorilla.com/card/detail/2722,해외: 해외 이용 수수료 빼기 서비스 | 해외: 해외 일시불 이용금액 0.5% 마이신한포인트 적립 | 적립: 국내 이용금액 0.5~2% 포인트 적립 | 공항라운지: 전 세계 공항 라운지 무료 이용 서비스
174,국민행복카드(신용),NH농협카드,신용,UnionPay,해외겸용 [없음],300000,"300,000원",교육/육아: 5% | 병원/약국: 5% | 프리미엄: 무제한,"교통, 통신, 쇼핑, 푸드, 카페/디저트, 교육/육아, 레저/스포츠",false,,https://d1c5n4ri2guedi.cloudfront.net/card/174/card_img/20386/174card.png,https://www.card-gorilla.com/card/detail/174,국민행복: 국민행복카드란? | 멤버십포인트: 친환경제품 구매 시 에코머니 적립 | 기타: 제로투세븐닷컴 | 바우처: 바우처안내
45,American Express Blue,삼성카드,신용,AMEX,"해외겸용 [15,000]원",300000,"300,000원",해외: 5% | 교통: 5% | 푸드: 7%,"교통, 통신, 마트/편의점, 쇼핑, 푸드, 카페/디저트, 교육/육아, OTT/영화/문화, 간편결제, 해외",false,,https://d1c5n4ri2guedi.cloudfront.net/card/45/card_img/37925/45card.png,https://www.card-gorilla.com/card/detail/45,생활: 서비스안내 | 디지털구독: 서비스안내 | 카페: 서비스안내 | 통신: 서비스안내 | 쇼핑: 서비스안내 | 해외이용: 서비스 안내
2734,코웨이 IBK카드,IBK기업은행,신용,"Mastercard, BC, UnionPay","국내전용 [12,000]원 / 해외겸용 [15,000]원",300000,"300,000원",렌탈: 23000원,공과금/렌탈,false,2022-04-21,https://d1c5n4ri2guedi.cloudfront.net/card/2734/card_img/36456/2734card.png,https://www.card-gorilla.com/card/detail/2734,렌탈: 코웨이 렌탈료 자동이체 할인 서비스
2959,BLISS Point,IBK기업은행,신용,Mastercard,"국내전용 [99,000]원 / 해외겸용 [100,000]원",500000,"500,000원",국내외가맹점: 1% | 적립: 5% | 바우처: 무제한,"모든가맹점, 주유, 마트/편의점, 쇼핑, 푸드, OTT/영화/문화, 항공마일리지, 공항라운지/PP, 프리미엄, 해외",false,2026-03-01,https://d1c5n4ri2guedi.cloudfront.net/card/2959/card_img/47714/2959card_1.png,https://www.card-gorilla.com/card/detail/2959,국내외가맹점: 기본적립 | 적립: 특화적립 | 바우처: (연 1회) 신청 시 6가지 바우처 중 택 1 | 프리미엄 서비스: 국내&middot;외 공항라운지 무료이용 서비스
718,국민행복 삼성카드 V2,삼성카드,신용,Mastercard,국내전용 [없음] / 해외겸용 [없음],0,없음,온라인쇼핑: 7% | 교육/육아: 7% | 생활: 7%,"주유, 통신, 마트/편의점, 쇼핑, 무실적, 공과금/렌탈, 병원/약국, 교육/육아, OTT/영화/문화, 해외",false,,https://d1c5n4ri2guedi.cloudfront.net/card/718/card_img/28063/718card.png,https://www.card-gorilla.com/card/detail/718,"국민행복: 정부지원 국가바우처 | 쇼핑: 쇼핑 7% 결제일 할인 | 교육/육아: 보육 7% 결제일할인 | 공과금: 생활요금 7% 결제일할인 | 디지털구독: 스트리밍 3,000원 결제일할인 | 해외: 해외 1.5% 결제일할인 | 기타: 정부지원 국가바우처"
133,BeV Ⅲ 카드,KB국민카드,신용,"Mastercard, UnionPay","해외겸용 [200,000]원",500000,"500,000원",모든가맹점: 1.5% | 주유: 100원 | 프리미엄: 150000원,"주유, 쇼핑, 공항라운지/PP, 프리미엄, 여행/숙박",false,,https://d1c5n4ri2guedi.cloudfront.net/card/133/card_img/20362/133card.png,https://www.card-gorilla.com/card/detail/133,"바우처: 쿠폰서비스 (연 1회, 4가지 쿠폰서비스 중 택1) | 주유: 주유 할인 | 적립: 포인트리 적립 | 프리미엄: BeV Ⅲ카드 우대 서비스"
2928,BC 바로 ZONE 카드,BC 바로카드,신용,Mastercard,"국내전용 [19,000]원 / 해외겸용 [19,000]원",300000,"300,000원",할인: 7% | 할인: 7% | 할인: 7%,"마트/편의점, 쇼핑, 푸드, 카페/디저트, 뷰티/피트니스, OTT/영화/문화, 해외",false,2025-11-27,https://d1c5n4ri2guedi.cloudfront.net/card/2928/card_img/45807/2928card.png,https://www.card-gorilla.com/card/detail/2928,"푸드: 커피, 간식, 배달앱 7% 할인 | 생활: 온라인몰, 다이소, 올리브영 7% 할인 | 디지털구독: 디지털구독, 쇼핑멤버십 7% 할인 | 전통시장: 전통시장 7% 할인 | 해외: 해외가맹점 및 해외 직접 구매 이용시 | 무이자할부: 국내 대상 가맹점 2~3개월 상시 무이자 할부 | 프리미엄: Mastercard Platinum서비스"
2258,#Pay 신한카드,신한카드,신용,VISA,"국내전용 [27,000]원 / 해외겸용 [30,000]원",300000,"300,000원",간편결제: 5%,"모든가맹점, 간편결제",false,,https://d1c5n4ri2guedi.cloudfront.net/card/2258/card_img/21008/2258card.png,https://www.card-gorilla.com/card/detail/2258,간편결제: 7개 간편결제(Pay)로 국내 거래시 5% 마이신한포인트 적립
2664,American Express The Platinum Card®Edition2,현대카드,신용,AMEX,"해외겸용 [1,000,000]원",500000,"500,000원",적립: 무제한 | 바우처: 850000원 | 공항라운지: 무제한,"쇼핑, 항공마일리지, 공항라운지/PP, 프리미엄, 여행/숙박, 해외",false,2023-11-27,https://d1c5n4ri2guedi.cloudfront.net/card/2664/card_img/32408/2664card.png,https://www.card-gorilla.com/card/detail/2664,"적립: 대상점에 따라 이용 금액 1,000원당 최대 5MR 적립 | 바우처: 국내 트래블・패션/뷰티 영역에서 사용 가능한 85만원 상당 바우처 제공(연 1회) | 프리미엄 서비스: 본인 회원 메탈 플레이트 제공 | 공항라운지: 전 세계 공항 라운지 무료 이용 서비스 | 프리미엄 서비스: 인천국제공항 및 국내 특급호텔 무료 발레파킹 | 프리미엄 서비스: 호텔 델리/레스토랑, 패밀리 레스토랑 할인 | 프리미엄 서비스: 럭셔리 &amp; 프리미엄 호텔 혜택 | 프리미엄 서비스: American Express PLATINUM ELITE 서비스"
2940,현대카드MY BUSINESS M E-seller,현대카드,신용,"VISA, AMEX","국내전용 [50,000]원 /  해외겸용 [50,000]원",500000,"500,000원",적립: 5% | 적립: 5% | 적립: 1.5%,"모든가맹점, 쇼핑, 공과금/렌탈, 간편결제, 해외, 비즈니스",false,2024-07-31,https://d1c5n4ri2guedi.cloudfront.net/card/2940/card_img/46990/2940card.png,https://www.card-gorilla.com/card/detail/2940,적립: 유의사항 | 적립: 대상점 | 적립: 이용 방법
2613,ALL 우리카드 Infinite,우리카드,신용,VISA,"국내전용 [500,000]원 / 해외겸용 [500,000]원",500000,"500,000원",프리미엄: 14000원 | 프리미엄: 무제한 | 프리미엄: 무제한,"레저/스포츠, 공항라운지/PP, 프리미엄, 여행/숙박",false,2023-11-07,https://d1c5n4ri2guedi.cloudfront.net/card/2613/card_img/31307/2613card.png,https://www.card-gorilla.com/card/detail/2613,프리미엄: [아코르 서비스] | 프리미엄: [아코르 서비스] 아코르 플러스 익스플로러 유료 멤버십 서비스 자동 가입 | 프리미엄: [아코르 서비스] ALL 회원 GOLD 등급 제공 및 업그레이드 | 프리미엄: [아코르 서비스] ALL 리워드 포인트 적립 | 프리미엄: [아코르 서비스] ALL 리워드 포인트 보너스 제공 | 공항라운지: [Premium Service] 국내외 공항 라운지 무료이용 서비스 제공 | 여행/숙박: [Premium Service] KAL 리무진 버스 무료이용 서비스 제공 | 골프: [Premium Service] 국내 지정 골프장 무료 커피 또는 지정 골프연습장 무료 타석권 제공 | 여행/숙박: [Premium Service] 국내외 여행자 보험 서비스 제공 | 호텔: [Premium Service] 아코르 호텔 프리미엄 서비스 제공 | 선택형: 플레이트 선택
2877,MG+ BLACK 하나카드,MG새마을금고,신용,VISA,"국내전용 [120,000]원 / 해외겸용 [120,000]원",500000,"500,000원",프리미엄: 무제한 | 할인: 10% | 할인: 50%,"교통, 쇼핑, 카페/디저트, 레저/스포츠, 공항라운지/PP, 프리미엄, 여행/숙박, 해외",false,2025-01-24,https://d1c5n4ri2guedi.cloudfront.net/card/2877/card_img/43987/2877card.png,https://www.card-gorilla.com/card/detail/2877,바우처: 바우처 5가지 중 1가지를 선택하여 이용 (연 1회) | 해외: 해외여행 10% 청구할인 | 쇼핑: 쇼핑 10% 청구할인 | 골프: 골프 10% 청구할인 | 카페: 커피 50% 청구할인 | 택시: 택시 50% 청구할인 | 공항라운지: 전세계 공항라운지 무료이용 (연 3회)
634,Easy all 티타늄카드,KB국민카드,신용,"VISA, UnionPay","국내전용 [30,000]원 / 해외겸용 [30,000]원",500000,"500,000원",선택형: 무제한 | 택시: 10% | 온라인쇼핑: 5%,"교통, 주유, 통신, 마트/편의점, 쇼핑, 푸드, 카페/디저트, 뷰티/피트니스, 공과금/렌탈, 병원/약국, 애완동물, 교육/육아, 레저/스포츠, OTT/영화/문화, 프리미엄, 해외",false,,https://d1c5n4ri2guedi.cloudfront.net/card/634/card_img/21400/634card.png,https://www.card-gorilla.com/card/detail/634,선택형: Easy all 선택 서비스(택1) | 선택형: 1. Auto 모드 (많이 쓴 영역에서 자동 캐시백) | 프리미엄: 티타늄 서비스
121,다담카드,KB국민카드,신용,"VISA, Mastercard, UnionPay","해외겸용 [15,000]원",300000,"300,000원",대중교통: 10% | 주유: 무제한 | 선택형: 무제한,"교통, 주유, 통신, 마트/편의점, 쇼핑, 푸드, 카페/디저트, 교육/육아, 자동차/하이패스, 레저/스포츠, OTT/영화/문화, 여행/숙박, 해외",false,,https://d1c5n4ri2guedi.cloudfront.net/card/121/card_img/20353/121card.png,https://www.card-gorilla.com/card/detail/121,"대중교통: 대중교통 기본 할인 서비스 | 통신: 이동통신 기본 할인 서비스 | 주유소: 주유 기본 할인 서비스 | 영화: CGV/메가박스 온라인 영화예매시 승인건당 3,500원 청구 할인 | 테마파크: 놀이공원 기본 할인 서비스 | 해외: 해외 기본 할인 서비스 | 해외: KB투어할인 서비스 | 선택형: 선택 적립 서비스 | 기타: [다담리워드 서비스]"
2446,원더카드 FREE,하나카드,신용,Mastercard,"국내전용 [12,000]원 / 해외겸용 [12,000]원",0,없음,국내외가맹점: 0.7% | 간편결제: 1.2% | 생활: 2%,"모든가맹점, 교통, 마트/편의점, 쇼핑, 카페/디저트, 무실적, 간편결제",false,,https://d1c5n4ri2guedi.cloudfront.net/card/2446/card_img/27741/2446card.png,https://www.card-gorilla.com/card/detail/2446,"국내외가맹점: 전가맹점 0.7% 할인 | 간편결제: 간편결제 1.2% 할인 | 생활: 쿠팡/마트/베이커리 2% 할인, | 무이자할부: 무이자할부"
2529,트래블로그 신용카드,하나카드,신용,Mastercard,"국내전용 [20,000]원 / 해외겸용 [20,000]원",0,없음,국내외가맹점: 1% | 해외이용: 3% | 여행/숙박: 3%,"모든가맹점, 무실적, 간편결제, 항공마일리지, 공항라운지/PP, 여행/숙박, 해외",false,,https://d1c5n4ri2guedi.cloudfront.net/card/2529/card_img/29020/2529card.png,https://www.card-gorilla.com/card/detail/2529,국내외가맹점: 국내외 가맹점 1.0% 하나머니 적립 | 간편결제: 간편결제 1.0%~1.3% 하나머니 적립 | 해외이용: 해외 가맹점 3% 하나머니 적립 | 항공권: 항공사 3% 하나머니 적립 | 면세점: 면세점 3% 하나머니 적립 | 온라인 여행사: 여행 3% 하나머니 적립 | 수수료우대: 외화 하나머니 결제 안내 및 혜택 | 선택형: 카드 플레이트 선택
2569,트래블월렛 우리카드,우리카드,신용,VISA,"국내전용 [20,000]원 / 해외겸용 [20,000]원",400000,"400,000원",적립: 2% | 수수료우대: 무제한,해외,false,2023-07-07,https://d1c5n4ri2guedi.cloudfront.net/card/2569/card_img/30756/2569card.png,https://www.card-gorilla.com/card/detail/2569,적립: 트래블 포인트 적립 서비스 | 수수료우대: 해외 이용 수수료 면제 서비스
115,굿데이올림카드,KB국민카드,신용,"VISA, Mastercard, AMEX","국내전용 [15,000]원 / 해외겸용 [20,000]원",300000,"300,000원",주유: 무제한 | 통신: 10% | 마트/편의점: 10%,"교통, 주유, 통신, 마트/편의점, 푸드, 카페/디저트, 뷰티/피트니스, 병원/약국, 교육/육아, 해외",false,,https://d1c5n4ri2guedi.cloudfront.net/card/115/card_img/20273/115card.png,https://www.card-gorilla.com/card/detail/115,"주유: 주유소, 충전소 업종 리터당 60원 청구할인 | 대형마트: 대형마트 10% 청구할인 | 통신: 전화요금, 인터넷이용료, 케이블TV 업종 10% 청구할인 | 교통: 버스, 지하철, 택시 업종 10% 청구할인 | 해외: 해외이용(해외직구) 5% 할인 캐시백 | 푸드: 음식점, 커피전문점, 편의점, 약국 업종 10% 추가 청구할인 | 학원: 학원/피트니스 업종 10% 추가 청구할인"
54,삼성카드 스페셜마일리지(스카이패스),삼성카드,신용,AMEX,"국내전용 [97,000]원 / 해외겸용 [99,000]원",0,없음,대한항공: 무제한 | 패밀리레스토랑: 30000원 | 대한항공: 무제한,"모든가맹점, 주유, 마트/편의점, 푸드, 카페/디저트, 무실적, 항공마일리지, 공항라운지/PP, 프리미엄",false,,https://d1c5n4ri2guedi.cloudfront.net/card/54/card_img/20135/54card.png,https://www.card-gorilla.com/card/detail/54,"대한항공: [기본 적립] 모든 가맹점 스카이패스 1 마일리지 적립 | 선택형: [특별 적립] 옵션 적립처에 따라 스카이패스 2 마일리지 적립 | 패밀리레스토랑: 아웃백스테이크하우스 30,000원 결제일 할인 | 프리미엄 서비스: 아멕스 프리미엄 서비스 이용 안내"
2680,현대카드Z work Edition2,현대카드,신용,"VISA, AMEX","국내전용 [20,000]원 / 해외겸용 [20,000]원",500000,"500,000원",카페: 10% | 온라인쇼핑: 10% | 교통: 10%,"교통, 마트/편의점, 쇼핑, 교육/육아",false,2024-01-19,https://d1c5n4ri2guedi.cloudfront.net/card/2680/card_img/39646/2680card.png,https://www.card-gorilla.com/card/detail/2680,온라인쇼핑: [온라인 쇼핑몰 10% 청구 할인] | 편의점: [편의점 10% 청구 할인] | 카페: [커피전문점 10% 청구 할인] | 대중교통: [대중교통 10% 청구 할인] | 도서: [도서 10% 청구 할인]
2631,모니모A 카드,삼성카드,신용,Mastercard,"국내전용 [10,000]원 / 해외겸용 [10,000]원",300000,"300,000원",국내외가맹점: 1% | 보험사: 9% | 카페: 5000원,"모든가맹점, 주유, 마트/편의점, 쇼핑, 카페/디저트, 공과금/렌탈, 병원/약국, 애완동물, OTT/영화/문화, 해외",false,2023-11-24,https://d1c5n4ri2guedi.cloudfront.net/card/2631/card_img/31783/2631card.png,https://www.card-gorilla.com/card/detail/2631,"국내외가맹점: 국내외 가맹점 0.5%/1% 모니머니 리워드 적립 | 보험사: 보험 9% 모니머니 리워드 추가 적립 | 생활: 생활 필수 영역 1% 모니머니 리워드 추가 적립 | 카페: 스타벅스 5,000원 할인 | 선택형: 블루"
2683,현대카드Z family Edition2,현대카드,신용,"VISA, AMEX","국내전용 [20,000]원 / 해외겸용 [20,000]원",500000,"500,000원",온라인쇼핑: 10% | 병원/약국: 10% | 생활: 10%,"주유, 통신, 쇼핑, 공과금/렌탈, 병원/약국, 교육/육아",false,2024-01-19,https://d1c5n4ri2guedi.cloudfront.net/card/2683/card_img/39649/2680card.png,https://www.card-gorilla.com/card/detail/2683,온라인쇼핑: [온라인 쇼핑몰 10% 청구 할인] | 병원/약국: [병원&middot;약국 10% 청구 할인] | 학원: [학원 10% 청구 할인] | 주유: [주유 10% 청구 할인] | 생활: [생활 요금 정기 결제 10% 청구 할인]
2927,BC 바로 Air Max 카드,BC 바로카드,신용,AMEX,"국내전용 [43,000]원 / 해외겸용 [43,000]원",500000,"500,000원",대한항공: 500원 | 대한항공: 500원 | 대한항공: 200원,"쇼핑, 카페/디저트, 뷰티/피트니스, 공과금/렌탈, 항공마일리지",false,2025-11-11,https://d1c5n4ri2guedi.cloudfront.net/card/2927/card_img/45801/2927card.png,https://www.card-gorilla.com/card/detail/2927,"대한항공: 1,500원당 1 스카이패스 마일리지 | 대한항공: ,500원당 1 스카이패스 마일리지 추가 | 공과금: 아파트관리비 1,500원당 1 스카이패스 마일리지 | 대한항공: 1백만원당 200 스카이패스 마일리지 추가 | 무이자할부: 국내 대상 가맹점 2~3개월 상시 무이자 할부"
2290,삼성 iD ENERGY 카드,삼성카드,신용,VISA,"국내전용 [20,000]원 / 해외겸용 [20,000]원",500000,"500,000원",주유: 10000원 | 카페: 30% | 하이패스: 10%,"교통, 주유, 카페/디저트, 자동차/하이패스",false,,https://d1c5n4ri2guedi.cloudfront.net/card/2290/card_img/27723/2290card.png,https://www.card-gorilla.com/card/detail/2290,"주유소: 주유 건별 10,000원 이상 결제 시 10,000원 결제일할인(월 합산 30,000원까지 할인) | 대중교통: 대중교통&middot;택시&middot;전기차 충전요금 10% 결제일할인 | 자동차: 주차장&middot;대리운전 10% 결제일할인 | 기타: 고속도로 통행료 10% 결제일할인 | 카페: 스타벅스 드라이브 스루 매장에서 My DT Pass를 통해 결제 시 30% 결제일할인 | 자동차: 엔진오일(오일필터&middot;에어클리너 포함) 교환 시 20,000원 현장할인(연 2회) | 선택형: 펑키"
2406,하나 CLUB H 아메리칸 익스프레스 리저브 카드,하나카드,신용,AMEX,"해외겸용 [150,000]원",500000,"500,000원",항공마일리지: 무제한 | 항공마일리지: 무제한 | 공항라운지/PP: 무제한,"모든가맹점, 항공마일리지, 공항라운지/PP, 프리미엄, 해외",false,,https://d1c5n4ri2guedi.cloudfront.net/card/2406/card_img/26473/2406card.png,https://www.card-gorilla.com/card/detail/2406,항공마일리지: 국내 이용금액 1천원당 1마일리지 적립 | 항공마일리지: 해외 이용금액 1천원당 2마일리지 적립 | 공항라운지: 인천공항 라운지 무료 서비스 | 프리미엄 서비스: Special Service 메탈 플레이트 기본 제공 | 프리미엄 서비스: 국제 브랜드 서비스
130,BeV V카드(포인트형),KB국민카드,신용,"Mastercard, UnionPay","해외겸용 [295,000]원",500000,"500,000원",바우처: 무제한 | 적립: 1.5% | 적립: 3%,"모든가맹점, 쇼핑, 공항라운지/PP, 프리미엄, 여행/숙박",false,,https://d1c5n4ri2guedi.cloudfront.net/card/130/card_img/20359/130card.png,https://www.card-gorilla.com/card/detail/130,바우처: 쿠폰서비스 | 적립: 포인트리 적립 | 프리미엄: BeV Ⅴ카드 공통 서비스
2958,BLISS Mileage,IBK기업은행,신용,Mastercard,"국내전용 [99,000]원 / 해외겸용 [100,000]원",500000,"500,000원",대한항공: 무제한 | 대한항공: 무제한 | 바우처: 무제한,"모든가맹점, 쇼핑, 푸드, OTT/영화/문화, 항공마일리지, 공항라운지/PP, 프리미엄, 해외",false,2026-03-01,https://d1c5n4ri2guedi.cloudfront.net/card/2958/card_img/47712/2958card_1.png,https://www.card-gorilla.com/card/detail/2958,대한항공: 기본적립 | 대한항공: 특화적립 | 바우처: (연 1회) 신청 시 6가지 바우처 중 택 1 | 프리미엄 서비스: 국내&middot;외 공항라운지 무료이용 서비스
432,SKYPASS 롯데 아멕스카드,롯데카드,신용,AMEX,"해외겸용 [20,000]원",0,없음,항공마일리지: 무제한 | 항공마일리지: 무제한 | 여행/숙박: 무제한,"무실적, 항공마일리지, 여행/숙박",false,,https://d1c5n4ri2guedi.cloudfront.net/card/432/card_img/30755/432card.png,https://www.card-gorilla.com/card/detail/432,"대한항공: SKYPASS 1,000원당 1마일, 해외결제는 더블마일 적립"
2807,신한카드 The BEST-XO,신한카드,신용,Mastercard,"국내전용 [297,000]원 / 해외겸용 [300,000]원",500000,"500,000원",적립: 1% | 항공마일리지: 500원 | 바우처: 250000원,"모든가맹점, 교통, 카페/디저트, 항공마일리지, 공항라운지/PP",false,2025-01-17,https://d1c5n4ri2guedi.cloudfront.net/card/2807/card_img/45759/2807card.png,https://www.card-gorilla.com/card/detail/2807,"적립: [기본 리워드] 이용금액 1% 적립(마이신한포인트형) / 1,500원 당 1마일 적립(스카이패스형) | 바우처: Gift Option 서비스 (연 1회/ 택 1) | 바우처: Bonus Gift 서비스 | 생활: [Life Experience 서비스] 커피전문점 2천원 할인/택시 이용금액 7% 할인 | 공항라운지: THE LOUNGE 모바일 앱을 통한 전세계 공항 라운지 무료 이용"
655,Daily With(데일리위드)카드,IBK기업은행,신용,"Mastercard, BC, UnionPay","국내전용 [10,000]원 / 해외겸용 [12,000]원",500000,"500,000원",할인: 1% | 할인: 1%,"교통, 주유, 통신, 마트/편의점, 쇼핑, 푸드, 카페/디저트, 병원/약국",false,,https://d1c5n4ri2guedi.cloudfront.net/card/655/card_img/21418/655card.png,https://www.card-gorilla.com/card/detail/655,할인: 기본캐시백 | 푸드: [6대생활영역] 음식점 | 온라인쇼핑: [6대생활영역] 온라인쇼핑 | 마트/편의점: [6대생활영역] 대형마트&middot;편의점 | 통신: [6대 생활영역] 통신비 | 병원: [6대 생활영역] 병원비 | 교통: [6대 생활영역] 교통
651,네이버페이 라인프렌즈 신한카드,신한카드,신용,VISA,"국내전용 [7,000]원 / 해외겸용 [10,000]원",0,없음,네이버페이: 2% | 적립: 0.5%,"모든가맹점, 쇼핑, 무실적, OTT/영화/문화, 간편결제",false,,https://d1c5n4ri2guedi.cloudfront.net/card/651/card_img/21414/651card.png,https://www.card-gorilla.com/card/detail/651,선택형: 카드플레이트 | 네이버페이: 네이버에서 결제 시 2% 적립 | 적립: 네이버 외 결제 시 0.5% 적립
2697,현대카드 MX Black Edition2,현대카드,신용,VISA,"국내전용 [200,000]원 / 해외겸용 [200,000]원",500000,"500,000원",적립: 1% | 공항라운지/PP: 무제한,"교통, 주유, 마트/편의점, 쇼핑, 카페/디저트, 공항라운지/PP, 프리미엄",false,2024-05-17,https://d1c5n4ri2guedi.cloudfront.net/card/2697/card_img/33888/2697card.png,https://www.card-gorilla.com/card/detail/2697,국내외가맹점: [기본혜택] 전월 이용 금액 50만원 이상 시 국내외 가맹점 1% M포인트 적립 | 온라인쇼핑: [추가혜택] 전월 이용 금액 100만원 이상 시 온라인 쇼핑 영역 10% 청구 할인 | 백화점: [추가혜택] 전월 이용 금액 100만원 이상 시 백화점 영역 10% 청구 할인 | 카페: [추가혜택] 전월 이용 금액 100만원 이상 시 커피&middot;베이커리 영역 10% 청구 할인 | 베이커리: [추가혜택] 전월 이용 금액 100만원 이상 시 커피&middot;베이커리 영역 10% 청구 할인 | 편의점: [추가혜택] 전월 이용 금액 100만원 이상 시 편의점 영역 10% 청구 할인 | 주유: [추가혜택] 전월 이용 금액 100만원 이상 시 주유&middot;대중교통 영역 10% 청구 할인 | 대중교통: [추가혜택] 전월 이용 금액 100만원 이상 시 주유&middot;대중교통 영역 10% 청구 할인 | 공항라운지: THE LOUNGE : 공항 라운지 연 5회 무료 이용 | 기타: 공항 및 특급호텔 발레파킹 무료 이용
2824,롯데멤버스 카드 프리미엄,롯데카드,신용,Mastercard,"국내전용 [150,000]원 / 해외겸용 [150,000]원",500000,"500,000원",적립: 0.7% | 적립: 5% | 적립: 500000원,"쇼핑, 프리미엄",false,2024-11-08,https://d1c5n4ri2guedi.cloudfront.net/card/2824/card_img/41106/2824card.png,https://www.card-gorilla.com/card/detail/2824,적립: [기본적립] 국내외 가맹점 0.7% 롯데멤버스 카드 L.POINT 적립 | 적립: [특별적립] 롯데멤버스 브랜드 최대 5% &#39;롯데멤버스 카드 L.POINT&#39; 적립 | 적립: [미리적립] 최대 50만 &#39;롯데멤버스 카드 L.POINT&#39; 미리적립 (선지급 포인트 서비스) | 바우처: SPECIAL GIFT - 롯데상품권카드 5만원 | 프리미엄 서비스: MasterCard Platinum Service
945,신한카드 The CLASSIC-S,신한카드,신용,"VISA, Mastercard","국내전용 [97,000]원 / 해외겸용 [100,000]원",0,없음,모든가맹점: 1% | 모든가맹점: 0.5% | 해외: 2%,"무실적, 공항라운지/PP, 해외",false,,https://d1c5n4ri2guedi.cloudfront.net/card/945/card_img/21598/945card.png,https://www.card-gorilla.com/card/detail/945,"모든가맹점: 일시불&middot;할부 이용금액에 대해 마이신한포인트를 적립해 드립니다. | 해외: Travel 적립 | 적립: Bouns 적립 | 공항라운지: 전 세계 1,000여개 공항 라운지 무료 이용 혜택 제공 | 프리미엄: 국제브랜드사 서비스 공통사항 안내"
2647,현대카드ZERO Edition3(포인트형),현대카드,신용,"VISA, AMEX","국내전용 [15,000]원 / 해외겸용 [15,000]원",0,없음,적립: 1.2%,"모든가맹점, 무실적",false,2024-01-05,https://d1c5n4ri2guedi.cloudfront.net/card/2647/card_img/39626/2646card_3.png,https://www.card-gorilla.com/card/detail/2647,적립: 실적&middot;한도 제한 없이 국내외 가맹점 이용 금액의 1.2% M포인트 적립
658,taptap DRIVE,삼성카드,신용,VISA,"국내전용 [10,000]원 / 해외겸용 [10,000]원",300000,"300,000원",주유소: 150원 | 편의점: 10% | 카페: 10%,"주유, 마트/편의점, 쇼핑, 카페/디저트, 간편결제, 해외",false,2020-07-06,https://d1c5n4ri2guedi.cloudfront.net/card/658/card_img/48139/658card.png,https://www.card-gorilla.com/card/detail/658,주유소: 주유 리터당 60원 ~ 150원 결제일 할인 | 할인: 편의점&middot;커피전문점 10% 결제일할인 | 쇼핑: 온라인 간편결제&middot;온라인쇼핑몰 1% 결제일할인 | 해외: 해외 1.5% 결제일 할인
227,CLUB SK 카드,하나카드,신용,"VISA, Mastercard, AMEX, UnionPay, JCB","국내전용 [6,000]원 / 해외겸용 [25,000]원",400000,"400,000원",SKT: 15000원 | 주유소: 150원 | 할인: 22000원,"교통, 주유, 통신, 마트/편의점, 푸드, 카페/디저트, 교육/육아, 자동차/하이패스, OTT/영화/문화, 해외",false,,https://d1c5n4ri2guedi.cloudfront.net/card/227/card_img/37251/227card.png,https://www.card-gorilla.com/card/detail/227,SKT: SK텔레콤 이동통신 요금 청구할인 | 주유소: SK 주유소/충전소 주유 청구할인 | 생활: 대중교통 3.5~7% 청구할인 | 대형마트: [프리미엄 생활 청구할인] | 학원: [프리미엄 생활 청구할인] 학원 5~10% 청구할인 | 멤버십포인트: SK멤버십 서비스 | 프리미엄 서비스: 브랜드 서비스 제공 | 기타: 면세점 서비스
2753,the Green Edition3,현대카드,신용,VISA,"국내전용 [150,000]원 / 해외겸용 [150,000]원",500000,"500,000원",적립: 1.5% | 적립: 5% | 공항라운지/PP: 무제한,"모든가맹점, 항공마일리지, 공항라운지/PP, 프리미엄, 여행/숙박, 해외",false,2024-08-16,https://d1c5n4ri2guedi.cloudfront.net/card/2753/card_img/36948/2753card_2.png,https://www.card-gorilla.com/card/detail/2753,"적립: [기본 혜택] 국내외 가맹점 1.5% M포인트 적립 | 적립: [추가 혜택] 여행, 해외 영역 5% M포인트 적립 | 적립: [우대 서비스] M 긴급적립(선지급 포인트 서비스) | 공항: [우대 서비스] 공항 라운지 연간 5회 무료 이용&middot;공항 및 특급 호텔 발레파킹 무료 이용 | 프리미엄 서비스: [우대 서비스] 메탈 플레이트 제공"
2460,THE iD. PLATINUM(포인트),삼성카드,신용,Mastercard,"국내전용 [215,000]원 / 해외겸용 [220,000]원",500000,"500,000원",프리미엄: 150000원 | 국내외가맹점: 1% | 모든가맹점: 1.5%,"쇼핑, 카페/디저트, OTT/영화/문화, 공항라운지/PP, 프리미엄, 여행/숙박",false,,https://d1c5n4ri2guedi.cloudfront.net/card/2460/card_img/28298/2460card.png,https://www.card-gorilla.com/card/detail/2460,"바우처: 5가지 기프트 중에서 매년 1가지를 선택 | 적립: 국내 가맹점 1%, 생활 편의 영역 1.2%, 특별 가맹점 1.5% 빅포인트 적립 | 디지털구독: 디지털콘텐츠 50% 할인 | 카페: 스타벅스 3,000원 할인 | 공항라운지: 공항 라운지 서비스(The Lounge) | 선택형: 특수 소재 카드 | 프리미엄 서비스: 국제브랜드 서비스(해외겸용카드 전용)"
2703,JADE Prime,하나카드,신용,VISA,"국내전용 [295,000]원 / 해외겸용 [300,000]원",500000,"500,000원",바우처: 200000원 | 공항라운지: 무제한 | 적립: 1.5%,"모든가맹점, 교통, 주유, 쇼핑, 푸드, OTT/영화/문화, 항공마일리지, 공항라운지/PP, 프리미엄, 여행/숙박, 해외",false,2024-05-31,https://d1c5n4ri2guedi.cloudfront.net/card/2703/card_img/34566/2703_1card.png,https://www.card-gorilla.com/card/detail/2703,"바우처: [PREMIUM VOUCHER] 바우처 4가지 중 1가지를 선택하여 이용 (연 1회) | 바우처: [BONUS VOUCHER] 연 누적 이용금액 2,400만원 이상 시 10만 하나머니 적립 제공 (연 1회) | 공항라운지: [AIRPORT] 전세계 공항 라운지 무료 이용 (본인/가족/동반자 통합 연 6회, 일 3회) | 적립: [기본 적립] 국내 가맹점 1.5%~1.0% 하나머니 적립 제공 | 적립: [특별 적립] 영역별 3% 하나머니 적립 | 주유: [주유/EV충전 적립] 주유(LPG) 리터당 150 하나머니・EV충전 30% 하나머니 적립 제공 | 택시: [택시 50% 적립] 택시 이용금액 50% 하나머니 적립 제공 | 디지털구독: [디지털 컨텐츠 50% 적립] 디지털 컨텐츠 자동납부 시, 50% 하나머니 적립 제공"
16,신한카드 RPM+ Platinum#,신한카드,신용,"VISA, UnionPay","해외겸용 [32,000]원",500000,"500,000원",주유소: 150원 | 충전소: 무제한 | 모든가맹점: 2%,"모든가맹점, 교통, 주유, 마트/편의점, 쇼핑, 자동차/하이패스, 프리미엄",false,,https://d1c5n4ri2guedi.cloudfront.net/card/16/card_img/28929/16card.png,https://www.card-gorilla.com/card/detail/16,"주유: 국내 주유소 리터당 40~150포인트/충전소 리터당 10~50포인트 적립 | 쇼핑: 특별적립 | 마트/편의점: 롯데마트/이마트/홈플러스/토이저러스 1~5% 적립 | 택시: 택시 1~5% 적립 | 정비: 전국 차량 정비소, 타이어 샵 1~5% 적립 | 국내외가맹점: 국내/외 가맹점 0.2~2.0% 적립 | 프리미엄: 1일 무료주차"
2451,HERITAGE Smart [대한항공 마일리지형],KB국민카드,신용,Mastercard,"국내전용 [200,000]원 / 해외겸용 [200,000]원",500000,"500,000원",바우처: 무제한 | 국내외가맹점: 1000원 | 간편결제: 2000원,"모든가맹점, 항공마일리지, 프리미엄, 여행/숙박",false,,https://d1c5n4ri2guedi.cloudfront.net/card/2451/card_img/27738/2451card.png,https://www.card-gorilla.com/card/detail/2451,"바우처: [HERITAGE 전용혜택] 쿠폰서비스 (연 1회 제공, 3가지 중 택1) | 국내외가맹점: 국내 가맹점 1천원 당 대한항공 1마일리지 적립 | 간편결제: KB Pay 2천원당 &#39;대한항공 1마일리지&#39; 적립 | 금융: [HERITAGE Smart 서비스] 금융서비스 | 프리미엄: Mastercard World 서비스 | 프리미엄: [HERITAGE Smart 서비스] 전용고객센터"
2690,K-패스 신한카드,신한카드,신용,Mastercard,"국내전용 [7,000]원 / 해외겸용 [10,000]원",300000,"300,000원",교통: 10% | 간편결제: 5% | 할인: 5%,"교통, 통신, 마트/편의점, 푸드, 카페/디저트, 뷰티/피트니스, 병원/약국, OTT/영화/문화, 간편결제",false,2024-03-27,https://d1c5n4ri2guedi.cloudfront.net/card/2690/card_img/33494/2690card.png,https://www.card-gorilla.com/card/detail/2690,"대중교통: 대중교통(버스, 지하철) 이용 시 10% 결제일 할인 | 간편결제: 간편결제로 결제 시 5% 결제일 할인 | 생활: 생활서비스 5% 결제일 할인"
635,올바른 NEW HAVE카드,NH농협카드,신용,Mastercard,"국내전용 [12,000]원 / 해외겸용 [12,000]원",0,없음,모든가맹점: 0.7% | 적립: 무제한 | 공항라운지: 무제한,"모든가맹점, 교통, 통신, 마트/편의점, 쇼핑, 푸드, 카페/디저트, 뷰티/피트니스, 무실적, OTT/영화/문화, 공항라운지/PP, 해외",false,,https://d1c5n4ri2guedi.cloudfront.net/card/635/card_img/28872/635card.png,https://www.card-gorilla.com/card/detail/635,적립: 국내/외 이용가맹점 0.7% NH포인트 적립 | 적립: 6개 영역 중 당월(1일~말일) 이용금액 1위/2위 영역은 기본적립의 3배/2배 자동적용 | 공항라운지: 국제공항 라운지 무료이용 | 금융: 농협 인터넷&middot;모바일&middot;스마트&middot;텔레뱅킹 이체수수료 통합 월 10회
2728,BC 바로 MACAO 카드,BC 바로카드,신용,"VISA, Mastercard","국내전용 [12,000]원 / 해외겸용 [12,000]원",300000,"300,000원",주유: 10% | 마트/편의점: 10% | 해외: 2%,"주유, 마트/편의점, 쇼핑, 해외",false,2024-07-07,https://d1c5n4ri2guedi.cloudfront.net/card/2728/card_img/36134/2728card.png,https://www.card-gorilla.com/card/detail/2728,"주유: 모든 주유소에서 많이 넣을수록 크게 할인 | 대형마트: 장보기 가맹점에서 많이 담을수록 크게 할인 | 해외: 해외 전 가맹점에서도 전월 실적, 한도 없이 2% 할인 | 프리미엄 서비스: MasterCard Platinum/VISA Platinum 기본 서비스"
2938,현대카드MY BUSINESS M F&B,현대카드,신용,"VISA, AMEX","국내전용 [50,000]원 /  해외겸용 [50,000]원",500000,"500,000원",적립: 5% | 적립: 5% | 적립: 1.5%,"모든가맹점, 마트/편의점, 공과금/렌탈, 간편결제, 해외, 비즈니스",false,2024-07-31,https://d1c5n4ri2guedi.cloudfront.net/card/2938/card_img/46988/2938card.png,https://www.card-gorilla.com/card/detail/2938,적립: 유의사항 | 적립: 대상점 | 적립: 이용 방법
2939,현대카드MY BUSINESS M Retail,현대카드,신용,"VISA, AMEX","국내전용 [50,000]원 /  해외겸용 [50,000]원",500000,"500,000원",적립: 5% | 적립: 5% | 적립: 1.5%,"모든가맹점, 주유, 통신, 공과금/렌탈, 간편결제, 비즈니스",false,2024-07-31,https://d1c5n4ri2guedi.cloudfront.net/card/2939/card_img/46989/2939card.png,https://www.card-gorilla.com/card/detail/2939,적립: 유의사항 | 적립: 대상점 | 적립: 이용 방법
458,네이버페이 taptap,삼성카드,신용,Mastercard,"국내전용 [15,000]원 / 해외겸용 [15,000]원",300000,"300,000원",간편결제: 10% | 카페/디저트: 5% | 모든가맹점: 0.5%,"모든가맹점, 마트/편의점, 쇼핑, 푸드, 카페/디저트, 간편결제",false,,https://d1c5n4ri2guedi.cloudfront.net/card/458/card_img/28058/458card.png,https://www.card-gorilla.com/card/detail/458,"선택형: 라이프스타일 옵션 패키지 | 네이버페이: [일상팩] 네이버페이 온라인 간편결제 시 10% 네이버페이 포인트 적립 | 카페: [일상팩] 커피전문점&middot;편의점&middot;배달앱 5% 네이버페이 포인트 적립 | 네이버페이: [온라인팩] 네이버페이 온라인 간편결제 시 10% 네이버페이 포인트 적립 | 네이버페이: [온라인팩] 네이버페이 온라인 간편결제 시 3,000 네이버페이 포인트 추가적립 | 적립: 국내외 온오프라인 가맹점 기본 0.5% 네이버페이 포인트 적립"
2985,현대카드 ZERO Up(포인트형),현대카드,신용,"VISA, AMEX","국내전용 [30,000]원 / 해외겸용 [30,000]원",0,없음,적립: 1.2% | 적립: 2.4% | 적립: 2.4%,"모든가맹점, 주유, 통신, 마트/편의점, 쇼핑, 무실적, 교육/육아, 간편결제",false,2026-06-16,https://d1c5n4ri2guedi.cloudfront.net/card/2985/card_img/49104/2985card.png,https://www.card-gorilla.com/card/detail/2985,"적립: [기본 혜택] 실적&middot;한도 제한 없이 국내외 가맹점 1.2% M포인트 적립 | 적립: [추가 혜택] 온라인몰, 대형마트, 교육, 주유, 이동통신 요금 10만원 이상 결제 시 2.4% M포인트 적립 | 적립: M 긴급적립(선지급 포인트 서비스) | 프리미엄 서비스: 메탈 플레이트 제공"
657,taptap DIGITAL,삼성카드,신용,Mastercard,"국내전용 [10,000]원 / 해외겸용 [10,000]원",300000,"300,000원",간편결제: 5% | 디지털구독: 50% | 편의점: 10%,"마트/편의점, 뷰티/피트니스, OTT/영화/문화, 간편결제, 해외",false,,https://d1c5n4ri2guedi.cloudfront.net/card/657/card_img/27715/657card.png,https://www.card-gorilla.com/card/detail/657,간편결제: 서비스 안내 | 디지털구독: 서비스안내 | 마트/편의점: 서비스안내 | 해외: 서비스안내
2904,토스뱅크 하나카드 Day,하나카드,신용,Mastercard,"국내전용 [20,000]원 / 해외겸용 [20,000]원",500000,"500,000원",할인: 10% | 할인: 10% | 할인: 10%,"통신, 마트/편의점, 쇼핑, 카페/디저트, 공과금/렌탈, 병원/약국, 교육/육아, 레저/스포츠",false,2025-07-03,https://d1c5n4ri2guedi.cloudfront.net/card/2904/card_img/44666/2904card.png,https://www.card-gorilla.com/card/detail/2904,생활: 병원/의원 업종
2228,LOCA LIKIT,롯데카드,신용,Mastercard,"국내전용 [10,000]원 / 해외겸용 [10,000]원",400000,"400,000원",카페: 60% | 영화: 50% | 통신: 10%,"교통, 통신, 푸드, 카페/디저트, OTT/영화/문화, 간편결제",false,,https://d1c5n4ri2guedi.cloudfront.net/card/2228/card_img/21353/2228card.png,https://www.card-gorilla.com/card/detail/2228,"카페: 스타벅스 50% 결제일 할인 | 영화: 롯데시네마, CGV 50% 결제일 할인 | 대중교통: 시내버스, 지하철 10% 결제일 할인 | 통신: SKT, KT, LG U+ 10% 결제일 할인 | 배달앱: 배달의 민족, 쿠팡이츠 5% 결제일 할인"
2981,KB NEED Global 카드,KB국민카드,신용,Mastercard,"국내전용 [30,000]원 / 해외겸용 [30,000]원",0,없음,해외: 3.5% | 국내가맹점: 0.5%,"모든가맹점, 무실적, 해외",false,2026-04-30,https://d1c5n4ri2guedi.cloudfront.net/card/2981/card_img/48666/2981card.png,https://www.card-gorilla.com/card/detail/2981,해외: 해외 가맹점 3.5% 청구할인 | 국내가맹점: 국내 가맹점 0.5% 청구할인
2633,디지로카 Paris,롯데카드,신용,"VISA, Mastercard, AMEX","국내전용 [20,000]원 / 해외겸용 [20,000]원",500000,"500,000원",모든가맹점: 0.7% | 쇼핑: 5%,"모든가맹점, 쇼핑",false,2023-11-02,https://d1c5n4ri2guedi.cloudfront.net/card/2633/card_img/31798/2633card.png,https://www.card-gorilla.com/card/detail/2633,국내외가맹점: 국내외 가맹점 0.7% 결제일 할인 | 온라인쇼핑: 온라인 쇼핑 최대 5% 결제일 할인
2344,현대백화점카드,현대백화점,신용,,국내전용 [없음],0,없음,쇼핑: 5% | 백화점: 무제한 | 기타: 무제한,"쇼핑, 무실적",false,,https://d1c5n4ri2guedi.cloudfront.net/card/2344/card_img/39670/2344card.png,https://www.card-gorilla.com/card/detail/2344,백화점: 현대백화점 5% 할인 | 백화점: 현대백화점 2시간 무료주차 | 기타: 3개월 무이자 할부
455,롯데 국민행복카드,롯데카드,신용,Mastercard,국내전용 [없음] / 해외겸용 [없음],300000,"300,000원",국민행복: 10% | 생활: 5% | 교육/육아: 10%,"교통, 통신, 마트/편의점, 쇼핑, 푸드, 병원/약국, 교육/육아",false,,https://d1c5n4ri2guedi.cloudfront.net/card/455/card_img/20971/455card.png,https://www.card-gorilla.com/card/detail/455,"국민행복: 국민행복카드란? | 쇼핑: 쇼핑 5% 결제일 할인 | 교육/육아: 키즈 30% 결제일 할인 | 병원/약국: 헬스(병원, 약국, 산후조리원 업종) 5% 결제일 할인 | 교육/육아: 육아/교육(어린이집, 유치원, 학원, 학습지 등) 10% 결제일 할인 | 교통: 교통 10% 결제일 할인 | 통신: 통신 2천원 결제일 할인 | 교육/육아: 롯데그룹사 우대서비스"
2685,WE:SH Travel,KB국민카드,신용,Mastercard,"국내전용 [25,000]원 / 해외겸용 [25,000]원",300000,"300,000원",수수료우대: 1.25% | 해외이용: 100% | 쇼핑: 10%,"교통, 마트/편의점, 쇼핑, 카페/디저트, 공과금/렌탈, OTT/영화/문화, 공항라운지/PP, 해외",false,2024-04-08,https://d1c5n4ri2guedi.cloudfront.net/card/2685/card_img/37137/2685ard_2.png,https://www.card-gorilla.com/card/detail/2685,수수료우대: 해외 이용 수수료 총 1.25% 면제 | 해외이용: 해외 이용 환율우대 100% (USD기준) | 공항라운지: 공항 라운지 무료 | 생활: 자주 쓰는 일상 영역 10% 할인 (KB Pay 결제 시) | 쇼핑: 온라인 항공/면세점 5% 할인 (KB Pay 결제 시) | 보험사: 여행자보험 10% 할인 (KB Pay 결제 시) | 교통: 철도・고속버스 10% 할인
2560,K-패스카드(신용),NH농협카드,신용,VISA,"국내전용 [13,000원] / 해외겸용 [15,000원]",400000,"400,000원",대중교통: 10% | 자동차: 10% | 충전소: 10%,"교통, 통신, 마트/편의점, 쇼핑, 카페/디저트, 뷰티/피트니스, 여행/숙박",false,2023-07-03,https://d1c5n4ri2guedi.cloudfront.net/card/2560/card_img/33459/2560card.png,https://www.card-gorilla.com/card/detail/2560,"교통: 버스/지하철/택시/철도 10% 청구할인 | 통신: 이동통신요금 5% 청구할인(월 1회) | 카페: 커피전문점 10% 청구할인(월 2천원, 2회 한)"
2932,The Aureum(더 아우름)카드,Sh수협은행,신용,Mastercard,"국내전용 [190,000]원 / 국내외겸용 [200,000]원",500000,"500,000원",바우처: 200000원 | 선택형: 5%,"주유, 마트/편의점, 쇼핑, 푸드, 카페/디저트, 병원/약국, 애완동물, 교육/육아, OTT/영화/문화, 항공마일리지, 프리미엄, 여행/숙박, 해외",false,2025-12-15,https://d1c5n4ri2guedi.cloudfront.net/card/2932/card_img/48313/2932card.png,https://www.card-gorilla.com/card/detail/2932,바우처: 바우처 4가지 중 1가지를 선택하여 이용(연 1회) | 선택형: 라이프스타일 패키지(옵션 패키지 중 택1)
15,신한카드 The CLASSIC+,신한카드,신용,AMEX,"해외겸용 [120,000]원",300000,"300,000원",대한항공: 500원 | 아시아나항공: 무제한 | PP: 무제한,"모든가맹점, 주유, 카페/디저트, 항공마일리지, 공항라운지/PP, 프리미엄, 해외",false,,https://d1c5n4ri2guedi.cloudfront.net/card/15/card_img/49008/15card.png,https://www.card-gorilla.com/card/detail/15,"바우처: Gift Option 선택 | 항공마일리지: 항공 마일리지 적립 서비스 | 면세점: 제주 JDC 면세점 8% 결제일 할인 | 공항라운지: 더라운지 | 주유소: GS칼텍스 주유 시 리터당 40원 결제일 할인 | 카페: 스타벅스에서 7,000원 이상 구매 시 3,000원을 할인"
2661,삼성 iD PLUG-IN 카드,삼성카드,신용,Mastercard,"국내전용 [20,000]원 / 해외겸용 [20,000]원",400000,"400,000원",충전소: 40% | 자동차/하이패스: 20% | 자동차/하이패스: 30000원,"주유, 공과금/렌탈, 자동차/하이패스, OTT/영화/문화, 해외",false,2023-02-14,https://d1c5n4ri2guedi.cloudfront.net/card/2661/card_img/32404/2661card.png,https://www.card-gorilla.com/card/detail/2661,"충전소: 전기차 충전요금 20%/40% 결제일 할인 | 자동차: 주차장/대리운전 20% 할인 | 보험사: 현대해상 다이렉트 자동차보험 30,000원 할인 | 디지털구독: 디지털콘텐츠 20% 할인 | 해외: 전월 이용금액에 관계없이, 할인한도 없이 해외 1% 결제일 할인"
2262,LOCA LIKIT Eat,롯데카드,신용,"Mastercard, AMEX","국내전용 [10,000]원 / 해외겸용 [10,000]원",400000,"400,000원",일반음식점: 60% | 배달앱: 60% | 카페: 60%,"푸드, 카페/디저트, OTT/영화/문화",false,,https://d1c5n4ri2guedi.cloudfront.net/card/2262/card_img/20704/2262card.png,https://www.card-gorilla.com/card/detail/2262,"일반음식점: 음식점 60% 결제일 할인 | 배달앱: 배달의 민족, 쿠팡이츠, 요기요 60% 결제일 할인 | 카페: 스타벅스, 투썸플레이스, 할리스커피, 폴바셋 60% 결제일 할인 | 디지털구독: 쿠팡 로켓와우, 네이버플러스 멤버십 60% 결제일 할인"
2823,롯데멤버스 카드,롯데카드,신용,Mastercard,"국내전용 [30,000]원 / 해외겸용 [30,000]원",500000,"500,000원",적립: 0.5% | 적립: 5% | 적립: 200000원,모든가맹점,false,2024-11-08,https://d1c5n4ri2guedi.cloudfront.net/card/2823/card_img/41105/2823card.png,https://www.card-gorilla.com/card/detail/2823,적립: [기본적립] 국내외 가맹점 0.5% 롯데멤버스 카드 L.POINT 적립 | 적립: [특별적립] 롯데멤버스 브랜드 최대 5% &#39;롯데멤버스 카드 L.POINT&#39; 적립 | 적립: [미리적립] 최대 20만 &#39;롯데멤버스 카드 L.POINT&#39; 미리적립 (선지급 포인트 서비스)
2844,현대카드 ZERO Up(할인형),현대카드,신용,"VISA, AMEX","국내전용 [30,000]원 / 해외겸용 [30,000]원",0,없음,할인: 0.8% | 마트/편의점: 1.6%,"모든가맹점, 주유, 통신, 마트/편의점, 쇼핑, 무실적",false,2025-06-10,https://d1c5n4ri2guedi.cloudfront.net/card/2844/card_img/49133/2844card.png,https://www.card-gorilla.com/card/detail/2844,"할인: [기본 혜택] 실적&middot;한도 제한 없이 국내외 가맹점 0.8% 청구 할인 | 할인: [추가 혜택] 온라인몰, 대형마트, 교육, 주유, 이동통신 요금 10만원 이상 결제 시 1.6% 청구 할인 | 할인: X 긴급할인(선지급 포인트 서비스) | 프리미엄 서비스: 메탈 플레이트 제공"
2735,신한카드 Edu Plan+,신한카드,신용,Mastercard,"국내전용 [40,000]원 / 해외겸용 [43,000]원",500000,"500,000원",학원: 10% | 대형마트: 1% | 영화: 7000원,"마트/편의점, 병원/약국, 교육/육아, OTT/영화/문화",false,2024-07-01,https://d1c5n4ri2guedi.cloudfront.net/card/2735/card_img/36457/2735card.png,https://www.card-gorilla.com/card/detail/2735,학원: [학원비] 최대 10% 캐시백 | 생활: [생활비] 1% 캐시백 | 영화: [문화 취미] 메가박스 영화 온라인 예매 7천원 즉시 할인
2855,Haru(Hoshino Resorts),신한카드,신용,JCB,"국내전용 [30,000]원 / 해외겸용 [30,000]원",300000,"300,000원",해외이용: 3.5% | 적립: 1% | 리조트: 30%,"모든가맹점, 여행/숙박, 해외",false,2025-03-13,https://d1c5n4ri2guedi.cloudfront.net/card/2855/card_img/43765/2855card_1.png,https://www.card-gorilla.com/card/detail/2855,해외이용: 해외 이용 적립 서비스 | 해외이용: 일본 이용 추가 적립 서비스 | 적립: 국내 이용 적립 서비스 | 리조트: Hoshino Resort 서비스
2636,LOCA Professional,롯데카드,신용,Mastercard,"국내전용 [300,000]원 / 해외겸용 [300,000]원",0,없음,국내외가맹점: 1% | 캐시백: 1%,"모든가맹점, 무실적, 프리미엄",false,2023-10-11,https://d1c5n4ri2guedi.cloudfront.net/card/2636/card_img/31863/2636card.png,https://www.card-gorilla.com/card/detail/2636,국내외가맹점: 국내외 가맹점 1% 캐시백 | 캐시백: 즉시결제 1% 추가 캐시백 | 기타: &#39;LOCA 나누기&#39; 혜택이란? | 바우처: 롯데상품권카드 5만원 | 프리미엄 서비스: Master World 서비스
2880,현대카드O,현대카드,신용,"VISA, AMEX","국내전용 [15,000]원 / 해외겸용 [15,000]원",400000,"400,000원",주유: 10% | 자동차: 10% | 할인: 5%,"주유, 통신, 공과금/렌탈, 자동차/하이패스, 간편결제",false,2025-07-17,https://d1c5n4ri2guedi.cloudfront.net/card/2880/card_img/44410/2880card_1.png,https://www.card-gorilla.com/card/detail/2880,"할인: 전월 이용 금액 40만원 이상 시 주유소, 충전소, 차량 정비소, 세차장 10% 청구 할인 | 할인: 전월 이용 금액 40만원 이상 시 이동통신 요금, 아파트 관리비, 도시가스 요금 정기결제 5% 청구 할인 | 프리미엄 서비스: 메탈 플레이트 제공"
2386,티머니 Pay & GO 신한카드,신한카드,신용,Mastercard,"국내전용 [15,000]원 / 해외겸용 [18,000]원",300000,"300,000원",대중교통: 30% | 교통: 20% | 통신: 53%,"교통, 통신, 마트/편의점, 쇼핑, 카페/디저트",false,,https://d1c5n4ri2guedi.cloudfront.net/card/2386/card_img/33356/2386card_3.png,https://www.card-gorilla.com/card/detail/2386,"대중교통: K-패스 안내 | 대중교통: 대중교통(버스, 지하철) 30% 결제일 할인 | 교통: 고속/시외 버스, 따릉이, 킥보드, 택시 20% 결제일 할인 | 백화점: 4대 백화점 5% 결제일 할인 | 편의점: 전월 이용금액 별 생활서비스 월간 통합 할인한도 | 통신: 이동통신요금 자동이체 5% 결제일 할인 | 카페: 커피전문점 5% 결제일 할인 | 선택형"
2234,삼성 iD ALL 카드,삼성카드,신용,"VISA, Mastercard","국내전용 [20,000]원 / 해외겸용 [20,000]원",400000,"400,000원",할인: 5% | 생활: 2.5% | 모든가맹점: 0.5%,"모든가맹점, 주유, 통신, 마트/편의점, 쇼핑, 공과금/렌탈",false,,https://d1c5n4ri2guedi.cloudfront.net/card/2234/card_img/27720/2234card.png,https://www.card-gorilla.com/card/detail/2234,"할인: 많이 쓰는 영역 5% 자동 맞춤 할인 | 생활: 주유&middot;이동통신&middot;아파트 관리비 2.5% 결제일할인 | 모든가맹점: 전월 이용금액에 관계없이, 할인한도 없이 국내외 가맹점 0.5% 결제일할인 | 선택형: 모던"
2786,힐튼 아너스 아멕스 프리미엄,롯데카드,신용,AMEX,"국내전용 [497,000]원 / 해외겸용 [500,000]원",0,없음,적립: 500원 | 호텔: 무제한 | 호텔: 무제한,"무실적, 공항라운지/PP, 여행/숙박, 해외",false,2024-05-14,https://d1c5n4ri2guedi.cloudfront.net/card/2786/card_img/38997/2786card.png,https://www.card-gorilla.com/card/detail/2786,"적립: 힐튼 아너스 포인트 적립 (1,500원 당 2~8 힐튼 아너스 포인트 적립) | 호텔: 전세계 힐튼 호텔 주말 무료 숙박권 2매 제공 | 호텔: 힐튼 아너스 골드 등급 제공 | 공항라운지: 전세계 공항라운지 무료 이용 서비스(AMEX 브랜드 카드 발급 시 제공)"
2593,zgm.일본여행중 카드,NH농협카드,신용,JCB,"국내전용 [23,000]원 / 해외겸용 [25,000]원",300000,"300,000원",해외: 무제한 | 해외: 10% | 공항라운지/PP: 무제한,"공항라운지/PP, 여행/숙박, 해외",false,2023-06-21,https://d1c5n4ri2guedi.cloudfront.net/card/2593/card_img/30936/2593card.png,https://www.card-gorilla.com/card/detail/2593,수수료우대: 해외결제 시 해외서비스수수료 면제 | 해외: 일본 오프라인 매장 10% NH포인트 적립 | 온라인 여행사: 익스피디아 이용 시 객실요금 9% 즉시 할인 | 적립: 해외 및 국내 생활업종 NH포인트 적립 | 공항라운지: 국내&middot;외 공항 라운지 무료 이용(The lounge/더 라운지) | 프리미엄 서비스: JCB PLATINUM PREMIUM SERVICES
716,메리어트 본보이™ 더 베스트 신한카드,신한카드,신용,VISA,"국내전용 [264,000]원 / 해외겸용 [267,000]원",0,없음,호텔: 무제한 | 호텔: 1000원 | 멤버십포인트: 무제한,"카페/디저트, 무실적, 항공마일리지, 공항라운지/PP, 프리미엄, 여행/숙박",false,,https://d1c5n4ri2guedi.cloudfront.net/card/716/card_img/22190/716card.png,https://www.card-gorilla.com/card/detail/716,호텔: [전세계 메리어트 참여 호텔 무료숙박권] | 적립: [메리어트 본보이&trade; 포인트 적립] | 적립: 연회비 주기 내 이용 실적에 따른 메리어트 본보이&trade; 보너스 포인트 적립 | 멤버십포인트: [메리어트 본보이 엘리트 멤버십 제공] | 공항라운지: The Lounge Members 모바일 앱을 통한 전세계 공항 라운지 무료 이용 (연 4회)
2794,네이버 현대카드 Edition2,현대카드,신용,VISA,"국내전용 [20,000]원 / 해외겸용 [20,000]원",500000,"500,000원",적립: 7% | 국내외가맹점: 0.7%,"모든가맹점, 쇼핑, 간편결제",false,2024-11-22,https://d1c5n4ri2guedi.cloudfront.net/card/2794/card_img/39286/2794card_1.png,https://www.card-gorilla.com/card/detail/2794,적립: [기본 혜택] 전월 이용 금액 50만원 이상 시 국내외 가맹점 0.7% 네이버페이 포인트 적립 | 국내외가맹점: [추가 혜택] 전월 이용 금액 50만원 이상 시 네이버플러스 멤버십 적립 대상(네이버플러스 멤버십) 최대 7% 네이버페이 포인트 적립
2674,I-Mileage (대한항공),IBK기업은행,신용,"Mastercard, BC","국내전용 [41,000]원 / 해외겸용 [42,000]원",500000,"500,000원",대한항공: 무제한 | 공항라운지/PP: 무제한 | 카페: 4000원,"항공마일리지, 공항라운지/PP",false,2024-03-26,https://d1c5n4ri2guedi.cloudfront.net/card/2674/card_img/32666/2674card_2.png,https://www.card-gorilla.com/card/detail/2674,대한항공: 기본 마일리지 | 공항라운지: 전 세계 공항 라운지 무료 이용 서비스 | 공항: 공항 발레파킹 무료 이용 서비스 | 카페: 스타벅스 할인 서비스 | 프리미엄 서비스: 국제 브랜드 서비스
2609,쿠팡 와우카드,KB국민카드,신용,VISA,"국내전용 [20,000]원 / 해외겸용 [20,000]원",0,없음,적립: 4% | 적립: 2.4% | 고스티: 무제한,"모든가맹점, 무실적",false,2023-07-20,https://d1c5n4ri2guedi.cloudfront.net/card/2609/card_img/47154/2609card.png,https://www.card-gorilla.com/card/detail/2609,"혜택 프로모션: 행사 기간: 2026. 10. 15(목)까지 | 적립: 쿠팡, 쿠팡이츠, 쿠팡플레이 2% 쿠팡캐시 적립 | 적립: - 국내외 가맹점 이용금액 0.2% 쿠팡캐시 적립"
2731,신한카드 Point Plan+,신한카드,신용,VISA,"국내전용 [30,000]원 / 해외겸용 [33,000]원",400000,"400,000원",적립: 3% | 푸드: 1000원 | 디지털구독: 2000원,"푸드, OTT/영화/문화",false,2024-06-20,https://d1c5n4ri2guedi.cloudfront.net/card/2731/card_img/36308/2731card.png,https://www.card-gorilla.com/card/detail/2731,적립: 일상 생활비 적립 서비스 | 적립: 필수 생활비 적립 서비스 | 디지털구독: 여가 생활비 적립 서비스
2820,원더카드 2.0 FREE+,하나카드,신용,"VISA, Mastercard, AMEX","국내전용 [19,900]원 / 해외겸용 [19,900]원",400000,"400,000원",국내외가맹점: 0.8% | 간편결제: 1.2% | 할인: 12000원,"모든가맹점, 교통, 쇼핑, 푸드, 간편결제",false,,https://d1c5n4ri2guedi.cloudfront.net/card/2820/card_img/44248/2820card.png,https://www.card-gorilla.com/card/detail/2820,"국내외가맹점: 국내외 결제 시 0.8% 청구 할인 | 간편결제: 하나페이 결제 1.2% 청구할인 | 쇼핑: 쿠팡&amp;슈퍼마켓 2% 청구할인 | 배달앱: 배달의민족, 요기요, 쿠팡이츠 4% 청구할인 | 온라인쇼핑: 컬리, SSG.COM, 롯데ON, 더현대닷컴 4% 청구할인 | 쇼핑: G마켓, 옥션, 11번가, 인터파크, 위메프, 티몬 4% 청구할인 | 택시: 카카오T, UT, 택시업종 4% 청구할인 | 무이자할부: 국내 5만원 이상 결제건 2~3개월 무이자 할부"
2655,DA카드의정석Ⅱ,우리카드,신용,Mastercard,"국내전용 [12,000]원 / 해외겸용 [12,000]원",300000,"300,000원",모든가맹점: 0.8% | 할인: 1.3% | 공항라운지: 무제한,"모든가맹점, 교통, 마트/편의점, 푸드, 뷰티/피트니스, 병원/약국, 애완동물, 공항라운지/PP, 해외",false,2024-01-23,https://d1c5n4ri2guedi.cloudfront.net/card/2655/card_img/32217/2655card.png,https://www.card-gorilla.com/card/detail/2655,모든가맹점: 기본 Discount - 0.8% 기본 청구할인 | 할인: 추가 Discount - 0.5% 추가 청구할인 (기본 0.8% + 추가 0.5% = 1.3% 청구할인 | 공항라운지: 국내 공항라운지 무료 이용 서비스 (MasterCard 브랜드 발급 시 제공
2942,에너지플러스 현대카드,현대카드,신용,"VISA, AMEX","국내전용 [10,000]원 / 해외겸용 [10,000]원",400000,"400,000원",주유: 무제한 | 할인: 5% | 자동차/하이패스: 5%,"주유, 자동차/하이패스, 간편결제",false,2025-10-01,https://d1c5n4ri2guedi.cloudfront.net/card/2942/card_img/46756/2942card_1.png,https://www.card-gorilla.com/card/detail/2942,주유: [기본 혜택] 전월 이용 금액 40만원 이상 시 GS칼텍스 이용 금액 청구 할인(최저가 보장 혜택) | 할인: [추가 혜택] 전월 이용 금액 40만원 이상 시 주차&middot;세차&middot;정비 업종 5% 청구 할인
2831,알리익스프레스 신한카드,신한카드,신용,Mastercard,"국내전용 [16,000]원 / 해외겸용 [19,000]원",300000,"300,000원",쇼핑: 10% | 할인: 10% | 해외: 1%,"쇼핑, 푸드, 해외",false,2025-01-20,https://d1c5n4ri2guedi.cloudfront.net/card/2831/card_img/40882/2831card.jpg,https://www.card-gorilla.com/card/detail/2831,쇼핑: 알리익스프레스 국내 / 해외 배송상품 10% 결제일 할인 | 할인: 음식점&middot;카페&middot;배달앱 | 해외: 해외 이용 시 1% 마이신한포인트 적립
2346,BC 바로 클리어 플러스,BC 바로카드,신용,"Mastercard, BC","국내전용 [5,000]원 / 해외겸용 [5,000]원",150000,"150,000원",푸드: 7% | 온라인쇼핑: 10% | 통신: 10%,"교통, 통신, 마트/편의점, 쇼핑, 푸드, 뷰티/피트니스, OTT/영화/문화",false,,https://d1c5n4ri2guedi.cloudfront.net/card/2346/card_img/32523/2346card.png,https://www.card-gorilla.com/card/detail/2346,점심: 점심 식사 7% 청구할인 | 배달앱: 배달앱 7% 청구할인 | 대중교통: 대중교통 7% 청구할인 | 편의점: 편의점 10% 청구할인 | 온라인쇼핑: 온라인쇼핑 10% 청구할인 | 드럭스토어: 뷰티 10% 청구할인 | 통신: 통신 10% 청구할인 | 디지털구독: 스트리밍 10% 청구할인 | 무이자할부: 전국 모든 가맹점 2~3개월 상시 무이자할부 | 프리미엄 서비스: MasterCard Platinum/VISA Platinum 기본 서비스
2237,하나 스카이패스 아멕스 플래티늄 카드,하나카드,신용,AMEX,"해외겸용 [45,000]원",500000,"500,000원",항공마일리지: 무제한 | 항공마일리지: 무제한 | 공항라운지/PP: 무제한,"모든가맹점, 항공마일리지, 공항라운지/PP",false,,https://d1c5n4ri2guedi.cloudfront.net/card/2237/card_img/20939/2237card.png,https://www.card-gorilla.com/card/detail/2237,대한항공: 스카이패스 마일리지 적립 | 공항라운지: 인천공항 라운지 이용 시 무료서비스 제공
2263,LOCA LIKIT Play,롯데카드,신용,"Mastercard, AMEX","국내전용 [10,000]원 / 해외겸용 [10,000]원",400000,"400,000원",주유소: 60% | 영화: 60% | 디지털구독: 60%,"주유, OTT/영화/문화",false,,https://d1c5n4ri2guedi.cloudfront.net/card/2263/card_img/20703/2263card.png,https://www.card-gorilla.com/card/detail/2263,"주유소: SK에너지, S-OIL, GS칼텍스, 현대오일뱅크 60% 결제일 할인 | 영화: 롯데시네마, CGV, 메가박스 60% 결제일 할인 | 디지털구독: 넷플릭스, 왓챠, 유튜브, 멜론, 지니 60% 결제일 할인 | 디지털구독: 쿠팡 로켓와우, 네이버플러스 멤버십 60% 결제일 할인"
2235,삼성 iD ON 카드,삼성카드,신용,Mastercard,"국내전용 [20,000]원 / 해외겸용 [20,000]원",300000,"300,000원",할인: 30% | 생활: 10% | 모든가맹점: 3%,"교통, 통신, 푸드, 카페/디저트, OTT/영화/문화, 간편결제, 해외",false,,https://d1c5n4ri2guedi.cloudfront.net/card/2235/card_img/28314/2235card.png,https://www.card-gorilla.com/card/detail/2235,할인: 많이 쓰는 영역 30% 자동 맞춤 할인 | 생활: 교통&middot;이동통신&middot;스트리밍 10% 결제일할인 | 할인: 온라인 간편결제&middot;해외 3% 결제일할인 | 선택형: 뉴블루
769,가온올림카드(실속형),KB국민카드,신용,"VISA, Mastercard, UnionPay","국내전용 [15,000]원 / 해외겸용 [15,000]원 | [20,000]원",300000,"300,000원",모든가맹점: 0.7% | 적립: 0.5% | 생활: 0.5%,"모든가맹점, 교통, 통신, 푸드, 카페/디저트, 레저/스포츠, OTT/영화/문화, 해외",false,,https://d1c5n4ri2guedi.cloudfront.net/card/769/card_img/22243/769card.png,https://www.card-gorilla.com/card/detail/769,"적립: 국내 가맹점 0.7% 포인트리 기본적립 | 적립: 주말/공휴일 국내 가맹점 0.5% 포인트 추가적립 | 푸드: 음식점, 커피 전문점 업종 0.5% 포인트리 추가적립 | 교통: 대중교통 (버스/지하철), 택시 0.5% 포인트리 추가적립 | 통신: 이동통신요금 0.5% 추가적립 | 할인: 해외이용금액 1.7% 할인 캐시백 | 영화: CGV/메가박스 온라인 영화 예매 청구할인 | 테마파크: 롯데월드/에버랜드/캐리비안베이 현장할인"
2688,카드의정석 I&U+,우리카드,신용,Mastercard,"국내전용 [12,000]원 / 해외겸용 [12,000]원",300000,"300,000원",할인: 0.7% | 주유: 100원 | 교통: 10%,"교통, 주유, 카페/디저트",false,2024-02-26,https://d1c5n4ri2guedi.cloudfront.net/card/2688/card_img/33240/2688card.png,https://www.card-gorilla.com/card/detail/2688,할인: [Simple 할인] 국내 가맹점 1.0~0.7% 청구할인 | 주유: [Daily 할인] 주유 리터당 60~100원 청구할인 | 대중교통: [Daily 할인] 대중교통 10% 청구할인 | 카페: [Daily 할인] 커피 10% 청구할인
2778,IBK포인트3.8(신용),IBK기업은행,신용,"VISA, Mastercard","국내전용 [37,000]원 / 해외겸용 [38,000]원",500000,"500,000원",적립: 1.5% | 해외: 5% | 온라인쇼핑: 0.5%,"모든가맹점, 쇼핑, 해외",false,2024-11-06,https://d1c5n4ri2guedi.cloudfront.net/card/2778/card_img/40256/2778card.png,https://www.card-gorilla.com/card/detail/2778,국내외가맹점: [기본 포인트] 국내외 가맹점 이용금액의 1.5% 적립 | 해외: [특별 포인트 I] 해외 가맹점 이용금액의 5% 적립 | 온라인쇼핑: [특별 포인트 II] 온라인 쇼핑 가맹점 이용금액의 0.5% 적립
1909,THE 1 (스카이패스),삼성카드,신용,AMEX,"국내전용 [245,000]원 / 해외겸용 [250,000]원",300000,"300,000원",프리미엄 서비스: 150000원 | 대한항공: 1000원 | 공항: 10000원,"교통, 쇼핑, 카페/디저트, 레저/스포츠, 항공마일리지, 공항라운지/PP, 프리미엄, 여행/숙박, 해외",false,2015-12-30,https://d1c5n4ri2guedi.cloudfront.net/card/1909/card_img/28087/1909card.png,https://www.card-gorilla.com/card/detail/1909,"바우처: 서비스안내 | 대한항공: [기본 리워드] 모든 가맹점 이용금액 1,000원당 스카이패스 1 마일리지 기본 적립 | 택시: 서비스안내 | 카페: 서비스안내 | 공항: 서비스안내 | 프리미엄 서비스: 아멕스 PLATINUM ELITE 등급 서비스"
2706,zgm 할인카드,NH농협카드,신용,"VISA, Mastercard","국내전용 [27,000]원 / 해외겸용 [30,000]원",400000,"400,000원",할인: 2% | 공과금/렌탈: 10% | 디지털구독: 30%,"모든가맹점, 통신, 마트/편의점, 쇼핑, 공과금/렌탈, 애완동물, OTT/영화/문화, 공항라운지/PP, 해외",false,2024-04-23,https://d1c5n4ri2guedi.cloudfront.net/card/2706/card_img/34299/2706card_3.png,https://www.card-gorilla.com/card/detail/2706,"할인: [기본할인] 국내 가맹점 1%, NH페이 및 해외 2% 청구할인 | 생활: [생활할인] 매월 생활비 10%, 디지털 구독 30% 청구할인 | 공항라운지: 국내&middot;외 공항 라운지 무료 이용 (The Lounge / 더 라운지)"
2882,현대카드T,현대카드,신용,VISA,"국내전용 [15,000]원 / 해외겸용 [15,000]원",0,없음,할인: 0.7% | 해외이용: 2% | 수수료우대: 100%,"모든가맹점, 무실적, 간편결제, 해외",false,2025-07-17,https://d1c5n4ri2guedi.cloudfront.net/card/2882/card_img/44416/2882card_1.png,https://www.card-gorilla.com/card/detail/2882,할인: 실적&middot;한도 제한 없이 국내 가맹점 0.7% 청구 할인 | 해외이용: 실적&middot;한도 제한 없이 해외 온&middot;오프라인 가맹점 2% 청구 할인 | 수수료우대: 해외 온&middot;오프라인 가맹점 국제브랜드 수수료 및 해외서비스 수수료 100% 청구 할인 | 프리미엄 서비스: 메탈 플레이트 제공
2662,American Express® Green Card Edition2,현대카드,신용,AMEX,"해외겸용 [150,000]원",500000,"500,000원",바우처: 120000원 | 공항라운지: 무제한 | 적립: 무제한,"쇼핑, 항공마일리지, 공항라운지/PP, 프리미엄, 여행/숙박",false,2023-11-27,https://d1c5n4ri2guedi.cloudfront.net/card/2662/card_img/32405/2662card.png,https://www.card-gorilla.com/card/detail/2662,바우처: 연간 12만원 상당 바우처 제공(연 1회) | 적립: 기본 혜택 | 공항라운지: 전 세계 공항 라운지 연 5회 무료 이용 | 프리미엄 서비스: 공항 및 국내 특급 호텔 무료 발레파킹 서비스 | 프리미엄 서비스: Be My Guest
2980,카드의정석2 SUPER,우리카드,신용,Mastercard,"국내전용 [30,000]원 / 해외겸용 [30,000]원",0,없음,국내외가맹점: 2% | 무이자할부: 무제한 | 수수료우대: 무제한,"모든가맹점, 무실적",false,2026-04-16,https://d1c5n4ri2guedi.cloudfront.net/card/2980/card_img/48676/2980card_1.png,https://www.card-gorilla.com/card/detail/2980,국내외가맹점: 국내외 가맹점 2.0% 청구할인 | 무이자할부: 2~3개월 무이자 할부 서비스 | 수수료우대: 해외수수료 면제 서비스 | 프리미엄 서비스: Mastercard Platinum 서비스
2544,zgm.play카드,NH농협카드,신용,"Mastercard, BC Global","국내전용 [12,000]원 / 해외겸용 [12,000]원",300000,"300,000원",OTT/영화/문화: 5000원 | 카페: 30% | 패스트푸드: 20%,"교통, 통신, 마트/편의점, 쇼핑, 푸드, 카페/디저트, 뷰티/피트니스, 교육/육아, 레저/스포츠, OTT/영화/문화",false,,https://d1c5n4ri2guedi.cloudfront.net/card/2544/card_img/29533/2544card.png,https://www.card-gorilla.com/card/detail/2544,"선택형: 인앱결제 10% 청구할인 | 선택형: 피트니스업종 10% 청구할인 | 영화: CGV, 롯데시네마, 메가박스 5천원 청구할인 | 카페: 스타벅스, 투썸플레이스, 커피빈 30% 청구할인 | 패스트푸드: 패스트푸드업종 20% 청구할인 | 생활: 미용실 5% 청구할인 | 생활: 쿠팡, 티몬 5% 청구할인"
2427,zgm.the pay카드,NH농협카드,신용,Mastercard,"국내전용 [12,000]원 / 해외겸용 [12,000]원",0,없음,모든가맹점: 1% | 해외: 1% | 간편결제: 1.7%,"모든가맹점, 무실적, 간편결제, 해외",false,,https://d1c5n4ri2guedi.cloudfront.net/card/2427/card_img/27201/2427card.png,https://www.card-gorilla.com/card/detail/2427,할인: 국내/해외 가맹점 1.0% 청구 할인 | 간편결제: 온라인 간편결제 최대 1.7% 청구 할인 | 선택형: 디자인 선택 가능
2482,I-ALL,IBK기업은행,신용,"Mastercard, BC","국내전용 [14,000]원 / 해외겸용 [15,000]원",0,없음,모든가맹점: 0.5% | 쇼핑: 1.5% | 디지털구독: 7%,"모든가맹점, 교통, 주유, 통신, 마트/편의점, 쇼핑, 푸드, 카페/디저트, 무실적, 애완동물, OTT/영화/문화",false,,https://d1c5n4ri2guedi.cloudfront.net/card/2482/card_img/28405/2482card.png,https://www.card-gorilla.com/card/detail/2482,모든가맹점: ALL - 국내&middot;외 가맹점 0.5% 할인 | 생활: LIVING - 1%~1.5% 할인 | 디지털구독: MEMBERSHIP - 5%~7% 할인
2709,대한항공카드 060,현대카드,신용,VISA,"국내전용 [60,000]원 / 해외겸용 [60,000]원",500000,"500,000원",항공마일리지: 1000원 | 적립: 무제한 | 항공권: 50000원,"간편결제, 항공마일리지, 프리미엄",false,2024-04-26,https://d1c5n4ri2guedi.cloudfront.net/card/2709/card_img/45294/2709card_1.png,https://www.card-gorilla.com/card/detail/2709,대한항공: 대한항공 마일리지 적립 | 적립: 연간 보너스 1천 마일리지 적립(연 1회) | 항공권: 대한항공 직판 국제선 항공권 5만원 할인 쿠폰 제공(연 1장) | 프리미엄 서비스: Visa Platinum 서비스
2689,카드의정석2 EVERY POINT,우리카드,신용,"VISA, Mastercard","국내전용 [12,000]원 / 해외겸용 [12,000]원",400000,"400,000원",적립: 0.8% | 간편결제: 2%,"모든가맹점, 간편결제",false,2024-02-26,https://d1c5n4ri2guedi.cloudfront.net/card/2689/card_img/33241/2689card.png,https://www.card-gorilla.com/card/detail/2689,적립: [기본 적립] 국내외 가맹점 0.8% 적립 | 간편결제: [추가 적립] 국내 온라인 간편결제 2% 추가 적립
2699,카드의정석 TEN,우리카드,신용,Mastercard,"국내전용 [12,000]원 / 해외겸용 [12,000]원",400000,"400,000원",카페: 10% | 편의점: 10% | 푸드: 1%,"교통, 통신, 푸드, 카페/디저트, 간편결제, 해외",false,2024-05-30,https://d1c5n4ri2guedi.cloudfront.net/card/2699/card_img/34252/2699card.png,https://www.card-gorilla.com/card/detail/2699,할인: [TEN Discount] 5대 일상영역 10% 청구할인 | 할인: [ONE Discount] 음식점/주점 및 온라인 간편결제 1% 청구할인
2846,클래시 트래블카드,NH농협카드,신용,Mastercard,"국내전용 [120,000원] / 해외겸용 [120,000원]",1000000,"1,000,000원",적립: 1.2% | 적립: 4% | 공항라운지/PP: 무제한,"모든가맹점, 공항라운지/PP, 해외",false,2025-05-27,https://d1c5n4ri2guedi.cloudfront.net/card/2846/card_img/42434/2846card_1.png,https://www.card-gorilla.com/card/detail/2846,적립: 국내 가맹점 1.2% NH포인트 적립 | 수수료우대: 해외 서비스 및 국제 브랜드 수수료 면제 | 적립: 해외가맹점 3~4% NH포인트 적립 | 공항라운지/PP: 전 세계 공항라운지 무료 입장(The lounge / 더라운지) | 적립: [보너스 포인트] 연간 이용금액 1천만원 이상 시 NH포인트 적립
2532,신한카드 Globus,신한카드,신용,Mastercard,"국내전용 [22,000]원 / 해외겸용 [25,000]원",0,없음,수수료우대: 1.18% | 기타: 0.7% | 기타: 1.7%,"무실적, 해외",false,,https://d1c5n4ri2guedi.cloudfront.net/card/2532/card_img/29208/2532card.png,https://www.card-gorilla.com/card/detail/2532,수수료우대: 해외 수수료 할인 서비스 | 멤버십포인트: 마이신한포인트 적립 | 프리미엄 서비스: 국내 브랜드사 서비스 공통사항 안내
2428,zgm.streaming카드,NH농협카드,신용,Mastercard,"국내전용 [12,000]원 / 해외겸용 [12,000]원",400000,"400,000원",디지털구독: 7000원 | 디지털구독: 50% | 카페: 50%,"쇼핑, 푸드, 카페/디저트, OTT/영화/문화, 간편결제",false,,https://d1c5n4ri2guedi.cloudfront.net/card/2428/card_img/27226/2428card.png,https://www.card-gorilla.com/card/detail/2428,디지털구독: 멤버십 이용요금 7천원 청구 할인 | 디지털구독: 스트리밍 이용요금 50% 청구 할인 | 카페: 스타벅스 사이렌오더 50% 청구 할인 | 간편결제: 온라인 간편결제 5% 청구 할인
51,삼성카드 taptap O,삼성카드,신용,Mastercard,"국내전용 [10,000]원 / 해외겸용 [10,000]원",300000,"300,000원",카페: 50% | 대중교통: 10% | 영화: 5000원,"교통, 통신, 마트/편의점, 쇼핑, 카페/디저트, 뷰티/피트니스, OTT/영화/문화, 해외",true,,https://d1c5n4ri2guedi.cloudfront.net/card/51/card_img/37691/51card.png,https://www.card-gorilla.com/card/detail/51,선택형: 라이프스타일 패키지(옵션 패키지 중 택1) | 대중교통: 서비스안내 | 통신: 서비스안내 | 영화: 서비스안내 | 해외: 해외 1.3% 적립
2779,IBK포인트(신용),IBK기업은행,신용,"VISA, Mastercard","국내전용 [21,000]원 / 해외겸용 [22,000]원",500000,"500,000원",적립: 3.3%,모든가맹점,false,2024-10-16,https://d1c5n4ri2guedi.cloudfront.net/card/2779/card_img/39564/2779card.png,https://www.card-gorilla.com/card/detail/2779,적립: 국내외 가맹점 적립
2710,대한항공카드 120,현대카드,신용,VISA,"국내전용 [120,000]원 / 해외겸용 [120,000]원",500000,"500,000원",항공마일리지: 6000원 | 적립: 무제한 | 항공권: 50000원,"간편결제, 항공마일리지, 공항라운지/PP, 프리미엄",false,2024-04-26,https://d1c5n4ri2guedi.cloudfront.net/card/2710/card_img/45297/2710card_1.png,https://www.card-gorilla.com/card/detail/2710,대한항공: 대한항공 마일리지 적립 | 적립: 연간 보너스 6천 마일리지 적립(연 1회) | 항공권: 대한항공 직판 국제선 항공권 5만원 할인 쿠폰 제공(연 1장) | 프리미엄: 인천국제공항 및 국내 특급호텔 발레파킹 서비스 무료 이용 | 프리미엄 서비스: 인천국제공항 라운지 이용
2676,삼성 iD GLOBAL 카드,삼성카드,신용,Mastercard,"국내전용 [20,000]원 / 해외겸용 [20,000]원",500000,"500,000원",해외: 2% | 공항라운지: 무제한 | 디지털구독: 50%,"주유, 마트/편의점, 쇼핑, 카페/디저트, OTT/영화/문화, 간편결제, 항공마일리지, 공항라운지/PP, 여행/숙박, 해외",false,2024-01-30,https://d1c5n4ri2guedi.cloudfront.net/card/2676/card_img/32887/2676card_2.png,https://www.card-gorilla.com/card/detail/2676,수수료우대: 해외 수수료 할인 | 해외이용: 해외 2% 할인 | 삼성페이: 삼성페이로 결제 시 해외 오프라인 가맹점 5% 할인 | 공항라운지: 공항 라운지 서비스 (The Lounge) | 디지털구독: 인앱 결제/디지털콘텐츠/멤버십 50% 결제일 할인 | 생활: 일상 필수 영역 1% 할인 | 할인: 국내 가맹점 0.5% 할인
466,신한카드 Air One,신한카드,신용,AMEX,"해외겸용 [49,000]원",500000,"500,000원",대한항공: 무제한 | 공항: 무제한 | 해외이용: 무제한,"항공마일리지, 해외",false,,https://d1c5n4ri2guedi.cloudfront.net/card/466/card_img/37854/466card.png,https://www.card-gorilla.com/card/detail/466,"대한항공: 대한항공 마일리지 적립 서비스 | 프리미엄 서비스: - 서비스 내용은 플래티늄 서비스 안내장, 신한카드 홈페이지(www.shinhancard.com) 및 국제브랜드사 홈페이지(www.americanexpress.co.kr)를 통해 안내되고 있사오니, 이용 전 서비스 세부 내용 및 유의사항을 참조해 주시기 바랍니다."
2376,삼성 iD SIMPLE 카드,삼성카드,신용,"Mastercard, UnionPay","국내전용 [7,000원] / 해외겸용 [7,000원]",0,없음,모든가맹점: 1% | 온라인쇼핑: 50% | 영화: 3000원,"모든가맹점, 쇼핑, 푸드, 무실적, OTT/영화/문화",false,,https://d1c5n4ri2guedi.cloudfront.net/card/2376/card_img/27725/2376card.png,https://www.card-gorilla.com/card/detail/2376,"모든가맹점: 국내외 가맹점 0.7% 결제일 할인 | 모든가맹점: 국내외 가맹점 1% 결제일 할인 | 온라인쇼핑: 온라인쇼핑몰 멤버십 정기결제 시 50% 결제일할인 | 영화: 영화 티켓 건별 10,000원 이상 결제 시 3,000원 결제일할인 | 선택형: 펑키"
2944,the Orange,현대카드,신용,VISA,"국내전용 [200,000]원 / 해외겸용 [200,000]원",500000,"500,000원",국내외가맹점: 1% | 적립: 10% | 바우처: 150000원,"모든가맹점, 통신, 쇼핑, 푸드, 뷰티/피트니스, 병원/약국, OTT/영화/문화, 간편결제, 항공마일리지, 공항라운지/PP, 여행/숙박",false,2026-01-28,https://d1c5n4ri2guedi.cloudfront.net/card/2944/card_img/47603/2944card_1.png,https://www.card-gorilla.com/card/detail/2944,"적립: [기본 혜택] 전월 이용 금액 50만원 이상 시 국내외 가맹점 1% M포인트 적립 | 적립: [추가 혜택] 전월 이용 금액 100만원 이상 시 온라인몰, 다이닝, 웰니스, 테크 영역 10% M포인트 적립 | 바우처: [연간 보너스] 쇼핑, 호텔, 여행 영역에서 사용 또는 M포인트로 교환 가능한 15만원권 바우처 제공(연 1회) | 적립: [우대 서비스] M 긴급적립(선지급 포인트 서비스) | 공항: [우대 서비스] THE LOUNGE : 공항 라운지 무료 이용 | 프리미엄 서비스: 메탈 플레이트 제공"
2902,the OPUS silver,우리카드,신용,Mastercard,"국내전용 [150,000]원 / 해외겸용 [150,000]원",500000,"500,000원",바우처: 130000원 | 적립: 3% | 할인: 10%,"모든가맹점, 쇼핑, 카페/디저트, 뷰티/피트니스, 레저/스포츠, OTT/영화/문화, 항공마일리지, 공항라운지/PP, 프리미엄, 여행/숙박, 해외",false,2025-09-30,https://d1c5n4ri2guedi.cloudfront.net/card/2902/card_img/44665/2902card_1.png,https://www.card-gorilla.com/card/detail/2902,바우처: 최대 13만원 프리미엄 바우처 제공 | 적립: 기본적립 | 적립: 특별적립Ⅰ | 적립: 특별적립Ⅱ | 공항라운지: 국내외 공항라운지 무료 이용(본인+동반 1인까지 제공) | 공항: 인천공항 주차장 3만원 이상 결제 시 1만원 청구할인 | 생활: 해당 가맹점에서 1만원 이상 결제 시 10% 청구할인
2666,신한카드 Point Plan,신한카드,신용,VISA,"국내전용 [20,000]원 / 해외겸용 [23,000]원",0,없음,적립: 3% | 적립: 1000원 | 적립: 1000원,"통신, 푸드, 무실적, 공과금/렌탈",false,2024-01-29,https://d1c5n4ri2guedi.cloudfront.net/card/2666/card_img/32452/2666card.png,https://www.card-gorilla.com/card/detail/2666,적립: 국내 건당 결제금액별 0.5~3% 포인트 적립 | 적립: [필수 생활비 적립 서비스] 주말 외식비 포인트 적립 | 적립: [필수 생활비 적립 서비스] 정기결제 자동납부 포인트 적립
2707,디지로카 Las Vegas,롯데카드,신용,"VISA, Mastercard, AMEX","국내전용 [20,000]원 / 해외겸용 [20,000]원",0,없음,할인: 2% | 무이자할부: 무제한,"모든가맹점, 무실적",false,2024-05-31,https://d1c5n4ri2guedi.cloudfront.net/card/2707/card_img/34645/2707card.png,https://www.card-gorilla.com/card/detail/2707,할인: 디지로카 Las Vegas 국내외 가맹점 결제일 할인 | 무이자할부: 국내 가맹점 2~3개월 무이자 할부
2657,JADE Classic,하나카드,신용,"VISA, Mastercard","국내전용 [115,000]원 / 해외겸용 [120,000]원",500000,"500,000원",바우처: 100000원 | 공항라운지: 무제한 | 적립: 1%,"교통, 주유, 마트/편의점, 쇼핑, 카페/디저트, OTT/영화/문화, 항공마일리지, 공항라운지/PP, 프리미엄, 여행/숙박, 해외",false,2024-02-01,https://d1c5n4ri2guedi.cloudfront.net/card/2657/card_img/32434/2657card.png,https://www.card-gorilla.com/card/detail/2657,"바우처: [PREMIUM VOUCHER] 바우처 5가지 중 1가지를 선택하여 이용 (연 1회) | 공항라운지: [AIRPORT] 전세계 공항 라운지 무료이용 (본인/가족/동반자 통합 연 3회, 일 3회) | 적립: [기본 적립] 국내외 가맹점 1% 하나머니 적립 | 적립: [특별 적립] 영역별 1.5~1.2% 하나머니 적립 제공 | 디지털구독: 디지털 컨텐츠 자동이체 시, 50% 하나머니 적립 제공 | 카페: 커피 이용금액 50% 하나머니 적립 제공 | 택시: 택시 이용금액 50% 하나머니 적립 제공"
2988,트라이플러스 삼성카드,삼성카드,신용,VISA,"국내전용 [15,000]원 / 해외겸용 [15,000]원",400000,"400,000원",할인: 20% | 할인: 20% | 적립: 10%,"통신, 마트/편의점, 쇼핑, 카페/디저트, 뷰티/피트니스, 공과금/렌탈, 교육/육아, 해외",false,2026-03-26,https://d1c5n4ri2guedi.cloudfront.net/card/2988/card_img/48817/2988card_1.png,https://www.card-gorilla.com/card/detail/2988,"할인: 해피오더/F&amp;B 20% 결제일할인 | 할인: hy 정기결제/일반결제 20% 결제일할인 | 적립: 아모레퍼시픽 온라인몰 이용 시 10% 뷰티포인트 적립 | 적립: 해피오더/F&amp;B(서비스)/hy 이용 시 1%, 그 외 국내 가맹점 이용 시 0.1% 뷰티포인트 적립 | 할인: 이번달 이용 영역 개수에 따라 영역 전체 이용금액에 대해 | 할인: 아파트 관리비/통신 정기결제 시 5% 결제일할인 | 할인: 온라인쇼핑몰/할인 | 할인: 학원/학습지/인터넷강의/온라인서점 5% 결제일할인 | 해외: 전월 이용금액에 관계없이, 할인한도 없이 해외 가맹점 1% 결제일할인"
2553,카드의정석 EVERY MILE SKYPASS,우리카드,신용,Mastercard,"국내전용 [39,000]원 / 해외겸용 [39,000]원",0,없음,대한항공: 무제한 | 수수료우대: 0.3% | 공항라운지: 무제한,"무실적, 항공마일리지, 공항라운지/PP",false,2023-07-24,https://d1c5n4ri2guedi.cloudfront.net/card/2553/card_img/44235/2553card.png,https://www.card-gorilla.com/card/detail/2553,대한항공: 이용금액 1천원당 SKYPASS 1마일리지 적립 | 수수료우대: 해외수수료 면제 | 공항라운지: 국내 공항라운지 무료이용
2646,현대카드ZERO Edition3(할인형),현대카드,신용,"VISA, AMEX","국내전용 [15,000]원 / 해외겸용 [15,000]원",0,없음,할인: 0.8%,"모든가맹점, 무실적",false,2024-01-05,https://d1c5n4ri2guedi.cloudfront.net/card/2646/card_img/39624/2646card_3.png,https://www.card-gorilla.com/card/detail/2646,할인: 실적・한도 제한 없이 국내외 가맹점 이용 금액의 0.8% 청구 할인
37,신한카드 The BEST-F,신한카드,신용,VISA,"해외겸용 [202,000]원",300000,"300,000원",할인: 1% | 대한항공: 1500원 | 바우처: 무제한,"모든가맹점, 주유, 마트/편의점, 쇼핑, 카페/디저트, 레저/스포츠, OTT/영화/문화, 항공마일리지, 공항라운지/PP, 프리미엄, 해외",false,,https://d1c5n4ri2guedi.cloudfront.net/card/37/card_img/48330/37card.png,https://www.card-gorilla.com/card/detail/37,바우처: Gift Option Service 안내 | 선택형: [선택1] 캐시백 서비스 (캐시백형 선택 시) | 여행/숙박: JDC 면세점 8% 결제일 할인 | 공항라운지: 더라운지 | 카페: 스타벅스 커피할인 서비스 | 베이커리: 이마트 피자 무료 제공 서비스 | 쇼핑: 주요 백화점 할인점 아울렛 할인 | 생활: SK주유소 리터당 60원 결제일 할인
2559,K-패스 (신용),IBK기업은행,신용,Mastercard,"국내전용 [2,000]원 / 해외겸용 [4,000]원",200000,"200,000원",대중교통: 300원 | 주유소: 무제한 | 통신: 3%,"교통, 주유, 통신, 푸드, 레저/스포츠, OTT/영화/문화",false,2023-07-03,https://d1c5n4ri2guedi.cloudfront.net/card/2559/card_img/45648/2559card.png,https://www.card-gorilla.com/card/detail/2559,대중교통: [교통특화 서비스] 대중교통 최대 300원 할인 | 교통: [교통특화 서비스] 일반교통 5% 할인 | 주유소: [생활 서비스] 주유 리터당 40원 할인 | 통신: [생활 서비스] 통신 3% 할인 | 패밀리레스토랑: [생활 서비스] 외식 10% 할인 | 영화: [생활 서비스] 영화 2천원 할인 | 무이자할부: [생활 서비스] 무이자 할부 2~3개월 | 테마파크: [생활 서비스] 놀이공원 본인 무료입장 또는 자유이용권 최대 50% 할인 | 수수료우대: [특별우대 서비스] 환전 우대 환율 50% 우대 | 보험사: [특별우대 서비스] 보험 1천만원 대중교통 상해보험 무료가입
2712,대한항공카드 the First Edition2,현대카드,신용,VISA,"국내전용 [800,000]원 / 해외겸용 [800,000]원",500000,"500,000원",항공마일리지: 30000원 | 적립: 무제한 | 항공권: 200000원,"간편결제, 항공마일리지, 공항라운지/PP, 프리미엄",false,2024-04-26,https://d1c5n4ri2guedi.cloudfront.net/card/2712/card_img/45304/2712card_1.png,https://www.card-gorilla.com/card/detail/2712,대한항공: 대한항공 마일리지 적립 | 적립: 연간 보너스 3만 마일리지 적립(연 1회) | 항공권: 대한항공 직판 국제선 항공권 5만원 할인 쿠폰 제공(연 4장) | 프리미엄: 메탈 플레이트 제공 | 프리미엄 서비스: Visa Infinite 서비스
2719,카드의정석2 EVERY DISCOUNT,우리카드,신용,Mastercard,"국내전용 [12,000]원 / 해외겸용 [12,000]원",0,없음,모든가맹점: 0.8% | 간편결제: 2%,"모든가맹점, 무실적, 간편결제",false,2024-07-08,https://d1c5n4ri2guedi.cloudfront.net/card/2719/card_img/46400/2719card.png,https://www.card-gorilla.com/card/detail/2719,국내외가맹점: [기본 할인] 국내외 가맹점 0.8% 청구할인 | 간편결제: [추가 할인] 국내 온라인 간편결제 2% 추가 청구할인
2950,신한카드 Simple Plan+,신한카드,신용,Mastercard,"국내전용 [47,000]원 / 해외겸용 [50,000]원",0,없음,할인: 1.5% | 해외: 2% | 캐시백: 30000원,"모든가맹점, 무실적, 해외",false,2026-02-04,https://d1c5n4ri2guedi.cloudfront.net/card/2950/card_img/47445/2950card_1.png,https://www.card-gorilla.com/card/detail/2950,할인: 국내 이용금액 1.5% 결제일 할인 | 무이자할부: 국내 5만원 이상 결제 건 2~3개월 무이자 할부 | 캐시백: 가족카드 분기 실적 150만원 이상 시 1만원 캐시백(분기당 1회) | 캐시백: 마트/병원/주유 3만원 이상 결제 시 3만원 캐시백(최초 1회)
2261,LOCA LIKIT 1.2,롯데카드,신용,"Mastercard, AMEX","국내전용 [10,000]원 / 해외겸용 [10,000]원",0,없음,국내외가맹점: 1.2% | 온라인쇼핑: 1.5%,"모든가맹점, 쇼핑, 무실적, 해외",false,,https://d1c5n4ri2guedi.cloudfront.net/card/2261/card_img/21011/2261card.png,https://www.card-gorilla.com/card/detail/2261,국내외가맹점: 국내외 1.2% 결제일 할인 | 온라인쇼핑: 온라인 1.5% 결제일 할인
2632,디지로카 London,롯데카드,신용,"Mastercard, AMEX","국내전용 [20,000]원 / 해외겸용 [20,000]원",0,없음,모든가맹점: 0.7% | 캐시백: 1% | 무이자할부: 무제한,"모든가맹점, 무실적",false,2023-10-27,https://d1c5n4ri2guedi.cloudfront.net/card/2632/card_img/41192/2632card.png,https://www.card-gorilla.com/card/detail/2632,국내외가맹점: 국내외 가맹점 0.7% 캐시백 | 캐시백: 즉시 결제 1% 추가 캐시백 | 무이자할부: LOCA 나누기 혜택
2711,대한항공카드 300,현대카드,신용,VISA,"국내전용 [300,000]원 / 해외겸용 [300,000]원",500000,"500,000원",항공마일리지: 10000원 | 적립: 무제한 | 항공권: 100000원,"간편결제, 항공마일리지, 공항라운지/PP, 프리미엄",false,2024-04-26,https://d1c5n4ri2guedi.cloudfront.net/card/2711/card_img/45301/2711card_1.png,https://www.card-gorilla.com/card/detail/2711,대한항공: 대한항공 마일리지 적립 | 적립: 연간 보너스 1만 마일리지 적립(연 1회) | 항공권: 대한항공 직판 국제선 항공권 5만원 할인 쿠폰 제공(연 2장) | 프리미엄: 메탈 플레이트 제공 | 프리미엄 서비스: Visa Signature 서비스
39,신한카드 Deep Oil,신한카드,신용,Mastercard,"해외겸용 [10,000]원",300000,"300,000원",주유: 10% | 자동차/하이패스: 10% | 생활: 5%,"교통, 주유, 마트/편의점, 카페/디저트, 자동차/하이패스, OTT/영화/문화",false,,https://d1c5n4ri2guedi.cloudfront.net/card/39/card_img/31864/39card.png,https://www.card-gorilla.com/card/detail/39,"주유: 4개의 정유사 (GS칼텍스, SK에너지, S-OIL, 에이치디현대오일뱅크) 중 직접 고른 1개 정유사 주유 이용금액 10% 결제일 할인 | 자동차/하이패스: [정비소] SpeedMate | 편의점: [편의점] | 카페: [커피] | 택시: [택시] | 영화: 영화서비스 유의 사항"
2970,KB YOU Wish 카드,KB국민카드,신용,"Mastercard, AMEX","국내전용 [15,000]원 / 해외겸용 [15,000]원",400000,"400,000원",간편결제: 10% | 할인: 30% | 선택형: 30%,"모든가맹점, 교통, 통신, 마트/편의점, 푸드, 카페/디저트, 뷰티/피트니스, 교육/육아, OTT/영화/문화",false,,https://d1c5n4ri2guedi.cloudfront.net/card/2970/card_img/48200/2970card_1.png,https://www.card-gorilla.com/card/detail/2970,"간편결제: KB Pay 10% 청구할인 | 할인: 음식점, 편의점 10% 청구할인 | 통신: 이동통신요금 10% 청구할인 | 디지털구독: OTT 30% 청구할인 | 선택형: [배달] 배달/커피 5% 청구할인 | 선택형: [일상] 택시/커피 5%, 영화관 30% 청구할인 | 선택형: [관리] 미용실, 스포츠, 온라인서점, 올리브영 5% 청구할인 | 기타: Happy Birth Month | 기타: 전월실적 채워드림"
2692,현대카드 Summit,현대카드,신용,VISA,"국내전용 [200,000]원 / 해외겸용 [200,000]원",500000,"500,000원",국내외가맹점: 1.5% | 적립: 5% | 바우처: 150000원,"모든가맹점, 쇼핑, 병원/약국, 교육/육아, 레저/스포츠, 항공마일리지, 공항라운지/PP, 프리미엄, 여행/숙박",false,2024-04-25,https://d1c5n4ri2guedi.cloudfront.net/card/2692/card_img/33549/2692card.png,https://www.card-gorilla.com/card/detail/2692,"적립: [기본 혜택] 국내외 가맹점 1.5% M포인트 적립 | 교육/육아: [추가 혜택] 교육 영역 5% M포인트 적립 | 병원/약국: [추가 혜택] 병원 영역 5% M포인트 적립 | 여행/숙박: [추가 혜택] 여행 영역 5% M포인트 적립 | 골프: [추가 혜택] 골프 영역 5% M포인트 적립 | 바우처: 쇼핑, 호텔, 여행 영역에서 사용 또는 M포인트로 교환 가능한 15만원권 바우처 제공(연 1회) | 기타: - 대상점 | 공항라운지: 라운지 및 발레파킹 서비스 공통 유의사항"
2915,THE iD. 1st,삼성카드,신용,Mastercard,"국내전용 [150,000]원 / 해외겸용 [150,000]원",500000,"500,000원",프리미엄: 150000원 | 적립: 3% | 공항라운지: 무제한,"모든가맹점, 마트/편의점, 쇼핑, 푸드, 카페/디저트, 병원/약국, 레저/스포츠, OTT/영화/문화, 항공마일리지, 공항라운지/PP, 프리미엄, 여행/숙박, 해외",false,2025-09-18,https://d1c5n4ri2guedi.cloudfront.net/card/2915/card_img/45262/2915card_1.png,https://www.card-gorilla.com/card/detail/2915,프리미엄: 프리미엄 영역 연간 최대 15만원 할인 기프트 | 적립: 국내외 가맹점 1~3% 빅포인트 적립 | 공항라운지: 공항 라운지 서비스 (The Lounge) | 프리미엄 서비스: 국제브랜드 서비스 (해외겸용카드 전용)
2898,우리카드 MILE&POINT,우리카드,신용,Mastercard,"국내전용 [75,000]원 / 해외겸용 [75,000]원",500000,"500,000원",대한항공: 500원 | 대한항공: 500원 | 기타: 무제한,"모든가맹점, 항공마일리지, 공항라운지/PP, 해외",false,2025-09-16,https://d1c5n4ri2guedi.cloudfront.net/card/2898/card_img/44541/2898card.png,https://www.card-gorilla.com/card/detail/2898,"대한항공: 국내 가맹점 이용금액 1,500원당 1마일리지 적립 | 기타: 항공 마일리지와 포인트 동시 적립 | 공항라운지: 국내외 1,000여개 공항라운지 무료 이용 | 기타: 인천공항 주차장 5만원 이상 결제 시 1만원 청구할인 | 기타: 인천공항 무료 발레파킹 서비스 (주차비 별도)"
2330,LOCA 365 카드,롯데카드,신용,"VISA, Mastercard, AMEX","국내전용 [20,000]원 / 해외겸용 [20,000]원",500000,"500,000원",공과금/렌탈: 10% | 생활: 10% | 디지털구독: 1500원,"교통, 통신, 푸드, 공과금/렌탈, 교육/육아, OTT/영화/문화",false,,https://d1c5n4ri2guedi.cloudfront.net/card/2330/card_img/24131/2330card.png,https://www.card-gorilla.com/card/detail/2330,"공과금: 아파트관리비 10% 할인 | 공과금: 공과금(도시가스비, 전기료) 10% 할인 | 대중교통: 대중교통 10% 할인 | 통신: SKT, KT, LG U+ 10% 할인 | 배달앱: 배달의 민족, 요기요, 쿠팡이츠 10% 할인 | 보험사: 생명보험, 손해보험 10% 할인 | 학습지: 학습지 10% 할인 | 디지털구독: 넷플릭스, 유튜브, 왓챠, 멜론, 지니뮤직, 디즈니 플러스 1,500원 할인 | 무이자할부: 국내 가맹점 2~3개월 무이자 할부"
666,올바른 FLEX 카드,NH농협카드,신용,VISA,"국내전용 [10,000]원 / 해외겸용 [12,000]원",300000,"300,000원",카페: 50% | 디지털구독: 20% | 영화: 30%,"교통, 통신, 마트/편의점, 쇼핑, 푸드, 카페/디저트, OTT/영화/문화, 공항라운지/PP",false,,https://d1c5n4ri2guedi.cloudfront.net/card/666/card_img/47865/666card.png,https://www.card-gorilla.com/card/detail/666,카페: [커피] | 생활: [스트리밍/배달앱] | 영화: [영화] | 기타: [대중교통/통신요금] | 쇼핑: [온라인쇼핑/편의점] | 간편결제: [간편결제] | 공항라운지: [국제공항 라운지]
2759,신한카드 처음(ANNIVERSE),신한카드,신용,Mastercard,"국내전용 [15,000]원 / 해외겸용 [18,000]원",300000,"300,000원",적립: 5% | 통신: 20% | 적립: 10000원,"교통, 통신, 마트/편의점, 쇼핑, 푸드, 카페/디저트, 뷰티/피트니스, OTT/영화/문화, 해외",false,2024-04-02,https://d1c5n4ri2guedi.cloudfront.net/card/2759/card_img/37240/2759card.png,https://www.card-gorilla.com/card/detail/2759,"적립: [오늘도 5% 적립 서비스] 음식점&middot;카페&middot;편의점&middot;온라인쇼핑 5% 마이신한포인트 적립 | 생활: [일상 속 5% 적립 서비스] 생활&middot;여행&middot;패션 5% 마이신한포인트적립 | 디지털구독: [정기결제 최대 20% 적립 서비스] 통신 10% , OTT 15%, 멤버십 20% 마이신한포인트 적립 | 적립: 소비관리 보너스 적립 서비스 소개 | 적립: 소비관리 보너스 적립 서비스 소개"
2930,KB YOU Prime 카드,KB국민카드,신용,"Mastercard, JCB","국내전용 [30,000]원 / 해외겸용 [30,000]원",400000,"400,000원",선택형: 10% | 선택형: 10% | 수수료우대: 무제한,"주유, 통신, 마트/편의점, 쇼핑, 푸드, 카페/디저트, 뷰티/피트니스, 공과금/렌탈, 병원/약국, 교육/육아, 레저/스포츠, 프리미엄",false,2025-11-28,https://d1c5n4ri2guedi.cloudfront.net/card/2930/card_img/46558/2930card_1.png,https://www.card-gorilla.com/card/detail/2930,선택형: 할인 서비스(일상팩/가족팩 중 택1) | 선택형: 할인 서비스(일상팩/가족팩 중 택1) | 수수료우대: 해외 이용 수수료 면제 | 기타: 전월실적 채워드림 | 프리미엄: 국제브랜드 서비스
2851,우리카드 7CORE,우리카드,신용,Mastercard,"해외겸용 [50,000]원",500000,"500,000원",마트/편의점: 10% | 푸드: 10% | 할인: 10%,"주유, 마트/편의점, 쇼핑, 푸드, 카페/디저트, 병원/약국, 애완동물, 교육/육아, 해외",false,2025-06-24,https://d1c5n4ri2guedi.cloudfront.net/card/2851/card_img/43400/2851.png,https://www.card-gorilla.com/card/detail/2851,할인: 7대 생활영역 10% 청구할인
2835,신한카드 Discount Plan+,신한카드,신용,Mastercard,"국내전용 [50,000]원 / 해외겸용 [50,000]원",400000,"400,000원",카페/디저트: 10% | 쇼핑: 10% | 할인: 20%,"교통, 주유, 마트/편의점, 쇼핑, 푸드, 카페/디저트, 뷰티/피트니스, 공과금/렌탈, 병원/약국, 교육/육아, 자동차/하이패스, 레저/스포츠, OTT/영화/문화, 해외",false,2025-03-24,https://d1c5n4ri2guedi.cloudfront.net/card/2835/card_img/41600/2835card.png,https://www.card-gorilla.com/card/detail/2835,"할인: Time Plan 서비스 | 쇼핑: [Daily Plan 서비스] 쇼핑 10% 결제일 할인 | 교통: [Daily Plan 서비스] 이동 5% 결제일 할인 | 생활: [Daily Plan 서비스] 생활 5% 결제일 할인 | 할인: [Plan Day 서비스] 매월 1일 Time Plan, Daily Plan 서비스 2배 할인 | 할인: [Monthly Plan 서비스] 정기결제(공과금/디지털구독&middot;멤버십/피트니스) 최대 20% 할인 | 영화: [Monthly Plan 서비스] 영화 예매 5천원 결제일 할인 | 캐시백: [Annual Plan 서비스] 장보기 3만원 캐시백 (연 1회) | 할인: [Annual Plan 서비스] 스피드메이트 정비 현장 할인&middot;테마파크 할인"
2961,트래블로그+(플러스) 신용카드,하나카드,신용,Mastercard,"국내전용 [20,000]원 / 해외겸용 [20,000]원",0,없음,국내외가맹점: 1% | 해외: 3% | 여행/숙박: 3%,"모든가맹점, 무실적, 간편결제, 항공마일리지, 여행/숙박, 해외",false,2026-02-13,https://d1c5n4ri2guedi.cloudfront.net/card/2961/card_img/47942/2961card.png,https://www.card-gorilla.com/card/detail/2961,적립: [신용 결제 혜택] 하나머니 적립 서비스: 지난달 실적과 관계없이 서비스 제공 | 수수료우대: 외화 하나머니 결제 안내 및 혜택
2975,LOCA LIKIT 1.5,롯데카드,신용,"Mastercard, AMEX","국내전용 [10,000]원 / 해외겸용 [10,000]원",0,없음,국내가맹점: 0.8% | 해외: 1.5%,"모든가맹점, 무실적, 해외",false,2026-04-07,https://d1c5n4ri2guedi.cloudfront.net/card/2975/card_img/48266/2975card.png,https://www.card-gorilla.com/card/detail/2975,국내가맹점: 국내 가맹점 0.8% 결제일 할인 | 해외: 해외 가맹점 1.5% 결제일 할인 | 무이자할부: 국내 가맹점 2~3개월 무이자 할부
2964,KB NEED Pay 카드,KB국민카드,신용,Mastercard,"국내전용 [19,000]원 / 해외겸용 [19,000]원",400000,"400,000원",간편결제: 15% | 할인: 5% | 할인: 30%,"쇼핑, 푸드, OTT/영화/문화, 간편결제, 해외",false,2026-02-27,https://d1c5n4ri2guedi.cloudfront.net/card/2964/card_img/48106/2964card_1.png,https://www.card-gorilla.com/card/detail/2964,간편결제: 자주 쓰는 간편결제 15%/10% 할인 | 온라인쇼핑: 온라인패션몰 5% 할인 | 디지털구독: 디지털콘텐츠/멤버십 30% 할인 | 해외: 해외 온&middot;오프라인 가맹점 이용 시 2% 할인 | 기타: 전월실적 채워드림
2663,American Express® Gold Card Edition2,현대카드,신용,AMEX,"해외겸용 [300,000]원",500000,"500,000원",바우처: 250000원 | 공항라운지: 무제한 | 적립: 무제한,"쇼핑, 항공마일리지, 공항라운지/PP, 프리미엄, 여행/숙박, 해외",false,2023-11-27,https://d1c5n4ri2guedi.cloudfront.net/card/2663/card_img/32407/2663card.png,https://www.card-gorilla.com/card/detail/2663,바우처: 연간 25만원 상당 바우처 제공(연 1회) | 적립: 기본 혜택 | 공항라운지: 전 세계 공항 라운지 연 10회 무료 이용 | 프리미엄 서비스: 공항 및 국내 특급 호텔 무료 발레파킹 서비스 | 프리미엄 서비스: Be My Guest | 프리미엄 서비스: The Hotel Collection | 프리미엄 서비스: 우대 서비스
2886,삼성 iD SELECT ON 카드,삼성카드,신용,Mastercard,"국내전용 [20,000]원 / 해외겸용 [20,000]원",300000,"300,000원",선택형: 10% | 생활: 5% | 디지털구독: 50%,"교통, 쇼핑, 푸드, 카페/디저트, OTT/영화/문화, 간편결제, 해외",false,2025-07-02,https://d1c5n4ri2guedi.cloudfront.net/card/2886/card_img/44215/2886card_1.png,https://www.card-gorilla.com/card/detail/2886,선택형: 선택 옵션에 따른 할인 혜택 제공 (택 1) | 일반음식점: 금/토/일엔 외식 2배 할인 | 쇼핑: 금/토/일엔 쇼핑 2배 할인 | 간편결제: 온라인 간편결제 1% 할인 | 생활: 생활 편의 영역 5% 할인 | 디지털구독: 인앱 결제/디지털콘텐츠 50% 할인 | 해외: 해외 2% 할인
2687,카드의정석 SHOPPING+,우리카드,신용,"VISA, Mastercard, UnionPay","국내전용 [10,000]원 / 해외겸용 [12,000]원",300000,"300,000원",온라인쇼핑: 10% | 쇼핑: 10%,"마트/편의점, 쇼핑, 뷰티/피트니스, 간편결제",false,2023-09-04,https://d1c5n4ri2guedi.cloudfront.net/card/2687/card_img/33239/2687card.png,https://www.card-gorilla.com/card/detail/2687,"온라인쇼핑: [쇼핑 할인의 정석] 온라인 쇼핑 10% 청구할인 | 쇼핑: [쇼핑 할인의 정석] 오프라인 쇼핑 10% 청구할인 | 간편결제: [추가 할인의 정석] 온라인 업종 4대 PAY 결제 시 5% 추가할인 | 주유: [생활밀착 할인의 정석] 4대 주유소 주말 주유시 리터당 60원 청구할인 | 카페: [생활밀착 할인의 정석] 스타벅스, 폴바셋 10% 청구할인"
2669,현대카드 M,현대카드,신용,"VISA, AMEX","국내전용 [30,000]원 / 해외겸용 [30,000]원",500000,"500,000원",적립: 1.5% | 적립: 5% | 해외: 5%,"쇼핑, 푸드, 해외",false,2024-01-19,https://d1c5n4ri2guedi.cloudfront.net/card/2669/card_img/49134/2669card_1.png,https://www.card-gorilla.com/card/detail/2669,적립: 유의사항 | 적립: 대상점 | 적립: 이용 방법
2987,LOCA LIKIT 2.0,롯데카드,신용,"Mastercard, AMEX","국내전용 [20,000]원 / 해외겸용 [20,000]원",0,없음,국내가맹점: 1.2% | 해외: 2% | 무이자할부: 무제한,"모든가맹점, 무실적, 해외",false,2026-04-07,https://d1c5n4ri2guedi.cloudfront.net/card/2987/card_img/48809/2987card.png,https://www.card-gorilla.com/card/detail/2987,국내가맹점: 국내 가맹점 1.2% 결제일 할인 | 해외: 해외 가맹점 2.0% 결제일 할인 | 무이자할부: 국내 가맹점 2~3개월 무이자 할부
2441,KB국민 My WE:SH 카드,KB국민카드,신용,"Mastercard, AMEX","국내전용 [15,000]원 / 해외겸용 [15,000]원",400000,"400,000원",간편결제: 10% | 푸드: 10% | 선택형: 무제한,"교통, 통신, 마트/편의점, 푸드, 카페/디저트, 뷰티/피트니스, 교육/육아, 레저/스포츠, OTT/영화/문화",false,,https://d1c5n4ri2guedi.cloudfront.net/card/2441/card_img/37123/2441card_3.png,https://www.card-gorilla.com/card/detail/2441,"간편결제: KB Pay 10% 할인 | 푸드: 음식점, 편의점 10% 할인 | 통신: 이동통신요금 10% 할인 | 디지털구독: OTT 30% 할인 | 선택형: 먹는데 진심-배달/커피 5% 할인 | 선택형: 노는데 진심-택시/커피 5%, 영화관 30% 할인 | 선택형: 관리에 진심-미용실, 스포츠, 온라인서점, 올리브영 5% 할인 | 기타: WE:SH 서비스 | 선택형: * Eco형 카드디자인은 폐플라스틱을 재활용하고, 소각 폐기시 유해물질이 발생하지 않는 친환경 자재를 사용하였습니다."
2848,카드의정석2,우리카드,신용,Mastercard,"국내전용 [22,000]원 / 해외겸용 [22,000]원",500000,"500,000원",모든가맹점: 1.2% | 할인: 15000원,모든가맹점,false,2025-05-16,https://d1c5n4ri2guedi.cloudfront.net/card/2848/card_img/48533/2848card_2.png,https://www.card-gorilla.com/card/detail/2848,"국내외가맹점: 국내외 가맹점 1.2% 청구할인 | 할인: 분기별 이용 실적에 따라 최대 15,000원 청구할인"
49,삼성카드 & MILEAGE PLATINUM (스카이패스),삼성카드,신용,AMEX,"국내전용 [47,000]원 / 해외겸용 [49,000]원",0,없음,대한항공: 무제한 | 카페: 무제한 | 공항라운지: 무제한,"모든가맹점, 교통, 주유, 마트/편의점, 쇼핑, 카페/디저트, 무실적, 항공마일리지, 공항라운지/PP, 프리미엄, 해외",false,,https://d1c5n4ri2guedi.cloudfront.net/card/49/card_img/42288/49card.png,https://www.card-gorilla.com/card/detail/49,"대한항공: 1,000원당 스카이패스 1 마일리지 적립 | 백화점: 백화점 이용금액 스카이패스 마일리지 특별적립 서비스 | 주유소: 주유 이용금액 스카이패스 마일리지 특별적립 서비스 | 카페: 커피 이용금액 스카이패스 마일리지 특별적립 서비스 | 편의점: 편의점 이용금액 스카이패스 마일리지 특별적립 서비스 | 택시: 택시 이용금액 스카이패스 마일리지 특별적립 서비스 | 해외: 해외 가맹점 및 해외 직접구매 이용금액 스카이패스 마일리지 특별적립 서비스 | 공항라운지: 아멕스 공항 라운지 서비스 | 공항: 아멕스 공항 발렛파킹 서비스 | 공항: 아멕스 공항 커피 서비스 | 프리미엄 서비스: 아멕스 PLATINUM 등급 서비스 | 선택형: 베이직"
106,굿데이카드,KB국민카드,신용,"VISA, Mastercard, AMEX, UnionPay, JCB","국내전용 [5,000]원 / 해외겸용 [10,000]원",300000,"300,000원",주유: 무제한 | 통신: 10% | 카페/디저트: 10%,"교통, 주유, 통신, 마트/편의점, 푸드, 카페/디저트, 뷰티/피트니스, 병원/약국, 교육/육아",false,,https://d1c5n4ri2guedi.cloudfront.net/card/106/card_img/20264/106card.png,https://www.card-gorilla.com/card/detail/106,"주유: 주유소/, 충전소 업종 리터당 60원 청구할인 | 통신: 전화요금, 인터넷이용료, 케이블TV 업종 10% 청구할인 | 교통: 버스, 지하철, 택시 업종 10% 청구할인 (기본할인 : 교통을 선택했을 경우) | 생활: 음식점, 커피전문점, 편의점, 약국 업종 10% 추가 청구할인 | 학원: 학원, 피트니스센터 업종 10% 추가 청구할인"
13,신한카드 Mr.Life,신한카드,신용,VISA,"해외겸용 [15,000]원",300000,"300,000원",공과금: 10% | 마트/편의점: 10% | 푸드: 10%,"교통, 주유, 통신, 마트/편의점, 쇼핑, 푸드, 공과금/렌탈, 병원/약국",true,2015-09-03,https://d1c5n4ri2guedi.cloudfront.net/card/13/card_img/28201/13card.png,https://www.card-gorilla.com/card/detail/13,공과금: 월납요금(공과금) 10% 할인서비스 | 편의점: TIME 할인서비스 10% 할인 | 병원/약국: TIME 할인서비스 10% 할인 | 생활: TIME 할인서비스 10% 할인 | 온라인쇼핑: 오후 9시 ~ 오전 9시까지 Night 할인서비스 10% 할인 | 택시: 오후 9시 ~ 오전 9시까지 Night 할인서비스 10% 할인 | 푸드: 오후 9시 ~ 오전 9시까지 Night 할인서비스 10% 할인 | 대형마트: 주말할인서비스 | 주유소: 주말할인서비스 | 온라인쇼핑: 건강한 라이프스타일 푸드 인테이크몰(www.shopintake.com) 결제 시 20% 할인
2885,삼성 iD SELECT ALL 카드,삼성카드,신용,Mastercard,"국내전용 [20,000]원 / 해외겸용 [20,000]원",400000,"400,000원",선택형: 무제한 | 생활: 5% | 디지털구독: 50%,"모든가맹점, 주유, 통신, 마트/편의점, 쇼핑, 푸드, 공과금/렌탈, 병원/약국, 애완동물, 교육/육아, OTT/영화/문화, 해외",false,2025-07-02,https://d1c5n4ri2guedi.cloudfront.net/card/2885/card_img/44212/2885card_1.png,https://www.card-gorilla.com/card/detail/2885,선택형: 선택 옵션에 따른 할인 혜택 제공 (택 1) | 할인: 국내 가맹점 0.7% 할인 | 할인: 아파트 관리비/통신 10% 할인 | 할인: 교육 10% 할인 | 선택형: 선택 옵션에 따른 할인 혜택 제공 (택 1) | 할인: 온라인쇼핑/의료/배달앱 7% 할인 | 할인: 음식점/편의점/할인점/주유 7% 할인 | 생활: 생활 편의 영역 5% 할인 | 디지털구독: 디지털콘텐츠/멤버십 50% 할인 | 해외: 해외 2% 할인
2891,신한카드 Hey Young 체크(잔망루피),신한카드,체크,VISA,국내전용 [없음] / 해외겸용 [없음],200000,"200,000원",생활: 5000원 | 간편결제: 5000원 | 해외: 1.2%,"교통, 통신, 마트/편의점, 쇼핑, 푸드, 카페/디저트, OTT/영화/문화, 간편결제, 해외",false,,https://d1c5n4ri2guedi.cloudfront.net/card/2891/card_img/44186/2891card.png,https://www.card-gorilla.com/card/detail/2891,대중교통: 대중교통 이용금액 5% 캐시백 | 통신: 이동통신요금 자동납부 시 2천원 캐시백 | 영화: CGV 영화 예매 5천원 캐시백 | 편의점: 편의점 1천원 캐시백 | 카페: 카페 1천원 캐시백 | 패스트푸드: 패스트푸드 1천원 캐시백 | 배달앱: 배달앱 1천원 캐시백 | 생활: 생활 가맹점 1천원 캐시백 | 디지털구독: OTT 1천원 캐시백 | 온라인쇼핑: 온라인 쇼핑 1천원 캐시백 | 간편결제: 간편결제(Pay)로 국내 이용 시 1% 캐시백 | 해외: 해외 전 가맹점(온라인포함) 1.2% 캐시백
2601,더나은 체크카드,MG새마을금고,체크,VISA,해외겸용 [없음],300000,"300,000원",간편결제: 20% | 온라인쇼핑: 20% | 카페: 20%,"쇼핑, 카페/디저트, 간편결제, 해외",false,,https://d1c5n4ri2guedi.cloudfront.net/card/2601/card_img/31113/2601card.png,https://www.card-gorilla.com/card/detail/2601,"간편결제: 네이버페이, 카카오페이, 페이코 결제 시 이용금액의 20% 할인 캐시백 | 온라인쇼핑: 쿠팡, 무신사, 지그재그, W컨셉, 에이블리 결제 시 이용금액의 20% 할인 캐시백 | 카페: 스타벅스, 투썸플레이스, 커피빈, 메가커피, 빽다방, 컴포즈커피 결제 시 이용금액의 20% 할인 캐시백 | 해외이용: 해외 서비스수수료, 현금인출수수료, 예금잔액조회수수료 면제"
1360,삼성포인트체크카드,삼성카드,체크,VISA,국내전용 [없음] / 해외겸용 [없음],300000,"300,000원",모든가맹점: 0.5% | 주유: 무제한 | 레저/스포츠: 무제한,"주유, 레저/스포츠",false,,https://d1c5n4ri2guedi.cloudfront.net/card/1360/card_img/20796/1360card.png,https://www.card-gorilla.com/card/detail/1360,모든가맹점: 모든 제휴점 0.5% 빅포인트 적립 | 주유: S-OIL 주유소 주유 시 리터당 40 보너스포인트 적립 | 경기관람: 2021년 프로스포츠 제휴 구단 정규시즌 홈 경기 할인 프로모션
1169,교보문고 롯데체크카드,롯데카드,체크,,국내전용 [없음],0,없음,테마파크: 50% | 경기관람: 20% | 헤어: 20%,"주유, 마트/편의점, 쇼핑, 푸드, 뷰티/피트니스, 무실적, 교육/육아, 레저/스포츠, 항공마일리지, 여행/숙박",false,,https://d1c5n4ri2guedi.cloudfront.net/card/1169/card_img/21139/1169card.jpg,https://www.card-gorilla.com/card/detail/1169,"도서: 혜택 | 푸드: 혜택 | 헤어: 박준뷰티랩 | 테마파크: 롯데월드 종합이용권 50% 할인 | 경기관람: 대상 | 쇼핑: 롯데백화점 5%할인 e-쿠폰 | 여행/숙박: 문의&middot;예약 | 푸드: 보네스뻬/보네스뻬브레드 10% 할인 | 주유소: 혜택 | 멤버십포인트: L.POINT 적립 | 기타: 평생 연회비가 면제되며, 카드 이용 안내 정보를 등록한 휴대폰으로 실시간 전송해 드리는 SMS 서비스는 무료 입니다."
1186,포켓몬을 사랑하는 고객용 하나멤버스 1Q 체크카드,하나카드,체크,Mastercard,국내전용 [없음] / 해외겸용 [없음],200000,"200,000원",생활: 5% | 기타: 무제한,"교통, 마트/편의점, 카페/디저트",false,,https://d1c5n4ri2guedi.cloudfront.net/card/1186/card_img/21122/1186card.png,https://www.card-gorilla.com/card/detail/1186,생활: 일상 생활 속에서 하나머니 적립(월 최대 5천 하나머니) | 기타: 플레이트 선택 가능
739,나라사랑체크카드,KB국민카드,체크,,국내전용 [없음],100000,"100,000원",기타: 20% | 대중교통: 20% | 영화: 35%,"교통, 통신, 쇼핑, 푸드, 카페/디저트, 공과금/렌탈, 레저/스포츠, OTT/영화/문화",false,,https://d1c5n4ri2guedi.cloudfront.net/card/739/card_img/22213/739card.png,https://www.card-gorilla.com/card/detail/739,"기타: 군마트(P.X) 및 GS25 해군마트 환급할인 | 쇼핑: GS리테일 팝서비스 | 대중교통: 대중교통(전국 버스/지하철) 20% 청구할인 | OTT/영화/문화: CGV 35% 환급할인 | 교육/육아: 교보문고 5% 환급할인 | 통신: 이동통신 자동납부 건당 금액이 5만원 이상 시 2,500원 환급할인(월 1회) | 쇼핑: GS홈쇼핑, CJ홈쇼핑, G마켓, 옥션 5% 환급할인"
760,Young Youth 체크카드,KB국민카드,체크,Mastercard,국내전용 [없음] / 해외겸용 [없음],50000,"50,000원",화장품: 5% | 패스트푸드: 5% | 온라인쇼핑: 5%,"교통, 마트/편의점, 쇼핑, 푸드, 뷰티/피트니스, 교육/육아, OTT/영화/문화",false,,https://d1c5n4ri2guedi.cloudfront.net/card/760/card_img/22234/760card.png,https://www.card-gorilla.com/card/detail/760,"편의점: GS25 5% 환급할인 | 화장품: 올리브영 5% 환급할인 | 패스트푸드: 패스트푸드 업종 5% 환급할인 | 도서: 서점업종 5% 환급할인 | 소셜커머스: 소셜커머스 5% 환급할인 (쿠팡, 티몬, 위메프) | 영화: CGV 5% 환급할인 | 교통: 티머니 서비스 소개"
762,NU 오하쳌(오늘하루체크),우리카드,체크,"Mastercard, BC",국내전용 [없음] / 해외겸용 [없음],200000,"200,000원",온라인쇼핑: 5% | 간편결제: 5% | 배달앱: 5%,"교통, 통신, 쇼핑, 푸드, 카페/디저트, OTT/영화/문화, 간편결제, 해외",false,,https://d1c5n4ri2guedi.cloudfront.net/card/762/card_img/26507/762card.png,https://www.card-gorilla.com/card/detail/762,온라인쇼핑: [SHOPPING] 온라인 쇼핑 5% 캐시백 | 간편결제: [SHOPPING] | 생활: [SHOPPING] | 카페: [EAT] 커피 5% 캐시백 | 배달앱: [EAT] | 대중교통: [LIFE] 대중교통(버스/지하철) 5% 캐시백 | 통신: [LIFE] | 해외: [LIFE] | 기타: [PLAY] OTT 5% 캐시백
344,아이행복 체크카드,KB국민카드,체크,Mastercard,해외겸용 [없음],100000,"100,000원",쇼핑: 5% | 병원/약국: 5%,"쇼핑, 병원/약국, 교육/육아",false,,https://d1c5n4ri2guedi.cloudfront.net/card/344/card_img/20589/344card.png,https://www.card-gorilla.com/card/detail/344,아이행복: 아이행복카드란? | 온라인쇼핑: 인터넷쇼핑몰 5% 환급할인 서비스 | 약국: 약국 업종 5% 환급할인 서비스
326,해피포인트 우리체크카드,우리카드,체크,BC,국내전용 [없음],200000,"200,000원",멤버십포인트: 5% | 멤버십포인트: 20% | 마트/편의점: 5%,"마트/편의점, 쇼핑, 푸드",false,,https://d1c5n4ri2guedi.cloudfront.net/card/326/card_img/20571/326card.png,https://www.card-gorilla.com/card/detail/326,해피포인트: 해피포인트 가맹점 5% 적립(해피포인트 현장 적립) | 마트/편의점: 5대 할인점 5% 청구 할인 서비스 | 기타: 후불 교통카드 서비스
329,갤러리아 체크카드,우리카드,체크,"VISA, UnionPay",해외겸용 [없음],300000,"300,000원",백화점: 5% | 모든가맹점: 1.5% | 해외이용: 1%,"교통, 통신, 마트/편의점, 쇼핑, 카페/디저트, 레저/스포츠, OTT/영화/문화, 해외",false,,https://d1c5n4ri2guedi.cloudfront.net/card/329/card_img/20573/329card.png,https://www.card-gorilla.com/card/detail/329,백화점: 갤러리아 백화점 / Mall 5% 현장(즉시)할인 | 모든가맹점: 모아포인트 적립 | 해외이용: 해외 가맹점(해외직구 포함) 1% 캐시백 할인 | 테마파크: 주요 놀이공원 50% 현장할인
330,카드의정석 CREAM TEENS CHECK,우리카드,체크,BC,국내전용 [없음],100000,"100,000원",마트/편의점: 1000원 | 교육/육아: 1000원 | 푸드: 1000원,"교통, 마트/편의점, 푸드, 카페/디저트, 뷰티/피트니스, 교육/육아, OTT/영화/문화",false,,https://d1c5n4ri2guedi.cloudfront.net/card/330/card_img/20574/330card.png,https://www.card-gorilla.com/card/detail/330,마트/편의점: 편의점/올리브영 캐시백 | 도서: 서점 캐시백 | 패스트푸드: 베이커리/패스트푸드 캐시백 | 교통: 티머니 충전 캐시백 | CJ ONE: 멀티 멤버십 서비스 | 기타: 월 캐시백 한도
331,New 현대백화점 체크카드,우리카드,체크,"BC, BC Global, Mastercard",해외겸용 [없음],200000,"200,000원",백화점: 5% | 아울렛: 5% | 진에어: 5%,"주유, 쇼핑, 푸드, 카페/디저트, 교육/육아, 레저/스포츠, OTT/영화/문화, 항공마일리지",false,,https://d1c5n4ri2guedi.cloudfront.net/card/331/card_img/20575/331card.png,https://www.card-gorilla.com/card/detail/331,"백화점: 현대백화점 5% 현장할인 | 진에어: 진에어 5% 캐시백 할인 | 카페: 스타벅스, 커피빈 20% 캐시백 할인 | 패밀리레스토랑: 아웃백스테이크하우스, TGIF, VIPS, 우노 10% 캐시백 할인 | 영화: CGV, 메가박스, 롯데시네마 캐시백 할인 | 도서: 인터넷교보문고, 인터넷영풍문고, Yes24 3,000원 캐시백 할인 | 주유소: S-OIL 주유소 캐시백 할인 | 테마파크: 놀이공원 무료입장 및 자유이용권 현장할인 | 기타: TOEIC 응시료 3,000원 캐시백 할인"
317,카드의정석 POINT CHECK,우리카드,체크,"VISA, BC, Mastercard",국내전용 [없음] / 해외겸용 [없음],300000,"300,000원",모든가맹점: 0.3% | 간편결제: 1.5% | 레저/스포츠: 50%,"교통, 주유, 통신, 마트/편의점, 쇼핑, 카페/디저트, 레저/스포츠, OTT/영화/문화, 해외",false,,https://d1c5n4ri2guedi.cloudfront.net/card/317/card_img/20563/317card.png,https://www.card-gorilla.com/card/detail/317,모든가맹점: 모아포인트 0.3 ~ 1.5% 적립 | 테마파크: 롯데아쿠아리움 및 주요 놀이공원 50% 현장할인
318,위메프 우리체크,우리카드,체크,"BC, Mastercard, UnionPay","국내전용 [3,000]원 / 해외겸용 [5,000]원",200000,"200,000원",쇼핑: 5% | 카페/디저트: 30% | 마트/편의점: 5%,"마트/편의점, 쇼핑, 카페/디저트",false,,https://d1c5n4ri2guedi.cloudfront.net/card/318/card_img/20564/318card.png,https://www.card-gorilla.com/card/detail/318,소셜커머스: 위메프 포인트 적립서비스 | 카페: 스타벅스(사이렌오더 포함) 30% / 편의점 업종 5% 캐시백할인 서비스
322,우리 아이행복체크카드,우리카드,체크,"Mastercard, UnionPay",해외겸용 [없음],300000,"300,000원",병원/약국: 5% | 카페/디저트: 20% | 교통: 5%,"교통, 푸드, 카페/디저트, 병원/약국, 교육/육아, 레저/스포츠",false,,https://d1c5n4ri2guedi.cloudfront.net/card/322/card_img/20567/322card.png,https://www.card-gorilla.com/card/detail/322,"병원/약국: 병의원, 약국 할인 | 대중교통: 대중교통 할인 | 패밀리레스토랑: 패밀리레스토랑 할인 | 카페: 커피전문점 할인 | 테마파크: 놀이공원 할인 | 멤버십포인트: 그린카드 멤버십 혜택"
323,우리국민행복체크카드,우리카드,체크,BC,국내전용 [없음],300000,"300,000원",병원/약국: 무제한 | 교육/육아: 무제한 | 모든가맹점: 무제한,"모든가맹점, 교통, 통신, 쇼핑, 푸드, 카페/디저트, 교육/육아, 레저/스포츠",false,,https://d1c5n4ri2guedi.cloudfront.net/card/323/card_img/20568/323card.png,https://www.card-gorilla.com/card/detail/323,국민행복: 국민행복카드란? | 병원/약국: One Card Multi Service (택1) | 학원: One Card Multi Service (택1) | 멤버십포인트: One Card Multi Service (택1) | 기타: 공통서비스
324,우리 YG 체크카드,우리카드,체크,UnionPay,해외겸용 [없음],300000,"300,000원",공연/전시: 10% | 카페: 20% | 패밀리레스토랑: 10%,"쇼핑, 푸드, 카페/디저트, 교육/육아, 레저/스포츠, OTT/영화/문화",false,,https://d1c5n4ri2guedi.cloudfront.net/card/324/card_img/20569/324card.png,https://www.card-gorilla.com/card/detail/324,"공연/전시: YG 공연티켓, 온라인몰 할인 | 기타: YG 엔터테인먼트 운영 쇼핑몰 할인 | 생활: 토익 응시료 할인"
333,Liiv Mate 체크카드,KB국민카드,체크,,국내전용 [없음],300000,"300,000원",모든가맹점: 0.2% | 카페: 0.8% | OTT/영화/문화: 0.8%,"모든가맹점, 교통, 통신, 마트/편의점, 쇼핑, 카페/디저트, OTT/영화/문화",false,,https://d1c5n4ri2guedi.cloudfront.net/card/333/card_img/20577/333card.png,https://www.card-gorilla.com/card/detail/333,"모든가맹점: 국내 전 가맹점 0.2% 포인트리 기본적립 | 카페/디저트: 커피/제과아이스크림 업종 0.8% 포인트리 추가적립 | 영화: 영화관 업종 0.8% 포인트리 추가적립 | 통신: 이동통신요금(SKT, KT, LG U+) 자동이체 시 0.8% 포인트리 추가적립 | 대중교통: 대중교통(버스, 지하철) 0.3% 포인트리 추가적립 | 소셜커머스: 소셜커머스(티몬, 쿠팡, 위메프) 0.3% 포인트리 추가적립 | 편의점: GS25 편의점 0.3% 포인트리 추가적립"
334,아시아나 체크카드,KB국민카드,체크,Mastercard,국내전용 [없음] / 해외겸용 [없음],300000,"300,000원",항공마일리지: 500원 | 쇼핑: 5% | 카페/디저트: 5%,"쇼핑, 카페/디저트, 항공마일리지",false,,https://d1c5n4ri2guedi.cloudfront.net/card/334/card_img/20578/334card.png,https://www.card-gorilla.com/card/detail/334,"아시아나항공: 아시아나 마일리지 전가맹점 2,500원당 1마일 적립 | 소셜커머스: 쿠팡/티몬/위메프 5% 환급할인"
312,카드의정석 COOKIE CHECK,우리카드,체크,"Mastercard, BC",국내전용 [없음] / 해외겸용 [없음],200000,"200,000원",공항라운지/PP: 무제한 | 해외: 1% | OTT/영화/문화: 5000원,"교통, 마트/편의점, 쇼핑, 카페/디저트, 뷰티/피트니스, OTT/영화/문화, 간편결제, 공항라운지/PP, 해외",false,,https://d1c5n4ri2guedi.cloudfront.net/card/312/card_img/20557/312card.png,https://www.card-gorilla.com/card/detail/312,"공항라운지/PP: 전세계 1,000여개 공항라운지 무료 입장 서비스 | 해외이용: 해외가맹점(해외직구 포함) 이용금액의 1~2% 캐시백 | 생활: 11번가, G마켓, 쿠팡 2천원 캐시백 | 간편결제: 네이버페이, 카카오페이, PAYCO 1천원 추가 캐시백 | CJ ONE: 멀티 멤버십 서비스"
313,LoL CHAMPIONS KOREA 우리체크카드,우리카드,체크,"BC, Mastercard",국내전용[없음] / 해외겸용 [없음],250000,"250,000원",해외이용: 2% | 생활: 20% | 공항라운지: 무제한,"교통, 통신, 마트/편의점, 쇼핑, 푸드, 카페/디저트, 뷰티/피트니스, 교육/육아, OTT/영화/문화, 공항라운지/PP, 해외",false,,https://d1c5n4ri2guedi.cloudfront.net/card/313/card_img/20558/313card.png,https://www.card-gorilla.com/card/detail/313,"수수료우대: 해외이용수수료 면제 | 해외이용: 해외가맹점(해외직구 포함) 이용금액 캐시백 | 공항라운지: 인천 공항라운지 무료이용 서비스 | 생활: G마켓, 옥션 10% 할인"
688,카드의정석 POINT CHECK x 핑크퐁,우리카드,체크,"VISA, BC, Mastercard",국내전용 [없음] / 해외겸용 [없음],300000,"300,000원",모든가맹점: 0.3% | 간편결제: 1.5% | 레저/스포츠: 50%,"교통, 주유, 통신, 마트/편의점, 쇼핑, 카페/디저트, 레저/스포츠, OTT/영화/문화, 해외",false,,https://d1c5n4ri2guedi.cloudfront.net/card/688/card_img/22161/688card.png,https://www.card-gorilla.com/card/detail/688,모든가맹점: 모아포인트 0.3 ~ 1.5% 적립 | 테마파크: 롯데아쿠아리움 및 주요 놀이공원 50% 현장할인
689,해외에선 체크카드,KB국민카드,체크,Mastercard,국내전용 [없음] / 해외겸용 [없음],300000,"300,000원",여행/숙박: 5% | 배달앱: 5% | 해외이용: 1.25%,"마트/편의점, 쇼핑, 푸드, 카페/디저트, 항공마일리지, 여행/숙박, 해외",false,,https://d1c5n4ri2guedi.cloudfront.net/card/689/card_img/22162/689card.png,https://www.card-gorilla.com/card/detail/689,"여행/숙박: 면세점, 항공사, 관광여행사 업종 5% 환급할인 | 배달앱: 마켓컬리, 배달의민족, 데일리호텔 5% 환급할인 | 카페: 스타벅스 5% 환급할인 | 편의점: GS25 편의점 5% 환급할인 | 소셜커머스: 쿠팡, 위메프, 티몬 5% 환급할인 | 해외: 해외 물품구매 및 ATM 예금인출 수수료 캐시백"
584,우리 K-패스 (COOKIE CHECK),우리카드,체크,Mastercard,국내전용 [없음] / 해외겸용 [없음],200000,"200,000원",대중교통: 3000원 | 해외: 2% | 쇼핑: 2000원,"교통, 마트/편의점, 쇼핑, 카페/디저트, 뷰티/피트니스, OTT/영화/문화, 간편결제, 공항라운지/PP, 해외",false,,https://d1c5n4ri2guedi.cloudfront.net/card/584/card_img/33529/584card.png,https://www.card-gorilla.com/card/detail/584,대중교통: K-패스 사업 지역 안내 | 해외: 해외이용수수료 면제 | 캐시백: 기본 서비스
588,네이버페이 우리카드 체크,우리카드,체크,"Mastercard, BC","국내전용 [5,000]원 / 해외겸용 [5,000]원",0,없음,네이버페이: 1% | 공항라운지: 무제한 | 수수료우대: 무제한,"모든가맹점, 무실적, 간편결제, 공항라운지/PP",false,,https://d1c5n4ri2guedi.cloudfront.net/card/588/card_img/21345/588card.png,https://www.card-gorilla.com/card/detail/588,네이버페이: 네이버페이 포인트 적립 | 공항라운지: 국내외 공항라운지 무료 이용 서비스 | 수수료우대: 해외이용수수료 면제 | 프리미엄 서비스: MasterCard Platinum 서비스 제공
457,썸타는 우리 체크,우리카드,체크,"BC, Mastercard",국내전용 [없음] / 해외겸용 [없음],250000,"250,000원",해외이용: 2% | 온라인쇼핑: 20% | 공항라운지: 무제한,"교통, 통신, 마트/편의점, 쇼핑, 푸드, 카페/디저트, 뷰티/피트니스, 교육/육아, OTT/영화/문화, 공항라운지/PP, 해외",false,,https://d1c5n4ri2guedi.cloudfront.net/card/457/card_img/20978/457card.png,https://www.card-gorilla.com/card/detail/457,"수수료우대: 해외이용수수료 면제 | 해외이용: 해외가맹점(해외직구 포함) 이용금액 캐시백 | 공항라운지: 인천 공항라운지 무료이용 서비스 | 생활: G마켓, 옥션 10% 할인"
486,CJ ONE 우리카드 체크,우리카드,체크,"BC, Mastercard",국내전용 [없음] / 해외겸용 [없음],200000,"200,000원",쇼핑: 3000원 | 영화: 3000원 | 공항라운지: 무제한,"교통, 카페/디저트, 뷰티/피트니스, OTT/영화/문화, 공항라운지/PP",false,,https://d1c5n4ri2guedi.cloudfront.net/card/486/card_img/21176/486card.png,https://www.card-gorilla.com/card/detail/486,"쇼핑: 올리브영 3천원 캐시백 | 영화: CGV 3천원 캐시백 | 베이커리: 뚜레쥬르 3천원 캐시백 | 대중교통: 버스, 지하철 3천원 캐시백 | 공항라운지: 인천공항 라운지 무료이용 서비스"
576,young利한(영리한) 체크카드,우체국,체크,UnionPay,해외겸용 [없음],200000,"200,000원",패스트푸드: 10% | 카페: 10% | 편의점: 5%,"교통, 통신, 마트/편의점, 푸드, 카페/디저트, 뷰티/피트니스, 교육/육아, OTT/영화/문화",false,,https://d1c5n4ri2guedi.cloudfront.net/card/576/card_img/21313/576card.png,https://www.card-gorilla.com/card/detail/576,"푸드: 죠스떡볶이 &middot; 롯데리아 &middot; 맥도날드 &middot; 버거킹 10% 캐시백 | 화장품: 더페이스샵 &middot; 미샤 &middot; 이니스프리 5% 캐시백 | 학원: YBM시사 &middot; 파고다 10% 캐시백 | 도서: 교보문고 &middot; YES24 5% 캐시백 | 통신: 통신요금 월 최대 3,000원 캐시백 | 기차: 코레일5% 캐시백 | 편의점: GS25 5% 캐시백 | 카페: 스타벅스 &middot; 카페베네 &middot; 엔제리너스 10% 캐시백 | 영화: CGV &middot; 메가박스 &middot; 롯데시네마 10% 캐시백 | 기타: 우편서비스"
656,카드의 정석 SSO3 NEW-TRO CHECK,우리카드,체크,"BC, Mastercard",국내전용 [없음] / 해외겸용 [없음],300000,"300,000원",저녁: 5% | 대형마트: 5% | 교통: 5%,"교통, 마트/편의점, 푸드, 카페/디저트, 뷰티/피트니스, 해외",false,,https://d1c5n4ri2guedi.cloudfront.net/card/656/card_img/21419/656card.png,https://www.card-gorilla.com/card/detail/656,"직장인: 저녁 5시 ~ 11시 모든 음식점(주점 포함), 노래방 5% 캐시백 | 교통: 택시 5% 캐시백 | 쇼핑: 이마트, 롯데마트, 홈플러스 5% 캐시백 | 해외: 해외가맹점(해외직구 포함) 이용금액의 2.0%~0.5% 캐시백"
674,IBK무민카드(체크),IBK기업은행,체크,"BC, UnionPay",국내전용 [없음] / 해외겸용 [없음],300000,"300,000원",대중교통: 100원 | 소셜커머스: 10% | 카페/디저트: 10%,"교통, 마트/편의점, 쇼핑, 카페/디저트, 레저/스포츠, OTT/영화/문화",false,,https://d1c5n4ri2guedi.cloudfront.net/card/674/card_img/21439/674card.png,https://www.card-gorilla.com/card/detail/674,"대중교통: 버스, 지하철 이용건당 100원 할인 | 소셜커머스: 쿠팡, 티몬, 위메프 10% 할인 | 편의점: GS25, CU, 세븐일레븐, 올리브영 5% 할인 | 영화: CGV, 롯데시네마, 메가박스 4천원 할인 | 카페: 주요 커피전문점 10% 할인 | 금융: 당행 전자금융 이체수수료 면제 | 테마파크: 주요 놀이공원 무료입장 또는 입장료/자유이용권 할인 (월 1회, 연 2회)"
550,에이스플러스체크카드 (벨리미키),SC제일은행,체크,"BC, Mastercard",국내전용 [없음] / 해외겸용 [없음],100000,"100,000원",카페/디저트: 20% | OTT/영화/문화: 1500원 | 푸드: 10%,"주유, 푸드, 카페/디저트, 교육/육아, 레저/스포츠, OTT/영화/문화, 해외",false,,https://d1c5n4ri2guedi.cloudfront.net/card/550/card_img/21255/550card.png,https://www.card-gorilla.com/card/detail/550,"영화: 영화 인터넷 예매시 1,500원 청구할인 | 테마파크: 유명 놀이공원 무료입장 또는 자유이용권 현장할인 | 패밀리레스토랑: 패밀리레스토랑 10% 청구할인 | 카페: 스타벅스 20% 청구할인 | 도서: 교보문고(온라인 포함), Yes24 1만원 이상 구매시 1,500원 청구할인(월1회) | 주유소: GS칼텍스 리터당 25원 청구할인 | 면세점: 동화면세점 최고 10% 현장할인 | 멤버십포인트: 오! 포인트 추가 할인 및 적립"
559,펭수 노리 체크카드(펭카),KB국민카드,체크,"VISA, Mastercard",국내전용 [없음] / 해외겸용 [없음],200000,"200,000원",대중교통: 10% | 통신: 2500원 | OTT/영화/문화: 35%,"교통, 통신, 마트/편의점, 푸드, 카페/디저트, 교육/육아, 레저/스포츠, OTT/영화/문화",false,,https://d1c5n4ri2guedi.cloudfront.net/card/559/card_img/21264/559card.png,https://www.card-gorilla.com/card/detail/559,"대중교통: 대중교통(전국 버스&middot;지하철) 10% 청구할인 | 통신: 이동통신요금 자동납부시 | 영화: CGV 35% 환급할인 | 푸드: 아웃백, VIPS 20% 환급할인 | 테마파크: 에버랜드&middot;롯데월드 50% 환급할인 | 금융: - 인터넷 모바일 폰뱅킹 타행이체 수수료 면제(KB국민은행 계좌에서 타행계좌로 이체 시) | 편의점: GS25 5% 환급할인 | 도서: 교보문고 5% 환급할인 | 기타: 월간 통합할인한도"
561,펭수 노리 체크카드(펭모티콘),KB국민카드,체크,"Mastercard, UnionPay",국내전용 [없음] / 해외겸용 [없음],200000,"200,000원",대중교통: 10% | 통신: 2500원 | OTT/영화/문화: 35%,"교통, 통신, 마트/편의점, 푸드, 카페/디저트, 교육/육아, 레저/스포츠, OTT/영화/문화",false,,https://d1c5n4ri2guedi.cloudfront.net/card/561/card_img/21266/561card.png,https://www.card-gorilla.com/card/detail/561,"대중교통: 대중교통(전국 버스&middot;지하철) 10% 청구할인 | 통신: 이동통신요금 자동납부시 | 영화: CGV 35% 환급할인 | 푸드: 아웃백, VIPS 20% 환급할인 | 테마파크: 에버랜드&middot;롯데월드 50% 환급할인 | 금융: - 인터넷 모바일 폰뱅킹 타행이체 수수료 면제(KB국민은행 계좌에서 타행계좌로 이체 시) | 편의점: GS25 5% 환급할인 | 도서: 교보문고 5% 환급할인 | 기타: 월간 통합할인한도"
628,카드의정석 POINT CHECK x 아기상어,우리카드,체크,"VISA, BC, Mastercard",국내전용 [없음] / 해외겸용 [없음],300000,"300,000원",모든가맹점: 0.3% | 간편결제: 1.5% | 레저/스포츠: 50%,"교통, 주유, 통신, 마트/편의점, 쇼핑, 카페/디저트, 레저/스포츠, OTT/영화/문화, 해외",false,,https://d1c5n4ri2guedi.cloudfront.net/card/628/card_img/21394/628card.png,https://www.card-gorilla.com/card/detail/628,모든가맹점: 모아포인트 0.3 ~ 1.5% 적립 | 테마파크: 롯데아쿠아리움 및 주요 놀이공원 50% 현장할인
2425,MY 체크카드,케이뱅크,체크,VISA,해외겸용 [없음],0,없음,대중교통: 450원 | 카페/디저트: 500원 | 푸드: 500원,"교통, 마트/편의점, 쇼핑, 카페/디저트, 뷰티/피트니스, 무실적, 교육/육아, OTT/영화/문화",false,,https://d1c5n4ri2guedi.cloudfront.net/card/2425/card_img/27182/2425card.png,https://www.card-gorilla.com/card/detail/2425,캐시백: 10가지 영역에서 결제할 때마다 무조건 300원(최대 500원) 캐시백
2438,IBK DC히어로즈 카드(체크),IBK기업은행,체크,"Mastercard, BC",국내전용 [없음] / 해외겸용[없음],0,없음,캐시백: 0.2% | 캐시백: 무제한 | 금융: 무제한,"모든가맹점, 무실적",false,,https://d1c5n4ri2guedi.cloudfront.net/card/2438/card_img/27467/2438card.png,https://www.card-gorilla.com/card/detail/2438,캐시백: 국내&middot;해외 전 가맹점 0.2% 캐시백 | 캐시백: 점심&middot;저녁시간 국내 전 가맹점 3배(총 0.6%) 캐시백 | 금융: 전자금융&middot;ATM 출금 및 이체수수료 면제 | 선택형: IBK DC히어로즈 카드(체크) 디자인 안내
2439,케이뱅크 Hi teen 카드,케이뱅크,체크,,국내전용 [없음],0,없음,편의점: 100원 | 온라인쇼핑: 100원 | 캐시백: 500원,"마트/편의점, 쇼핑, 무실적",false,,https://d1c5n4ri2guedi.cloudfront.net/card/2439/card_img/42482/2439card.png,https://www.card-gorilla.com/card/detail/2439,편의점: 편의점 업종에서 결제금액 상관없이 이용할 때마다 100원 캐시백 | 온라인쇼핑: 온라인 업종에서 결제금액 상관없이 이용할 때마다 100원 캐시백 | 캐시백: 전월(1일~말일)실적 10만원 이상 및 5회 이상 결제 시 500원 캐시백 | 선택형: 다양한 플레이트 선택 가능
2379,신한카드 On 체크(잔망루피),신한카드,체크,VISA,국내전용 [없음] / 해외겸용 [없음],200000,"200,000원",간편결제: 2% | 생활: 2% | 해외: 1.3%,"통신, 마트/편의점, 카페/디저트, 뷰티/피트니스, OTT/영화/문화, 간편결제, 해외",false,,https://d1c5n4ri2guedi.cloudfront.net/card/2379/card_img/25379/2379card.png,https://www.card-gorilla.com/card/detail/2379,간편결제: 간편결제(Pay) 이용 시 최대 2% 적립 | 생활: 생활편의영역 이용 시 최대 2% 적립 | 해외: 해외 이용금액에 대해 1.3% 적립 | 선택형
2285,Voluntas 자원봉사자 우리체크,우리카드,체크,Mastercard,해외겸용 [없음],0,없음,편의점: 1000원 | 카페/디저트: 1000원 | 대중교통: 2000원,"교통, 마트/편의점, 푸드, 카페/디저트, 뷰티/피트니스, 무실적, 교육/육아",false,,https://d1c5n4ri2guedi.cloudfront.net/card/2285/card_img/20681/2285card.png,https://www.card-gorilla.com/card/detail/2285,"마트/편의점: CU, GS25, 세븐일레븐, 이마트24, 올리브영 건당 1만원 이상 결제 시, 1천원 캐시백(통합 월 2회, 2천원 한도) | 도서: 교보문고, 영풍문고, 반디앤루니스 건당 1만원 이상 결제 시, 1천원 캐시백(통합 월 2회, 2천원 한도) | 푸드: 뚜레쥬르, 파리바게트, 버거킹, 맥도날드, 롯데리아 건당 1만원 이상 결제 시, 1천원 캐시백(통합 월 2회, 2천원 한도) | 대중교통: 버스, 지하철, 후불교통 이용금액 월 합산 2만원 이상 결제 시, 2천원 캐시백(통합 월 1회, 2천원 한도) | 학원: YBM시사(토익 응시료 포함), 해커스어학원 건당 2만원 이상 결제 시, 2천원 캐시백(통합 월 1회 한도)"
2307,L.PAY by 롤라카드(체크),롯데카드,체크,,국내전용 [없음],100000,"100,000원",적립: 0.2% | 디지털구독: 무제한 | 주유소: 무제한,"주유, OTT/영화/문화",false,,https://d1c5n4ri2guedi.cloudfront.net/card/2307/card_img/23707/2307card.png,https://www.card-gorilla.com/card/detail/2307,적립: 전국 가맹점에서 롯데카드 제공 L.POINT 0.2% 적립 | 주유소: SK주유소(LPG 제외)에서 리터당 50포인트 SK주유포인트 적립 | 디지털구독: 클럽롤라 서비스
2315,한패스카드,한패스,체크,VISA,"해외겸용 [10,000원]",0,없음,무실적: 0.3% | 해외직구: 무제한 | 수수료우대: 무제한,"모든가맹점, 무실적, 해외",false,,https://d1c5n4ri2guedi.cloudfront.net/card/2315/card_img/23844/2315card.png,https://www.card-gorilla.com/card/detail/2315,무실적: 무조건 0.3% 캐시백 제공 | 해외직구: 해외결제 수수료 무료 | 수수료우대: 해외 ATM 이용수수료 무료 | 선택형: 두가지 플레이트 선택 가능
2370,NU Uniq Check,우리카드,체크,"Mastercard, BC",국내전용 [없음] / 해외겸용 [없음],300000,"300,000원",모든가맹점: 0.2% | 적립: 1% | 푸드: 1%,"교통, 주유, 마트/편의점, 쇼핑, 푸드, 카페/디저트, OTT/영화/문화",false,,https://d1c5n4ri2guedi.cloudfront.net/card/2370/card_img/25307/2370card.png,https://www.card-gorilla.com/card/detail/2370,"모든가맹점: [BASIC] 국내 가맹점 0.2% 적립 | 쇼핑: 해외 가맹점 1% 적립 | 교통: 대중교통 1% 적립 | 디지털구독: 넷플릭스, 유튜브 프리미엄, 멜론, 디즈니플러스 1% 적립 | 기타: DAILY영역(쇼핑/교통/정기결제) 중 가장 많이 이용한 1개 영역의 이용금액에 대해 0.5% 한번 더 적립 | 카페: 스타벅스, 투썸플레이스, 이디야 1% 적립 | 편의점: CU, 세븐일레븐, GS25 1% 적립 | 배달앱: 배달의민족, 쿠팡이츠. 마켓컬리 1% 적립"
2417,인플카 현대카드 CHECK,현대카드,체크,,"국내전용 [5,000]원",0,없음,배달앱: 1% | 편의점: 1% | 통신: 1%,"통신, 마트/편의점, 푸드, 무실적",false,,https://d1c5n4ri2guedi.cloudfront.net/card/2417/card_img/26967/2417card.png,https://www.card-gorilla.com/card/detail/2417,배달앱: 배달앱 1% M포인트 적립 | 편의점: 편의점 1% M포인트 적립 | 통신: 통신요금 자동이체 1% M포인트 적립
2317,차이 체크카드,차이,체크,Mastercard,해외겸용 [없음],0,없음,캐시백: 100000원,"모든가맹점, 무실적",false,,https://d1c5n4ri2guedi.cloudfront.net/card/2317/card_img/23742/2317card.png,https://www.card-gorilla.com/card/detail/2317,캐시백: 결제할 때마다 번개를 모아요
2322,티니패스 카드,롯데카드,체크,,국내전용 [없음],0,없음,교통: 무제한 | 공과금/렌탈: 30% | 쇼핑: 무제한,"교통, 무실적, 공과금/렌탈",false,,https://d1c5n4ri2guedi.cloudfront.net/card/2322/card_img/23851/2322card.png,https://www.card-gorilla.com/card/detail/2322,"대중교통: 전국 버스, 지하철 사용 가능 | 공과금: 30% 소득공제 혜택 제공 | 온라인쇼핑: 온라인 쇼핑 이용 가능"
439,케이뱅크X해피포인트 체크카드,케이뱅크,체크,,국내전용 [없음],300000,"300,000원",멤버십포인트: 10% | 멤버십포인트: 1% | 멤버십포인트: 무제한,푸드,true,,https://d1c5n4ri2guedi.cloudfront.net/card/439/card_img/20945/439card.png,https://www.card-gorilla.com/card/detail/439,"해피포인트: 해피포인트 가맹점 10~20% 캐시백 | 멤버십포인트: POP CARD 할인 및 GS&amp;POINT 적립 | 은행사: 모든 은행, GS25 ATM 수수료 무료"
446,IBK 나라사랑카드,IBK기업은행,체크,BC,국내전용 [없음],80000,"80,000원",교통: 10% | 교통: 5% | 마트/편의점: 5%,"교통, 마트/편의점, 푸드, 뷰티/피트니스, 교육/육아, 레저/스포츠, OTT/영화/문화",false,,https://d1c5n4ri2guedi.cloudfront.net/card/446/card_img/20952/446card.png,https://www.card-gorilla.com/card/detail/446,"교통: 전국 시내버스, 지하철 10% 청구할인 | 통신: 군 공중전화요금 자동이체 시 10% 할인 | 편의점: CU 5% 현장할인 | 화장품: 이니스프리 온/오프라인 매장 상시 10% 할인(2019년 12월 31일까지) | 영화: CGV 3천원 현장할인(동반1인 포함 시) | 패밀리레스토랑: 아웃백스테이크 20% 현장할인 | 테마파크: 주요 놀이공원 본인 자유이용권 50% 현장할인 | 여행/숙박: 여기어때 결제금액 매월 최대 1만원 청구할인 (2019년 12월 31일까지) | 도서: 인터넷 토익시험 접수(결제) 및 온라인서적(교보문고) 구매시 2천원 청구할인 | 은행사: 군 복무 중 은행 ATM 출금수수료 무제한 면제 | 멤버십포인트: 그린카드 멤버십 서비스"
405,에이스플러스체크카드(미키90주년),SC제일은행,체크,"BC, Mastercard",국내전용 [없음] / 해외겸용 [없음],100000,"100,000원",카페/디저트: 20% | OTT/영화/문화: 1500원 | 푸드: 10%,"주유, 푸드, 카페/디저트, 교육/육아, 레저/스포츠, OTT/영화/문화, 해외",false,,https://d1c5n4ri2guedi.cloudfront.net/card/405/card_img/20903/405card.png,https://www.card-gorilla.com/card/detail/405,"영화: 영화 인터넷 예매시 1,500원 청구할인 | 테마파크: 유명 놀이공원 무료입장 또는 자유이용권 현장할인 | 패밀리레스토랑: 패밀리레스토랑 10% 청구할인 | 카페: 스타벅스 20% 청구할인 | 도서: 교보문고(온라인 포함), Yes24 1만원 이상 구매시 1,500원 청구할인(월1회) | 주유소: GS칼텍스 리터당 25원 청구할인 | 면세점: 동화면세점 최고 10% 현장할인 | 멤버십포인트: 오! 포인트 추가 할인 및 적립"
406,부자되세요 더 마일리지 체크카드,SC제일은행,체크,"Mastercard, UnionPay",해외겸용 [없음],300000,"300,000원",항공마일리지: 무제한 | 모든가맹점: 무제한 | 쇼핑: 5%,"쇼핑, 항공마일리지",false,,https://d1c5n4ri2guedi.cloudfront.net/card/406/card_img/20904/406card.jpg,https://www.card-gorilla.com/card/detail/406,"대한항공: 5대 온라인 몰에서 온라인 쇼핑하면 1,000원당 대한항공 1마일리지 적립 | 온라인쇼핑: 온라인 몰 5% 청구 할인"
414,현대카드M HYBRID,현대카드,체크,,국내전용 [없음],0,없음,모든가맹점: 0.5%,"무실적, 자동차/하이패스",false,,https://d1c5n4ri2guedi.cloudfront.net/card/414/card_img/28396/414card.png,https://www.card-gorilla.com/card/detail/414,모든가맹점: 당월 이용금액별 M포인트 적립 | 하이브리드: 하이브리드카드 이용안내
415,현대카드X HYBRID,현대카드,체크,,국내전용 [없음],0,없음,모든가맹점: 0.3%,"무실적, 자동차/하이패스",false,,https://d1c5n4ri2guedi.cloudfront.net/card/415/card_img/28397/415card.png,https://www.card-gorilla.com/card/detail/415,모든가맹점: 당월 이용금액별 X캐시백 제공 | 하이브리드: 하이브리드카드 이용안내
437,케이뱅크X네이버페이 체크카드2,케이뱅크,체크,VISA,국내전용 [없음] / 해외겸용 [없음],240000,"240,000원",간편결제: 1.2% | 금융: 무제한 | 멤버십포인트: 무제한,"모든가맹점, 해외",true,,https://d1c5n4ri2guedi.cloudfront.net/card/437/card_img/20940/437card.png,https://www.card-gorilla.com/card/detail/437,"네이버페이: 국내&middot;외 가맹점(온라인 포함)에서 1.2% 네이버페이 포인트 적립 | 멤버십포인트: POP CARD 할인 및 GS&amp;POINT 적립 | 은행사: 모든 은행, GS25 ATM 수수료 무료"
438,케이뱅크 체크카드 포인트적립형,케이뱅크,체크,VISA,국내전용 [없음] / 해외겸용 [없음],240000,"240,000원",모든가맹점: 1% | 멤버십포인트: 무제한 | 금융: 무제한,"모든가맹점, 해외",true,,https://d1c5n4ri2guedi.cloudfront.net/card/438/card_img/20941/438card.png,https://www.card-gorilla.com/card/detail/438,"모든가맹점: 1.0% 케이뱅크 포인트 적립 | 기타: POP CARD 할인 및 GS&amp;POINT 적립 | 은행사: 모든 은행, GS25 ATM 수수료 무료"
369,아이행복체크카드(비씨),NH농협카드,체크,UnionPay,해외겸용 [없음],200000,"200,000원",쇼핑: 3% | 병원/약국: 3% | 카페/디저트: 5%,"쇼핑, 카페/디저트, 병원/약국, 레저/스포츠",false,,https://d1c5n4ri2guedi.cloudfront.net/card/369/card_img/20610/369card.png,https://www.card-gorilla.com/card/detail/369,온라인쇼핑: 온라인쇼핑몰/소셜커머스 3~5% 청구할인 | 병원: 전국 병원 업종 3% 청구할인 | 카페: 커피전문점/제과점 5% 청구할인 | 테마파크: 전국 주요 놀이공원 무료입장 및 할인 | 기타: SMS 휴대폰 바로알림 서비스(체크)
2095,CREAM 체크카드,MG새마을금고,체크,,국내전용 [없음],0,없음,모든가맹점: 0.2% | 대형마트: 1% | 학원: 1%,"마트/편의점, 무실적, 병원/약국, 교육/육아",false,,https://d1c5n4ri2guedi.cloudfront.net/card/2095/card_img/21905/2095card.png,https://www.card-gorilla.com/card/detail/2095,"모든가맹점: 기본적립 0.1~0.2% 적립 | 대형마트: 추가적립 대형마트(이마트, 롯데마트, 홈플러스) 1% 적립 | 학원: 학원(오프라인) 1% 적립 | 병원/약국: 병/의원, 약국 1% 적립 | 캐시백: 적립된 포인트 익월 15일 이후 결제계좌로 자동 캐시백 입금"
2096,CREAM Hybrid 체크카드,MG새마을금고,체크,,국내전용 [없음],0,없음,모든가맹점: 0.2% | 대형마트: 1% | 학원: 1%,"마트/편의점, 무실적, 병원/약국, 교육/육아",false,,https://d1c5n4ri2guedi.cloudfront.net/card/2096/card_img/21904/2096card.png,https://www.card-gorilla.com/card/detail/2096,"모든가맹점: 기본적립 0.1~0.2% 적립 | 대형마트: 추가적립 대형마트(이마트, 롯데마트, 홈플러스) 1% 적립 | 학원: 학원(오프라인) 1% 적립 | 병원/약국: 병/의원, 약국 1% 적립 | 캐시백: 적립된 포인트 익월 15일 이후 결제계좌로 자동 캐시백 입금"
2077,ON 체크카드,MG새마을금고,체크,,국내전용 [없음],150000,"150,000원",간편결제: 1000원 | 영화: 3000원 | 기타: 2000원,"OTT/영화/문화, 간편결제",false,,https://d1c5n4ri2guedi.cloudfront.net/card/2077/card_img/21922/2077card.png,https://www.card-gorilla.com/card/detail/2077,기타: 온라인 간편결제 1천원 할인 | 영화: 온라인 CGV 예매 3천원 할인 | 기타: 온라인 어학시험 2천원 할인
2078,ON 후불교통 체크카드,MG새마을금고,체크,,국내전용 [없음],150000,"150,000원",간편결제: 1000원 | 영화: 3000원 | 기타: 2000원,"OTT/영화/문화, 간편결제",false,,https://d1c5n4ri2guedi.cloudfront.net/card/2078/card_img/21921/2078card.png,https://www.card-gorilla.com/card/detail/2078,기타: 온라인 간편결제 1천원 할인 | 영화: 온라인 CGV 예매 3천원 할인 | 기타: 온라인 어학시험 2천원 할인
2079,부자되세요 홈쇼핑 체크카드,MG새마을금고,체크,,국내전용 [없음],0,없음,홈쇼핑: 6% | 백화점: 5% | 베이커리: 10%,"통신, 쇼핑, 카페/디저트, 무실적",false,,https://d1c5n4ri2guedi.cloudfront.net/card/2079/card_img/21920/2079card.png,https://www.card-gorilla.com/card/detail/2079,"홈쇼핑: 6대 홈쇼핑 6% 할인 | 백화점: 백화점 5% 할인 | 베이커리: 베이커리 10% 할인 | 통신: 이동통신요금 5,000원 할인"
2080,PEACH 체크카드,MG새마을금고,체크,,국내전용 [없음],300000,"300,000원",백화점: 7% | 온라인쇼핑: 10% | 카페: 1000원,"쇼핑, 카페/디저트, 뷰티/피트니스, 교육/육아, OTT/영화/문화",false,,https://d1c5n4ri2guedi.cloudfront.net/card/2080/card_img/21919/2080card.png,https://www.card-gorilla.com/card/detail/2080,"백화점: 백화점 7% 할인 | 온라인쇼핑: 온라인쇼핑 10% 할인 | 카페: 커피 1,000원 할인 | 화장품: 뷰티업종 10% 할인 | 공연/전시: 문화공연 5% 할인 | 영화: 영화 2,000원 할인 | 학원: 학원 5% 할인"
2081,MINT 체크카드,MG새마을금고,체크,,국내전용 [없음],300000,"300,000원",대형마트: 5% | 편의점: 5% | 통신: 5000원,"통신, 마트/편의점, 푸드, 레저/스포츠, OTT/영화/문화",false,,https://d1c5n4ri2guedi.cloudfront.net/card/2081/card_img/21918/2081card.png,https://www.card-gorilla.com/card/detail/2081,"대형마트: 대형마트 5% 할인 | 편의점: 편의점 5% 할인 | 통신: 이동통신요금 5,000원 할인 | 골프: 골프장, 골프연습장 5% 할인 | 기타: 스포츠&middot;레저 5% 할인 | 영화: 영화 2,000원 할인 | 패밀리레스토랑: 패밀리레스토랑 10% 할인"
2082,IN 체크카드,MG새마을금고,체크,,국내전용 [없음],0,없음,대형마트: 5% | 편의점: 5% | 통신: 5000원,"통신, 마트/편의점, 쇼핑, 무실적, 병원/약국, 교육/육아, OTT/영화/문화",false,,https://d1c5n4ri2guedi.cloudfront.net/card/2082/card_img/21917/2082card.png,https://www.card-gorilla.com/card/detail/2082,"통신: 이동통신요금 2,000원 할인 | 학원: 학원 5% 할인 | 병원: 병원, 약국 5% 할인 | 온라인쇼핑: 인터넷쇼핑 5% 할인 | 백화점: 백화점, 대형마트 5% 할인 | 영화: 영화 2,000원 할인 | 도서: 도서 2,000원 할인 | 공연/전시: 공연 3% 할인"
2083,ForU(油) 체크카드,MG새마을금고,체크,,국내전용 [없음],250000,"250,000원",주유소: 무제한 | 도서: 2000원 | 카페: 10%,"주유, 마트/편의점, 카페/디저트, 교육/육아",false,,https://d1c5n4ri2guedi.cloudfront.net/card/2083/card_img/21916/2083card.png,https://www.card-gorilla.com/card/detail/2083,"주유: 리터당 최대 60원 할인 | 도서: 도서 2,000원 할인 | 카페: 커피전문점 10% 할인 | 대형마트: 대형마트 5% 할인 | 편의점: 편의점 5% 할인"
2084,MG Life 체크카드,MG새마을금고,체크,,국내전용 [없음],200000,"200,000원",백화점: 5% | 도서: 2000원 | 카페: 10%,"쇼핑, 카페/디저트, 교육/육아, OTT/영화/문화",false,,https://d1c5n4ri2guedi.cloudfront.net/card/2084/card_img/21915/2084card.png,https://www.card-gorilla.com/card/detail/2084,"카페: 커피전문점 10% 할인 | 도서: 영화 최대 4,000원 할인 | 공연/전시: 공연 3% 할인 | 기타: 어학응시료 2,000원 할인 | 도서: 도서 2,000원 할인 | 백화점: 도서 2,000원 할인 | 온라인쇼핑: 소셜커머스 10% 할인 | 기타: 그린카드 서비스"
2085,MG Point 체크카드,MG새마을금고,체크,,국내전용 [없음],0,없음,모든가맹점: 0.3% | 기타: 무제한,무실적,false,,https://d1c5n4ri2guedi.cloudfront.net/card/2085/card_img/21914/2085card.png,https://www.card-gorilla.com/card/detail/2085,모든가맹점: 국내 모든 가맹점 이용금액 0.3% 포인트 적립 | 캐시백: 적립된 포인트 익월 15일 이후 결제계좌로 자동 캐시백 입금 | 기타: 그린카드 서비스
2086,MG Point2 체크카드,MG새마을금고,체크,,국내전용 [없음],0,없음,모든가맹점: 1% | 기타: 무제한,무실적,false,,https://d1c5n4ri2guedi.cloudfront.net/card/2086/card_img/21913/2086card.png,https://www.card-gorilla.com/card/detail/2086,모든가맹점: 국내 모든 가맹점에서 건당 이용금액에 따라 최대 1% 포인트 적립 | 캐시백: 적립된 포인트 익월 15일 이후 결제계좌로 자동 캐시백 입금 | 기타: 그린카드 서비스
1809,카드의정석 UniMile CHECK,우리카드,체크,"BC, UnionPay",국내전용 [없음] / 해외겸용 [없음],300000,"300,000원",항공마일리지: 1.5% | 공항라운지/PP: 무제한 | 공연/전시: 50%,"모든가맹점, OTT/영화/문화, 항공마일리지, 공항라운지/PP, 프리미엄, 해외",false,,https://d1c5n4ri2guedi.cloudfront.net/card/1809/card_img/22300/1809card.png,https://www.card-gorilla.com/card/detail/1809,항공마일리지: UniMile 0.2~ 1.5% 적립 | 공항라운지: 국내외 공항라운지 무료 이용 서비스 | 공연/전시: 해외 유명 박물관ㆍ미술관 입장권 할인 | 프리미엄 서비스: UnionPay Platinum 서비스
1900,Win.K 체크카드,교보증권,체크,BC,국내전용 [없음],300000,"300,000원",학원: 10% | 도서: 10% | 주유소: 100원,"주유, 통신, 카페/디저트, 교육/육아",false,,https://d1c5n4ri2guedi.cloudfront.net/card/1900/card_img/22096/1900card.png,https://www.card-gorilla.com/card/detail/1900,학원: 학원비 | 도서: 서점 / 응시료 | 주유소: 주유 | 카페: 커피 | 편의점: 편의점 | 통신: 통신요금
1903,부자되세요 더마일리지 체크카드,교보증권,체크,BC,국내전용 [없음],300000,"300,000원",대한항공: 1000원 | 온라인쇼핑: 5% | 점심: 10%,"통신, 마트/편의점, 쇼핑, 푸드, 카페/디저트, 레저/스포츠, 항공마일리지",false,,https://d1c5n4ri2guedi.cloudfront.net/card/1903/card_img/22093/1903card.png,https://www.card-gorilla.com/card/detail/1903,대한항공: 마일리지 적립 | 온라인쇼핑: 쇼핑 | 점심: 쇼핑 | 대형마트: 마트 | 카페: 커피 | 통신: 통신요금 | 편의점: 편의점 | 경기관람: 프로 스포츠
2074,ON˟WE BARE BEARS 체크카드,MG새마을금고,체크,,국내전용 [없음],150000,"150,000원",간편결제: 1000원 | 영화: 3000원 | 기타: 2000원,"OTT/영화/문화, 간편결제",false,,https://d1c5n4ri2guedi.cloudfront.net/card/2074/card_img/21925/2074card.png,https://www.card-gorilla.com/card/detail/2074,"기타: 카카오페이, 네이버페이, PAYCO 1천원 할인 | 영화: 온라인 CGV 예매 3천원 할인 | 기타: TOEIC, TEPS 온라인 어학시험 2천원 할인"
2075,WITH 체크카드,MG새마을금고,체크,,국내전용 [없음],300000,"300,000원",통신: 2000원 | 병원/약국: 5% | 골프: 5%,"교통, 통신, 마트/편의점, 카페/디저트, 병원/약국, 자동차/하이패스, 레저/스포츠, OTT/영화/문화, 여행/숙박",false,,https://d1c5n4ri2guedi.cloudfront.net/card/2075/card_img/21924/2075card.png,https://www.card-gorilla.com/card/detail/2075,"기타: 이동통신요금 2,000원 할인 | 기타: 병원, 약국 5% 할인 | 골프: 골프장, 골프연습장 5% 할인 | 대형마트: 대형마트 5% 할인 | 호텔: 숙박업종 5% 할인 | 정비: 자동차정비 5,000원 할인 | 영화: 영화 2,000원 할인 | 교통: 교통 5% 할인 | 베이커리: 베이커리 10% 할인"
2076,WITH 후불교통 체크카드,MG새마을금고,체크,,국내전용 [없음],300000,"300,000원",통신: 2000원 | 병원/약국: 5% | 골프: 5%,"교통, 통신, 마트/편의점, 카페/디저트, 병원/약국, 자동차/하이패스, 레저/스포츠, OTT/영화/문화, 여행/숙박",false,,https://d1c5n4ri2guedi.cloudfront.net/card/2076/card_img/21923/2076card.png,https://www.card-gorilla.com/card/detail/2076,"기타: 이동통신요금 2,000원 할인 | 기타: 병원, 약국 5% 할인 | 골프: 골프장, 골프연습장 5% 할인 | 대형마트: 대형마트 5% 할인 | 호텔: 숙박업종 5% 할인 | 정비: 자동차정비 5,000원 할인 | 영화: 영화 2,000원 할인 | 교통: 교통 5% 할인 | 베이커리: 베이커리 10% 할인"
1932,E1 LPG 롯데 체크카드,롯데카드,체크,,국내전용 [없음],200000,"200,000원",충전소: 무제한 | 정비: 무제한,"주유, 자동차/하이패스",false,,https://d1c5n4ri2guedi.cloudfront.net/card/1932/card_img/22066/1932card.jpg,https://www.card-gorilla.com/card/detail/1932,"멤버십포인트: E1 LPG 충전소 리터당 47 오렌지포인트 적립 | 정비: E1충전소 오렌지카드 회원 등급별 E1 오렌지포인트 추가 적립 및 사용 | 연회비지원: 연회비 면제 및 SMS 무료 서비스 | 헤어: 박준뷰티랩 20% 현장할인 | 테마파크: 롯데월드 종합이용권 50% 할인 | 경기관람: 롯데 자이언츠 20% 할인 | 쇼핑: 롯데백화점 5% 할인 e-쿠폰 및 무료 주차권 제공 | 영화: 롯데시네마 관람료 1,500원 청구할인 | 푸드: 보네스뻬/보네스뻬브레드 10% 할인 | 멤버십포인트: L.POINT"
1960,모두모아 체크카드,교보증권,체크,,국내전용 [없음],0,없음,모든가맹점: 0.5% | 증권사: 무제한,무실적,false,,https://d1c5n4ri2guedi.cloudfront.net/card/1960/card_img/22038/1960card.png,https://www.card-gorilla.com/card/detail/1960,모든가맹점: 모든 가맹점에서 결제금액의 0.5% 캐시백(이용한도 내 적용) | 증권사: RP에 자동투자해서 수익 제공
2192,국민행복 체크카드,전북은행,체크,,국내전용 [없음],300000,"300,000원",국민행복: 3% | 대중교통: 3% | 통신: 1000원,"교통, 통신, 쇼핑, 푸드, 카페/디저트, 병원/약국, 교육/육아",false,,https://d1c5n4ri2guedi.cloudfront.net/card/2192/card_img/21806/2192card.png,https://www.card-gorilla.com/card/detail/2192,국민행복: 1. 의료 | 국민행복: 1. 육아/교육
2342,투썸플레이스 신한카드 체크,신한카드,체크,Mastercard,국내전용 [없음] / 해외겸용 [없음],300000,"300,000원",카페: 20% | 디지털구독: 1000원,"카페/디저트, OTT/영화/문화",false,,https://d1c5n4ri2guedi.cloudfront.net/card/2342/card_img/24328/2342card.png,https://www.card-gorilla.com/card/detail/2342,카페: 투썸플레이스 20% 캐시백 | 카페: 투썸플레이스 추가 혜택 | 디지털구독: OTT 1천원 캐시백 | 선택형
307,더본 신한카드 체크,신한카드,체크,VISA,국내전용 [없음] / 해외겸용 [없음],200000,"200,000원",카페: 20% | 일반음식점: 5% | 영화: 10%,"푸드, 카페/디저트, OTT/영화/문화",false,,https://d1c5n4ri2guedi.cloudfront.net/card/307/card_img/20552/307card.png,https://www.card-gorilla.com/card/detail/307,푸드: 빽다방 이용시 20% 결제일 할인(캐시백) | 영화: 영화 10% 할인(캐시백)
1610,KB국민 티머니 노리 학생증체크카드(퍼플),KB국민카드,체크,,국내전용 [없음],200000,"200,000원",통신: 2500원 | 카페/디저트: 20% | 편의점: 5%,"통신, 마트/편의점, 푸드, 카페/디저트, 교육/육아, 레저/스포츠, OTT/영화/문화",false,,https://d1c5n4ri2guedi.cloudfront.net/card/1610/card_img/22594/1610card.png,https://www.card-gorilla.com/card/detail/1610,"통신: 이동통신요금 2,500원 환급할인 | 영화: CGV 35% 환급할인 | 패밀리레스토랑: 아웃백, VIPS 20% 환급할인 | 카페: 스타벅스 20% 환급할인 | 테마파크: 에버랜드&middot;롯데월드 50% 환급할인 | 금융: 금융수수료 면제 서비스 | 편의점: GS25 5% 환급할인 | 도서: 교보문고 5% 환급할인 | 기타: KB국민 티머니 체크카드란?"
2214,Syrup Membership Wealth 마이카드(체크),SK증권,체크,,국내전용 [없음],300000,"300,000원",금융: 0.1%,모든가맹점,false,,https://d1c5n4ri2guedi.cloudfront.net/card/2214/card_img/21771/2214card.png,https://www.card-gorilla.com/card/detail/2214,금융: Syrup Membership Wealth 마이카드(체크) 기본서비스 혜택
1912,유안타 Stock+ 체크카드,유안타증권,체크,BC,국내전용 [없음],0,없음,증권사: 1%,무실적,false,,https://d1c5n4ri2guedi.cloudfront.net/card/1912/card_img/22084/1912card.png,https://www.card-gorilla.com/card/detail/1912,증권사: 주식 약정별로 카드사용금액의 최대 1% 캐시백 제공
1979,SB 팝 플러스 체크카드,SBI저축은행,체크,BC,국내전용 [없음],0,없음,기타: 무제한 | 모든가맹점: 0.4% | 기타: 무제한,"모든가맹점, 무실적",false,,https://d1c5n4ri2guedi.cloudfront.net/card/1979/card_img/22019/1979card.png,https://www.card-gorilla.com/card/detail/1979,"기타: GS25편의점, GS fresh 할인 및 GS&amp;POINT 적립! | 모든가맹점: 건당 1만원 이상 이용시 0.2% 기본할인 | 은행사: 인터넷뱅킹/모바일뱅킹 수수료"
359,아모레퍼시픽 체크카드,KB국민카드,체크,Mastercard,국내전용 [없음] / 해외겸용 [없음],300000,"300,000원",뷰티/피트니스: 10% | 멤버십포인트: 5% | 카페/디저트: 10%,"푸드, 카페/디저트, 뷰티/피트니스",false,,https://d1c5n4ri2guedi.cloudfront.net/card/359/card_img/20600/359card.png,https://www.card-gorilla.com/card/detail/359,화장품: 아모레퍼시픽 가맹점 10% 환급할인 | 카페: 스타벅스 10% 환급할인 | 해피포인트: 해피포인트 가맹점 5% 환급할인 | 기타: GS리테일 POP서비스
389,시코르 체크카드,하나카드,체크,"VISA, UnionPay",해외겸용 [없음],200000,"200,000원",화장품: 5% | 백화점: 0.2% | 대중교통: 7%,"교통, 쇼핑, 카페/디저트, 뷰티/피트니스",false,,https://d1c5n4ri2guedi.cloudfront.net/card/389/card_img/20888/389card.png,https://www.card-gorilla.com/card/detail/389,적립: 시코르 및 신세계 캐쉬백/적립 서비스 | 대중교통: 버스/지하철 7% 캐시백 | 선택형: Powered by
2318,핀크카드,핀크카드,체크,,국내전용 [없음],100000,"100,000원",모든가맹점: 1% | 기타: 30%,모든가맹점,false,,https://d1c5n4ri2guedi.cloudfront.net/card/2318/card_img/23895/2318card.png,https://www.card-gorilla.com/card/detail/2318,적립: 이용 실적에 따라 최대 1% 적립 | 기타: 내 소비생활의 중심 핀크계좌 + 핀크카드 | 선택형: 핀크에만 있는 한정판 디자인
2193,유안타 CMA+ 체크카드,유안타증권,체크,BC,국내전용 [없음],100000,"100,000원",캐시백: 5%,모든가맹점,false,,https://d1c5n4ri2guedi.cloudfront.net/card/2193/card_img/21807/2193card.png,https://www.card-gorilla.com/card/detail/2193,캐시백: 당월 10만원 이상 ~ 30만원 미만 사용 : 연 3% (월 0.25%)
2147,위클리 VISA 롯데체크카드,롯데카드,체크,VISA,해외겸용 [없음],0,없음,캐시백: 2% | 테마파크: 50% | 패밀리레스토랑: 10%,"쇼핑, 푸드, 무실적, 레저/스포츠, OTT/영화/문화",false,,https://d1c5n4ri2guedi.cloudfront.net/card/2147/card_img/21829/2147card.jpg,https://www.card-gorilla.com/card/detail/2147,"캐시백: 매주 평일 이용실적(월~금) | 쇼핑: 롯데백화점 5% 할인 e-쿠폰 | 테마파크: 롯데월드 본인 종합이용권 50% 현장할인 (월 1회, 연 6회 통합) | 영화: 롯데시네마 관람권 1,500원 환급 할인 (일 1회, 월 5회, 연 12회) | 푸드: T.G.I.FRiDAY&#39;S 10% 현장할인 (주류제외)"
2165,제주삼다수 체크카드,제주은행,체크,BC,국내전용 [없음],200000,"200,000원",대중교통: 10% | 통신: 3% | 편의점: 7%,"교통, 통신, 마트/편의점, 푸드, 카페/디저트, 교육/육아, OTT/영화/문화",false,,https://d1c5n4ri2guedi.cloudfront.net/card/2165/card_img/21822/2165card.png,https://www.card-gorilla.com/card/detail/2165,대중교통: 대중교통 할인 | 교육/육아: 토익 응시료 할인 | 통신: 휴대폰 통신 요금 할인 | 편의점: 편의점 할인 | 영화: 영화관 할인 | 푸드: 패밀리레스토랑 할인
2245,위버스 신한카드 체크(TXT),신한카드,체크,,국내전용 [없음],200000,"200,000원",적립: 2% | 생활: 5% | 할인: 25%,"교통, 마트/편의점, 쇼핑, 카페/디저트, 뷰티/피트니스, OTT/영화/문화",false,,https://d1c5n4ri2guedi.cloudfront.net/card/2245/card_img/20994/2245card.png,https://www.card-gorilla.com/card/detail/2245,적립: Weverse Shop 이용금액의 2% Weverse Shop 캐시 추가 적립 | 생활: 생활영역 이용금액의 5% Weverse Shop 캐시 적립 | 기타: HYBE INSIGHT 내 매장 결제 시 25% 할인 | 선택형: 카드 디자인 선택가능
2246,위버스 신한카드 체크(ENHYPEN),신한카드,체크,,국내전용 [없음],200000,"200,000원",적립: 2% | 생활: 5% | 할인: 25%,"교통, 마트/편의점, 쇼핑, 카페/디저트, 뷰티/피트니스, OTT/영화/문화",false,,https://d1c5n4ri2guedi.cloudfront.net/card/2246/card_img/20996/2246card.png,https://www.card-gorilla.com/card/detail/2246,적립: Weverse Shop 이용금액의 2% Weverse Shop 캐시 추가 적립 | 생활: 생활영역 이용금액의 5% Weverse Shop 캐시 적립 | 기타: HYBE INSIGHT 내 매장 결제 시 25% 할인 | 선택형: 카드 디자인 선택가능
644,JYP Fan’s EDM 체크,신한카드,체크,Mastercard,국내전용 [없음] / 해외겸용 [없음],200000,"200,000원",공연/전시: 5% | 음원사이트: 5% | 대중교통: 3%,"교통, 마트/편의점, 카페/디저트, OTT/영화/문화",false,,https://d1c5n4ri2guedi.cloudfront.net/card/644/card_img/21408/644card.png,https://www.card-gorilla.com/card/detail/644,"공연/전시: 국내콘서트/공연 예매 및 팬클럽 가입 이용금액의 5% 캐시백 | 음원사이트: 음원, 스트리밍(멜론, FLO) 이용금액 5% 캐시백 | 대중교통: 대중교통(버스-마을, 시내, 시외, 광역, 공항버스/지하철) 이용금액 3% 캐시백 | 카페: 스타벅스(사이렌오더 포함)/JYP-Soulcup 5% 캐시백 | 마트/편의점: 편의점(GS25), 올리브영 5% 캐시백 | 해외이용: 해외 전가맹점(온라인 포함) 이용금액의 1% 캐시백"
1290,넥슨 던전앤파이터 체크카드,하나카드,체크,VISA,해외겸용 [없음],200000,"200,000원",게임: 15% | 교통: 5% | 생활: 5%,"교통, 쇼핑, 카페/디저트, 레저/스포츠",false,,https://d1c5n4ri2guedi.cloudfront.net/card/1290/card_img/21016/1290card.png,https://www.card-gorilla.com/card/detail/1290,"게임: 넥슨캐시/세라 온라인 충전금액 15% 캐쉬백 | 교통: 대중교통 (버스, 지하철) 5% 캐쉬백 | 생활: 11번가, 옥션, G마켓 5% 캐쉬백"
1617,KB국민 티머니노리학생증 체크카드(그린_세로형),KB국민카드,체크,,국내전용 없음,0,없음,통신: 2500원 | 카페/디저트: 20% | 편의점: 5%,"통신, 마트/편의점, 푸드, 카페/디저트, 무실적, 교육/육아, 레저/스포츠, OTT/영화/문화",false,,https://d1c5n4ri2guedi.cloudfront.net/card/1617/card_img/22579/1617card.png,https://www.card-gorilla.com/card/detail/1617,"통신: 이동통신요금 2,500원 환급할인 | 영화: CGV 35% 환급할인 | 패밀리레스토랑: 아웃백, VIPS 20% 환급할인 | 카페: 스타벅스 20% 환급할인 | 테마파크: 에버랜드&middot;롯데월드 50% 환급할인 | 금융: 금융수수료 면제 서비스 | 편의점: GS25 5% 환급할인 | 도서: 교보문고 5% 환급할인 | 기타: KB국민 티머니 체크카드란?"
1699,한화생명 Family 체크카드,우리카드,체크,BC,국내전용 [없음],200000,"200,000원",주유: 무제한 | 교통: 1000원 | 통신: 3%,"교통, 주유, 통신, 카페/디저트, 여행/숙박",false,,https://d1c5n4ri2guedi.cloudfront.net/card/1699/card_img/23920/1699card.png,https://www.card-gorilla.com/card/detail/1699,"주유: SK주유소(LPG포함) 주유 할인 | 대중교통: 전국 버스, 지하철 할인 | 통신: 휴대폰 요금 할인 | 렌터카: 롯데렌터카 할인 | 카페/디저트: 커피전문점 할인 | 기타: 한화그룹 계열사 서비스"
1438,해피포인트 체크카드,BNK부산은행,체크,BC,"국내전용 [1,000]원",200000,"200,000원",해피포인트: 20% | 해피포인트: 5% | 편의점: 10%,"마트/편의점, 푸드, 교육/육아, OTT/영화/문화",false,,https://d1c5n4ri2guedi.cloudfront.net/card/1438/card_img/20636/1438card.png,https://www.card-gorilla.com/card/detail/1438,해피포인트: 해피포인트 | 패밀리레스토랑: 외식 | 편의점: 편의점 | OTT/영화/문화: 영화
1256,카드의정석 U+알뜰모바일 CHECK,우리카드,체크,"VISA, BC",국내전용 [없음] / 해외겸용 [없음],300000,"300,000원",통신: 300000원 | 통신: 800000원 | 통신: 1200000원,모든가맹점,false,,https://d1c5n4ri2guedi.cloudfront.net/card/1256/card_img/21051/1256card.png,https://www.card-gorilla.com/card/detail/1256,통신: U+알뜰모바일 이동통신료 자동이체 캐시백
309,EDIYA 신한카드 체크,신한카드,체크,"Mastercard, UnionPay",해외겸용 [없음],200000,"200,000원",카페: 30%,카페/디저트,false,,https://d1c5n4ri2guedi.cloudfront.net/card/309/card_img/20554/309card.png,https://www.card-gorilla.com/card/detail/309,카페: EDIYA COFFEE에서 결제 시 30% 결제일 할인
311,몰테일 신한카드 체크,신한카드,체크,Mastercard,해외겸용 [없음],0,없음,해외직구: 3000원 | 해외이용: 1.2% | 소셜커머스: 9%,"마트/편의점, 쇼핑, 카페/디저트, 무실적, 해외",false,,https://d1c5n4ri2guedi.cloudfront.net/card/311/card_img/20556/311card.png,https://www.card-gorilla.com/card/detail/311,"해외직구: 몰테일(malltail) 배송비 결제 시 3천원 캐시백 | 해외이용: 해외 전 가맹점 이용액 (온라인 포함) 1.2% 캐시백 | 수수료우대: 해외 인출 1건당 US $3 캐시백 | 소셜커머스: 쿠팡, 티몬 9% 캐시백 | 편의점: CU 9% 캐시백 | 카페: 스타벅스 9% 캐시백"
2312,럭키 유카드,코나카드,체크,,국내전용 [없음],0,없음,혜택 프로모션: 10000원 | 카페/디저트: 15% | 마트/편의점: 10%,"마트/편의점, 카페/디저트, 무실적",false,,https://d1c5n4ri2guedi.cloudfront.net/card/2312/card_img/23718/2312card.png,https://www.card-gorilla.com/card/detail/2312,"혜택 프로모션: 1만원 이상 결제마다 4개 행운번호 럭키권 1장씩 발급 | 카페: 커피빈 15% 할인 | 편의점: GS25, 세븐일레븐 10% 캐시백 제공 | 기타: 코나 애플리케이션 내 단골 매장 등록을 통해 3곳의 매장에서 3% 캐시백 제공"
2194,유안타 Daily+ 체크카드,유안타증권,체크,,국내전용 [없음],300000,"300,000원",대형마트: 20% | 편의점: 20% | : 20%,"교통, 마트/편의점, 카페/디저트, 뷰티/피트니스, 병원/약국",false,,https://d1c5n4ri2guedi.cloudfront.net/card/2194/card_img/21808/2194card.png,https://www.card-gorilla.com/card/detail/2194,할인: - 대형마트
1977,SB 팝 체크카드,SBI저축은행,체크,BC,국내전용 [없음],0,없음,기타: 무제한 | 편의점: 10% | 카페: 20%,"마트/편의점, 쇼핑, 카페/디저트, 무실적",false,,https://d1c5n4ri2guedi.cloudfront.net/card/1977/card_img/22021/1977card.png,https://www.card-gorilla.com/card/detail/1977,"기타: GS25편의점, GS fresh 할인 및 GS&amp;POINT 적립! | 편의점: GS25편의점 10% 할인 | 온라인쇼핑: 온라인쇼핑 5% 할인 | 대형마트: 오프라인쇼핑 5% 할인 | 카페: 커피 5% 할인 | 기타: 인터넷뱅킹/모바일뱅킹 수수료"
1988,함께그린카드,SBI저축은행,체크,BC,국내전용 [없음],0,없음,대형마트: 5% | 전통시장: 5% | 유치원: 5%,"마트/편의점, 푸드, 무실적, 병원/약국, 교육/육아, OTT/영화/문화",false,,https://d1c5n4ri2guedi.cloudfront.net/card/1988/card_img/22010/1988card.png,https://www.card-gorilla.com/card/detail/1988,"대형마트: 이마트, 롯데마트, 홈플러스 5% 할인 | 전통시장: 시장경영진흥원 지정 전통 시장 가맹점 5% 할인 | 유치원: 유치원, 유아원 업종 5% 할인 | 학원: 학원 업종 5% 할인 | 병원: 병원, 약국 업종 5% 할인 | 패밀리레스토랑: 블랙스미스, 아웃백, 빕스, 토다이 주중 5%, 주말 10% 할인 | 영화: CGV, 메가박스, 롯데시네마(해당 업체 온라인 예매 포함) 2,500원 할인 | 테마파크: 전월이용실적 별 통합할인한도 | 은행사: 인터넷뱅킹/모바일뱅킹/폰뱅킹 이체수수료"
1839,AIA생명 롯데 리얼체크카드,롯데카드,체크,,국내전용 [없음],300000,"300,000원",보험사: 5000원,공과금/렌탈,false,,https://d1c5n4ri2guedi.cloudfront.net/card/1839/card_img/22132/1839card.jpg,https://www.card-gorilla.com/card/detail/1839,"보험사: AIA생명 롯데 리얼체크카드로 보험료 결제 시 월 3천원~5천원 할인 | 연회비지원: 연회비 면제 및 SMS 무료 | 헤어: 박준뷰티랩 20% 현장할인 | 테마파크: 롯데월드 종합이용권 50% 할인 | 경기관람: 롯데 자이언츠 20% 할인 | 쇼핑: 롯데백화점 5% 할인 e-쿠폰 및 무료 주차권 제공 | 항공권: 해외항공권 | 영화: 롯데시네마 관람료 1,500원 청구할인 | 푸드: 보네스뻬/보네스뻬브레드 10% 할인 | 멤버십포인트: L.POINT 적립"
1807,LineageM 신한카드 체크,신한카드,체크,Mastercard,국내전용 [없음] / 해외겸용 [없음],400000,"400,000원",게임: 5% | 게임: 5% | 카페: 20%,"카페/디저트, 레저/스포츠",false,,https://d1c5n4ri2guedi.cloudfront.net/card/1807/card_img/22304/1807card.png,https://www.card-gorilla.com/card/detail/1807,"게임: 구글 플레이스토어, 애플 앱스토어, 원스토어 5% 캐시백 | 카페: 스타벅스 20% 캐시백"
2212,챔피언 체크카드,유진투자증권,체크,,국내전용 [없음],300000,"300,000원",편의점: 10% | 카페: 10% | 기타: 10%,"주유, 마트/편의점, 쇼핑, 카페/디저트",false,,https://d1c5n4ri2guedi.cloudfront.net/card/2212/card_img/21773/2212card.png,https://www.card-gorilla.com/card/detail/2212,편의점: [기본혜택] 주요편의점 10%캐시백 | 카페: [기본혜택] 주요커피전문점 10%캐시백 | 대형마트: [백화점&amp;마트 캐시백형] | 온라인쇼핑: [온라인쇼핑 캐시백형] | 주유: [주유 캐시백형] | 금융: 부가혜택 - CMA 서비스
2221,DB 캐쉬백 3.1 체크카드,DB금융투자,체크,,국내전용 [없음],0,없음,모든가맹점: 0.6% | 금융: 2.5%,"모든가맹점, 무실적",false,,https://d1c5n4ri2guedi.cloudfront.net/card/2221/card_img/21763/2221card.png,https://www.card-gorilla.com/card/detail/2221,"모든가맹점: 기본서비스 | 금융: 수시입출금의 편리함과 주식거래, 고금리를 하나의 계좌로"
1259,LGU+ 라서즐거운 체크카드,우리카드,체크,Mastercard,해외겸용 [없음],300000,"300,000원",LGU+: 5000원 | 패밀리레스토랑: 10% | 카페: 10%,"통신, 푸드, 카페/디저트, 레저/스포츠, OTT/영화/문화",false,,https://d1c5n4ri2guedi.cloudfront.net/card/1259/card_img/21048/1259card.png,https://www.card-gorilla.com/card/detail/1259,LGU+: LGU+ 통신요금 할인서비스 | 패밀리레스토랑: 패밀리레스토랑 10% 캐시백 할인 | 카페: 커피 10% 캐시백 할인 | 영화: 전국 영화관 2천원 캐시백 할인 | 테마파크: 주요 놀이공원 자유이용권 50% 현장할인
1618,KB국민 티머니노리학생증 체크카드(그린),KB국민카드,체크,,국내전용 [없음],200000,"200,000원",통신: 2500원 | 카페/디저트: 20% | 편의점: 5%,"통신, 마트/편의점, 푸드, 카페/디저트, 교육/육아, 레저/스포츠, OTT/영화/문화",false,,https://d1c5n4ri2guedi.cloudfront.net/card/1618/card_img/22578/1618card.png,https://www.card-gorilla.com/card/detail/1618,"통신: 이동통신요금 2,500원 환급할인 | 영화: CGV 35% 환급할인 | 패밀리레스토랑: 아웃백, VIPS 20% 환급할인 | 카페: 스타벅스 20% 환급할인 | 테마파크: 에버랜드&middot;롯데월드 50% 환급할인 | 금융: 금융수수료 면제 서비스 | 편의점: GS25 5% 환급할인 | 도서: 교보문고 5% 환급할인 | 기타: KB국민 티머니 체크카드란?"
1619,KB국민 티머니노리학생증 체크카드(블루),KB국민카드,체크,,국내전용 없음,0,없음,통신: 2500원 | 카페/디저트: 20% | 편의점: 5%,"통신, 마트/편의점, 푸드, 카페/디저트, 무실적, 교육/육아, 레저/스포츠, OTT/영화/문화",false,,https://d1c5n4ri2guedi.cloudfront.net/card/1619/card_img/22577/1619card.png,https://www.card-gorilla.com/card/detail/1619,"통신: 이동통신요금 2,500원 환급할인 | 영화: CGV 35% 환급할인 | 패밀리레스토랑: 아웃백, VIPS 20% 환급할인 | 카페: 스타벅스 20% 환급할인 | 테마파크: 에버랜드&middot;롯데월드 50% 환급할인 | 금융: 금융수수료 면제 서비스 | 편의점: GS25 5% 환급할인 | 도서: 교보문고 5% 환급할인 | 기타: KB국민 티머니 체크카드란?"
1392,메가쇼핑체크카드,BNK부산은행,체크,,국내전용 [없음],200000,"200,000원",주유: 1.2% | 마트/편의점: 7% | 쇼핑: 5%,"주유, 쇼핑, 푸드, 카페/디저트, OTT/영화/문화",false,,https://d1c5n4ri2guedi.cloudfront.net/card/1392/card_img/20750/1392card.png,https://www.card-gorilla.com/card/detail/1392,주유: 전국 모든 주유소 이용금액의 1.2% 캐쉬백 할인 | 카페/디저트: 커피&amp;맥도날드 할인 | 마트/편의점: 메가마트 할인 및 적립서비스 | 쇼핑: 쇼핑 채널 5% 캐쉬백 할인 | 영화: 전국 모든 영화관 인터넷 예매 시 2천원 캐쉬백할인 | 기타: 농심계열사 할인(현장할인)
906,메가쇼핑 신한카드 체크,신한카드,체크,Mastercard,국내전용 [없음] / 해외겸용 [없음],0,없음,마트/편의점: 0.5% | 마트/편의점: 0.2% | 모든가맹점: 0.1%,무실적,false,,https://d1c5n4ri2guedi.cloudfront.net/card/906/card_img/21638/906card.png,https://www.card-gorilla.com/card/detail/906,마트/편의점: 메가마트 매장 내 결제 시 메가포인트 0.5% 적립 | 모든가맹점: 메가마트를 제외한 국내외 가맹점 메가포인트0.1% 적립
353,해피CU포인트 체크카드,KB국민카드,체크,"VISA, Mastercard",해외겸용 [없음],300000,"300,000원",마트/편의점: 2% | 멤버십포인트: 2% | 교통: 1%,"교통, 마트/편의점, 푸드",false,,https://d1c5n4ri2guedi.cloudfront.net/card/353/card_img/20596/353card.png,https://www.card-gorilla.com/card/detail/353,"멤버십포인트: CU편의점, 해피포인트 가맹점 2%적립 | 교통: 대중교통(버스,지하철)/택시업종 1% 포인트리 적립"
355,H.Point 체크카드,KB국민카드,체크,Mastercard,국내전용 [없음] / 해외겸용 [없음],300000,"300,000원",모든가맹점: 0.2% | 기타: 0.5% | 카페/디저트: 5%,"모든가맹점, 카페/디저트, 뷰티/피트니스, OTT/영화/문화",false,,https://d1c5n4ri2guedi.cloudfront.net/card/355/card_img/20598/355card.png,https://www.card-gorilla.com/card/detail/355,기타: 기본적립 | 카페: 스타벅스 5% 환급할인 | 영화: CGV 5% 환급할인 | 드럭스토어: 올리브영 5% 환급할인
2329,핀트 카드,핀트,체크,"VISA, BC",국내전용 [없음] / 해외겸용 [없음],0,없음,금융: 0.6%,무실적,false,,https://d1c5n4ri2guedi.cloudfront.net/card/2329/card_img/23898/2329card.png,https://www.card-gorilla.com/card/detail/2329,금융: 전월 실적 없이 최대 0.6% 무제한 캐시백
479,마이 홈플러스 체크카드,신한카드,체크,VISA,국내전용 [없음] / 해외겸용 [없음],0,없음,대형마트: 0.6%,"마트/편의점, 무실적",false,,https://d1c5n4ri2guedi.cloudfront.net/card/479/card_img/21169/479card.png,https://www.card-gorilla.com/card/detail/479,마트/편의점: 홈플러스 이용금액 적립
757,LIKIT on 체크카드,롯데카드,체크,,국내전용 [없음],300000,"300,000원",온라인쇼핑: 3% | 쇼핑: 5%,쇼핑,false,,https://d1c5n4ri2guedi.cloudfront.net/card/757/card_img/22231/757card.png,https://www.card-gorilla.com/card/detail/757,"온라인쇼핑: 온라인 이용 건 3% 캐시백 | 쇼핑: 소셜커머스 &middot;오픈마켓(쿠팡, 티몬, 위메프, 11번가, 옥션, G마켓) 5% 캐시백"
2530,총무 체크카드,KB국민카드,체크,,국내전용 [없음],300000,"300,000원",일반음식점: 5% | 카페/디저트: 5% | 대중교통: 5%,"교통, 푸드, 카페/디저트",false,,https://d1c5n4ri2guedi.cloudfront.net/card/2530/card_img/29047/2530card.png,https://www.card-gorilla.com/card/detail/2530,"일반음식점: 한식, 휴게음식점 업종 5% 환급할인 (평일만) | 카페: 커피음료전문점 업종 5% 환급할인 (평일만) | 아이스크림: 제과아이스크림 업종 5% 환급할인 (평일만) | 대중교통: 대중교통(버스, 지하철) 5% 청구할인 | 선택형: 카드 플레이트 선택"
2547,신한카드 Pick I 선불,신한카드,체크,Mastercard,해외겸용 [없음],0,없음,편의점: 10% | 디지털구독: 10% | 온라인쇼핑: 3000원,"마트/편의점, 쇼핑, 카페/디저트, 무실적, OTT/영화/문화",false,,https://d1c5n4ri2guedi.cloudfront.net/card/2547/card_img/29536/2547card.png,https://www.card-gorilla.com/card/detail/2547,편의점: 4대 편의점 이용 시 10% 적립 | 카페: 커피 업종 이용 시 10% 적립 | 디지털구독: 디지털 구독 영역 이용 시 10% 적립 | 온라인쇼핑: One Pick 온라인 쇼핑몰 가맹점 최대 3천 포인트 적립
2220,DB금융투자 해피플러스 체크카드,DB금융투자,체크,,국내전용 [없음],0,없음,모든가맹점: 0.3% | 주유: 100원 | 통신: 5000원,"모든가맹점, 주유, 통신, 무실적",false,,https://d1c5n4ri2guedi.cloudfront.net/card/2220/card_img/21764/2220card.png,https://www.card-gorilla.com/card/detail/2220,"모든가맹점: 모든 가맹점 0.3% 캐쉬백 | 주유: GS칼텍스 리터당 100원 캐쉬백 | 통신: 이동통신요금 5,000원 할인 | 금융: 수시입출금의 편리함과 주식거래, 고금리를 하나의 계좌로"
2213,쏙쏙 체크카드,유진투자증권,체크,,국내전용 [없음],300000,"300,000원",캐시백: 10%,쇼핑,false,,https://d1c5n4ri2guedi.cloudfront.net/card/2213/card_img/21772/2213card.png,https://www.card-gorilla.com/card/detail/2213,캐시백: 온라인 어디서나 10% 캐시백 (통합 월간 캐시백 한도 내)
2140,쇼퍼홀릭 롯데홈쇼핑 롯데체크카드,롯데카드,체크,,국내전용 [없음],0,없음,홈쇼핑: 2% | 테마파크: 50% | 헤어: 20%,"주유, 쇼핑, 푸드, 뷰티/피트니스, 무실적, 레저/스포츠, OTT/영화/문화, 해외",false,,https://d1c5n4ri2guedi.cloudfront.net/card/2140/card_img/21874/2140card.jpg,https://www.card-gorilla.com/card/detail/2140,홈쇼핑: 롯데홈쇼핑 결제 시 1.5%~2.0% 롯데카드 포인트 적립 | 연회비지원: 혜택 | 헤어: 박준뷰티랩 | 테마파크: 롯데월드 종합이용권 50% 할인 | 경기관람: 대상 | 쇼핑: 롯데백화점 5% 할인 e-쿠폰 및 무료 주차권 제공 | 영화: 혜택 | 푸드: 보네스뻬/보네스뻬브레드 10% 할인 | 주유소: SK주유소 리터당 SK주유포인트 50원적립 | 멤버십포인트: L.POINT 적립
2313,나마네카드,아이오로라,체크,,국내전용 [없음],0,없음,기타: 무제한 | 교통: 무제한 | 공과금/렌탈: 무제한,무실적,false,,https://d1c5n4ri2guedi.cloudfront.net/card/2313/card_img/23842/2313card.png,https://www.card-gorilla.com/card/detail/2313,기타: NAMANE 카드 리워드 | 공과금/렌탈: 30% 소득공제 혜택 제공 | 선택형: 나만의 카드 제작 | 기타: 선불카드 충전 방법
306,리디 신한카드 체크,신한카드,체크,"VISA, UnionPay",해외겸용 [없음],200000,"200,000원",도서: 10% | 영화: 10% | 패스트푸드: 10%,"푸드, 교육/육아, OTT/영화/문화",false,,https://d1c5n4ri2guedi.cloudfront.net/card/306/card_img/20551/306card.png,https://www.card-gorilla.com/card/detail/306,도서: 리디북스 10% 할인(캐시백) | 영화: 영화 결제시 10% 할인 (캐시백) | 패스트푸드: 영푸드 이용 시 10% 할인 (캐시백)
345,정 체크카드,KB국민카드,체크,"VISA, Mastercard",국내전용 [없음] / 해외겸용 [없음],300000,"300,000원",쇼핑: 7% | 쇼핑: 5% | 뷰티/피트니스: 5%,"교통, 쇼핑, 뷰티/피트니스, 해외",false,,https://d1c5n4ri2guedi.cloudfront.net/card/345/card_img/20590/345card.png,https://www.card-gorilla.com/card/detail/345,백화점: 롯데&middot;현대&middot;신세계백화점 7% 환급할인 | 홈쇼핑: GS홈쇼핑&middot;CJ홈쇼핑 / G마켓&middot;옥션 5% 환급할인 | 화장품: 미용실&middot;화장품&middot;피부미용 5% 환급할인 | 교통: 버스&middot;지하철 5% 청구할인 | 해외이용: 해외이용 5% 할인 캐시백
341,훈 체크카드,KB국민카드,체크,"VISA, Mastercard",국내전용 [없음] / 해외겸용 [없음],300000,"300,000원",교육/육아: 7% | OTT/영화/문화: 5% | 교통: 5%,"교통, 병원/약국, 교육/육아",false,,https://d1c5n4ri2guedi.cloudfront.net/card/341/card_img/20586/341card.png,https://www.card-gorilla.com/card/detail/341,학원: 문리계&middot;외국어학원 7% 환급할인 | 도서: 서점업종 5% 환급할인 | 병원/약국: 동물병원 5% 환급할인 | 대중교통: 버스&middot;지하철 5% 청구할인
339,음 체크카드,KB국민카드,체크,"VISA, Mastercard",국내전용 [없음] / 해외겸용 [없음],300000,"300,000원",푸드: 5% | 카페/디저트: 5% | 교통: 5%,"교통, 푸드, 카페/디저트",false,,https://d1c5n4ri2guedi.cloudfront.net/card/339/card_img/20584/339card.png,https://www.card-gorilla.com/card/detail/339,일반음식점: 한식 업종 5% 평일 환급할인 | 카페: 커피전문점 업종 5% 평일 환급할인 | 교통: 버스&middot;지하철 5% 청구할인
301,KT 신한카드 체크,신한카드,체크,,국내전용 [없음],300000,"300,000원",KT: 5000원 | 편의점: 5% | 영화: 10%,"통신, 마트/편의점, OTT/영화/문화",false,,https://d1c5n4ri2guedi.cloudfront.net/card/301/card_img/20524/301card.png,https://www.card-gorilla.com/card/detail/301,KT: KT 통신요금 월 최대 5천원 캐시백 | 편의점: GS25 5% 캐시백 | 영화: CGV 10% 캐시백
2892,신한카드 Pick E 체크 캐릭터형(신의탑),신한카드,체크,Mastercard,국내전용 [없음] / 해외겸용 [없음],200000,"200,000원",생활: 10% | 기타: 10% | 푸드: 3000원,"마트/편의점, 푸드, 카페/디저트, 레저/스포츠, 해외",false,2023-10-06,https://d1c5n4ri2guedi.cloudfront.net/card/2892/card_img/44187/2892card.png,https://www.card-gorilla.com/card/detail/2892,편의점: 4대 편의점 10% 적립 | 카페: 커피 업종 10% 적립 | 해외이용: 해외이용 1% 적립 | 기타: 놀이 영역 10% 적립 | 푸드: One Pick 맛집 가맹점이란?
2816,1ST A-CHECK카드,광주은행,체크,Mastercard,국내전용 [없음] / 해외겸용 [없음],200000,"200,000원",국내외가맹점: 0.2% | 캐시백: 0.2% | 캐시백: 5%,"모든가맹점, 교통, 주유, 마트/편의점, 쇼핑, 카페/디저트, 교육/육아, 자동차/하이패스, 레저/스포츠, OTT/영화/문화",false,,https://d1c5n4ri2guedi.cloudfront.net/card/2816/card_img/40130/2816card.png,https://www.card-gorilla.com/card/detail/2816,국내외가맹점: [기본 캐시백] 국내외 이용금액의 0.2% 캐시백 | 캐시백: [추가 캐시백] 대상 업종 또는 가맹점 이용금액의 0.2% 추가 캐시백 | 캐시백: [특별 캐시백] 대상 업종별 5% 추가 캐시백
1615,KB국민 티머니노리학생증 체크카드(세로형_퍼플),KB국민카드,체크,,국내전용 [없음],200000,"200,000원",통신: 2500원 | 카페/디저트: 20% | 편의점: 5%,"통신, 마트/편의점, 푸드, 카페/디저트, 교육/육아, 레저/스포츠, OTT/영화/문화",false,,https://d1c5n4ri2guedi.cloudfront.net/card/1615/card_img/22581/1615card.png,https://www.card-gorilla.com/card/detail/1615,"통신: 이동통신요금 2,500원 환급할인 | 영화: CGV 35% 환급할인 | 패밀리레스토랑: 아웃백, VIPS 20% 환급할인 | 카페: 스타벅스 20% 환급할인 | 테마파크: 에버랜드&middot;롯데월드 50% 환급할인 | 금융: 금융수수료 면제 서비스 | 편의점: GS25 5% 환급할인 | 도서: 교보문고 5% 환급할인 | 기타: KB국민 티머니 체크카드란?"
1616,KB국민 티머니노리학생증 체크카드(블루_세로형),KB국민카드,체크,,국내전용 [없음],200000,"200,000원",통신: 2500원 | 카페/디저트: 20% | 편의점: 5%,"통신, 마트/편의점, 푸드, 카페/디저트, 교육/육아, 레저/스포츠, OTT/영화/문화",false,,https://d1c5n4ri2guedi.cloudfront.net/card/1616/card_img/22580/1616card.png,https://www.card-gorilla.com/card/detail/1616,"통신: 이동통신요금 2,500원 환급할인 | 영화: CGV 35% 환급할인 | 패밀리레스토랑: 아웃백, VIPS 20% 환급할인 | 카페: 스타벅스 20% 환급할인 | 테마파크: 에버랜드&middot;롯데월드 50% 환급할인 | 금융: 금융수수료 면제 서비스 | 편의점: GS25 5% 환급할인 | 도서: 교보문고 5% 환급할인 | 기타: KB국민 티머니 체크카드란?"
1302,제주도 삼성체크카드,삼성카드,체크,,국내전용 [없음] / 해외겸용 [없음],300000,"300,000원",주유: 무제한 | 지역: 0.5% | 경기관람: 무제한,"주유, 레저/스포츠",false,,https://d1c5n4ri2guedi.cloudfront.net/card/1302/card_img/28075/1302card.png,https://www.card-gorilla.com/card/detail/1302,지역: 제주도발전 기금 조성 | 주유: S-OIL 주유소 주유 시 리터당 40 보너스포인트 적립 | 경기관람: 2021년 프로스포츠 제휴 구단 정규시즌 홈 경기 할인 프로모션
1324,국민행복체크카드,BNK부산은행,체크,BC,"국내전용 [1,000]원",0,없음,국민행복: 무제한 | 병원/약국: 3% | 카페: 10%,"통신, 쇼핑, 카페/디저트, 무실적, 병원/약국",false,,https://d1c5n4ri2guedi.cloudfront.net/card/1324/card_img/20857/1324card.png,https://www.card-gorilla.com/card/detail/1324,국민행복: 건강 보험 임신&middot;출산 진료비 지원 | 병원: 의료비 할인 | 온라인쇼핑: 온라인 쇼핑 할인 | 패밀리레스토랑: 외식 할인 | 카페: 커피 할인 | 통신: 이동통신요금 할인 | 테마파크: 키즈 파크 할인
2334,땡겨요 신한카드 체크(라이더형),신한카드,체크,VISA,국내전용 [없음] / 해외겸용[없음],0,없음,모든가맹점: 0.2% | 주유: 0.2% | 편의점: 0.2%,"모든가맹점, 주유, 마트/편의점, 무실적",false,,https://d1c5n4ri2guedi.cloudfront.net/card/2334/card_img/24279/2334card.png,https://www.card-gorilla.com/card/detail/2334,모든가맹점: 전 가맹점 이용금액 마이신한포인트 0.2% 적립 | 주유소: 주유소 이용금액 마이신한포인트 0.2% 추가 적립 | 편의점: 편의점 이용금액 마이신한포인트 0.2% 추가 적립
2335,해피리워드 체크카드,KB국민카드,체크,VISA,국내전용 [없음] / 해외겸용 [없음],100000,"100,000원",해피포인트: 1000원 | 해피포인트: 1000원 | 해피포인트: 1000원,"푸드, 카페/디저트",false,,https://d1c5n4ri2guedi.cloudfront.net/card/2335/card_img/24225/2235card.png,https://www.card-gorilla.com/card/detail/2335,해피포인트: [Reward ON] | 해피포인트: [Reward OFF]
2475,하나로 전자카드 메가캐쉬백 더드림 체크카드,하나카드,체크,,국내전용 [없음],0,없음,캐시백: 20000원 | 통신: 5000원 | 편의점: 2%,"주유, 통신, 마트/편의점, 쇼핑, 푸드, 무실적, 병원/약국, 해외",false,,https://d1c5n4ri2guedi.cloudfront.net/card/2475/card_img/28411/2475card.png,https://www.card-gorilla.com/card/detail/2475,캐시백: 생활 밀착 업종 사용금액 2만원당 200원 캐쉬백 | 기타: G마켓 / 옥션 멤버쉽 서비스 | 금융: KEB하나은행 자동화기기(CD/ATM) 수수료 월 10회 면제 | 해외: 해외에서 ATM 사용 및 물품구매 가능
2172,탐나는J체크카드,제주은행,체크,BC,없음,200000,"200,000원",대중교통: 10% | 통신: 3% | 카페: 20%,"교통, 통신, 마트/편의점, 푸드, 카페/디저트, 교육/육아",false,,https://d1c5n4ri2guedi.cloudfront.net/card/2172/card_img/21786/2172card.gif,https://www.card-gorilla.com/card/detail/2172,대중교통: 대중교통 10% 청구 할인 | 교육/육아: 토익 응시료 할인 | 통신: 이동통신요금 3% 청구 할인 | 편의점: 편의점(CU) 최대 7% 청구 할인 | 푸드: 패밀리레스토랑(VIPS) 20% 청구 할인
2224,able 시럽카드,KB증권,체크,,국내전용 [없음],0,없음,멤버십포인트: 무제한 | 바우처: 30000원 | 호텔: 50%,"무실적, 여행/숙박",false,,https://d1c5n4ri2guedi.cloudfront.net/card/2224/card_img/21357/2224card.png,https://www.card-gorilla.com/card/detail/2224,멤버십포인트: 통합멤버십서비스 | 기타: 모바일쿠폰서비스 | 할인: 현장할인서비스 | 금융: 수수료무료
2244,위버스 신한카드 체크(BTS),신한카드,체크,,국내전용 [없음],200000,"200,000원",적립: 2% | 생활: 5% | 할인: 25%,"교통, 마트/편의점, 쇼핑, 카페/디저트, 뷰티/피트니스, OTT/영화/문화",false,,https://d1c5n4ri2guedi.cloudfront.net/card/2244/card_img/20993/2244card.png,https://www.card-gorilla.com/card/detail/2244,적립: Weverse Shop 이용금액의 2% Weverse Shop 캐시 추가 적립 | 생활: 생활영역 이용금액의 5% Weverse Shop 캐시 적립 | 기타: HYBE INSIGHT 내 매장 결제 시 25% 할인 | 선택형: 카드 디자인 선택가능
2072,시장愛 체크카드,MG새마을금고,체크,,국내전용 [없음],300000,"300,000원",전통시장: 15% | 통신: 2000원 | 교통: 5%,"교통, 통신, 마트/편의점",false,,https://d1c5n4ri2guedi.cloudfront.net/card/2072/card_img/21927/2072card.png,https://www.card-gorilla.com/card/detail/2072,"전통시장: 전통시장 15% 할인 | 기타: 나들가게 15% 할인 | 통신: 이동통신요금 2,000원 할인 | 기타: 교통 5% 할인"
1985,내가그린카드,SBI저축은행,체크,BC,국내전용 [없음],200000,"200,000원",소셜커머스: 5% | 온라인쇼핑: 5% | 점심: 5%,"통신, 쇼핑, 푸드, 카페/디저트, 교육/육아, OTT/영화/문화",false,,https://d1c5n4ri2guedi.cloudfront.net/card/1985/card_img/22013/1985card.png,https://www.card-gorilla.com/card/detail/1985,"소셜커머스: 티몬, 위메프, 쿠팡 5% 할인 | 온라인쇼핑: G마켓, 옥션, 11번가 5% 할인 | 점심: 일반 &middot; 휴게음식 업종 5% 할인 | 카페: 스타벅스, 커피빈, 카페베네, 아티제 10% 할인 | 영화: CGV, 메가박스 (온라인 포함) 3천원 할인 | 공연/전시: 인터파크, YES24 3천원 할인 | 통신: 이동통신 요금 업종 2천원 할인 | 도서: 전월이용실적 별 통합할인한도 | 은행사: 인터넷뱅킹/모바일뱅킹/폰뱅킹 이체수수료"
2173,국민행복체크카드,제주은행,체크,BC,국내전용 [없음],300000,"300,000원",국민행복: 3% | 통신: 1000원 | 카페: 10%,"교통, 푸드, 카페/디저트, 병원/약국, 교육/육아, OTT/영화/문화",false,,https://d1c5n4ri2guedi.cloudfront.net/card/2173/card_img/21787/2173card.gif,https://www.card-gorilla.com/card/detail/2173,국민행복: 이동통신요금 자동이체시 1천원 청구할인 | 국민행복: 이동통신요금 자동이체시 1천원 청구할인 | 국민행복: 국내 가맹점 이용금액 0.2~0.5% 에코머니 포인트 기본 적립 | 편의점: 편의점(CU) 최대 7% 청구 할인 | 기타: 그린카드 멤버십 서비스
2190,해피포인트 체크카드,전북은행,체크,Mastercard,해외겸용 [없음],0,없음,해피포인트: 20% | 영화: 2000원 | 대중교통: 10%,"교통, 마트/편의점, 푸드, 무실적",false,,https://d1c5n4ri2guedi.cloudfront.net/card/2190/card_img/21804/2190card.png,https://www.card-gorilla.com/card/detail/2190,"해피포인트: - 전월실적에 따라 해피포인트 가맹점 10~20% 캐시백 | 생활: 1. CGV, 메가박스, 롯데시네마 2천원 캐시백"
2247,위버스 신한카드 체크(SEVENTEEN),신한카드,체크,,국내전용 [없음],200000,"200,000원",적립: 2% | 생활: 5% | 할인: 25%,"교통, 마트/편의점, 쇼핑, 카페/디저트, 뷰티/피트니스, OTT/영화/문화",false,,https://d1c5n4ri2guedi.cloudfront.net/card/2247/card_img/20997/2247card.png,https://www.card-gorilla.com/card/detail/2247,적립: Weverse Shop 이용금액의 2% Weverse Shop 캐시 추가 적립 | 생활: 생활영역 이용금액의 5% Weverse Shop 캐시 적립 | 기타: HYBE INSIGHT 내 매장 결제 시 25% 할인 | 선택형: 카드 디자인 선택가능
2546,신한카드 Pick E 선불,신한카드,체크,Mastercard,해외겸용 [없음],0,없음,편의점: 10% | 멤버십포인트: 10% | 푸드: 3000원,"마트/편의점, 푸드, 카페/디저트, 무실적",false,,https://d1c5n4ri2guedi.cloudfront.net/card/2546/card_img/29535/2546card.png,https://www.card-gorilla.com/card/detail/2546,편의점: 4대 편의점 이용 시 10% 적립 | 카페: 커피 업종 이용 시 10% 적립 | 생활: 놀 | 푸드: One Pick 맛집 가맹점 최대 3천 포인트 적립
599,AK우리카드 체크,우리카드,체크,"VISA, BC, Mastercard, UnionPay","국내전용 [3,000]원 / 해외겸용 [3,000]원",300000,"300,000원",쇼핑: 무제한 | 모든가맹점: 0.1% | 테마파크: 50%,"모든가맹점, 카페/디저트, 레저/스포츠",false,,https://d1c5n4ri2guedi.cloudfront.net/card/599/card_img/21366/599card.png,https://www.card-gorilla.com/card/detail/599,"모든가맹점: 국내가맹점 이용액 0.1% 우리WON꿀머니(모아포인트) 적립 | 카페: 스타벅스, 폴바셋 1천원 청구할인 | 테마파크: 주요 놀이공원 자유이용권 50% 현장할인 | 멤버십포인트: AK플라자 현장할인과 AK멤버스 마일리지 적립"
675,Air Money(에어머니)체크,NH농협카드,체크,VISA,국내전용 [없음] / 해외겸용 [없음],0,없음,적립: 0.2% | 적립: 0.2%,"모든가맹점, 무실적, 항공마일리지",false,,https://d1c5n4ri2guedi.cloudfront.net/card/675/card_img/21440/675card.png,https://www.card-gorilla.com/card/detail/675,적립: Air Money 적립 | 기타: SMS 바로 알림 서비스 무료제공
2272,신한 Meme(밈) 카드,신한카드,체크,,국내전용 [없음],0,없음,음원사이트: 5% | 기타: 5% | 편의점: 5%,"마트/편의점, 무실적, OTT/영화/문화",false,,https://d1c5n4ri2guedi.cloudfront.net/card/2272/card_img/20694/2272card.png,https://www.card-gorilla.com/card/detail/2272,적립: 혜택
2597,신한카드 봄 체크(도구리),신한카드,체크,Mastercard,국내전용 [없음] / 해외겸용 [없음],0,없음,캐시백: 0.3% | 대중교통: 200원,"모든가맹점, 교통, 무실적",false,,https://d1c5n4ri2guedi.cloudfront.net/card/2597/card_img/31066/2597card.png,https://www.card-gorilla.com/card/detail/2597,캐시백: 국내외 이용금액 월 최대 0.3% 캐시백 | 대중교통: 버스/지하철 후불교통 이용금액 캐시백
2189,1st TRIPLE 체크카드,전북은행,체크,Mastercard,없음,200000,"200,000원",캐시백: 5%,"교통, 주유, 마트/편의점, 쇼핑, 푸드, 카페/디저트, 간편결제, 해외",false,,https://d1c5n4ri2guedi.cloudfront.net/card/2189/card_img/21803/2189card.png,https://www.card-gorilla.com/card/detail/2189,캐시백: 1. BASIC (2%) 캐시백 | 기타: - 전북은행 ATM 출금수수료 면제 (월5회)
2073,청춘날다 체크카드,MG새마을금고,체크,,국내전용 [없음],300000,"300,000원",기타: 3000원 | 카페: 1000원 | 온라인쇼핑: 2000원,"통신, 마트/편의점, 쇼핑, 푸드, 카페/디저트, OTT/영화/문화",false,,https://d1c5n4ri2guedi.cloudfront.net/card/2073/card_img/21926/2073card.png,https://www.card-gorilla.com/card/detail/2073,"기타: SKT, KT, LGU+ 이동통신비 이용금액 할인 | 카페: 월요일: 스타벅스 1,000원 할인 | 온라인쇼핑: 화요일: 쿠팡 2,000원 할인 | 편의점: 수요일: 편의점 1,000원 할인 | 배달앱: 목요일: 배달의민족 1,000원 할인 | 영화: 금요일: CGV 2,000원 할인"
2920,커넥트 하나로 체크카드,NH농협카드,체크,,국내전용 [없음],0,없음,국내외가맹점: 0.2% | 국내외가맹점: 0.3% | 대중교통: 무제한,"모든가맹점, 교통, 무실적",false,2025-06-16,https://d1c5n4ri2guedi.cloudfront.net/card/2920/card_img/45403/2920card.png,https://www.card-gorilla.com/card/detail/2920,할인: 국내 가맹점 이용 시 0.2% ~ 0.3% 청구할인
340,락스타 체크카드,KB국민카드,체크,"VISA, UnionPay",국내전용 [없음] / 해외겸용 [없음],200000,"200,000원",교통: 10% | 통신: 2500원 | OTT/영화/문화: 35%,"교통, 통신, 마트/편의점, 푸드, 카페/디저트, 교육/육아, 레저/스포츠, OTT/영화/문화",false,,https://d1c5n4ri2guedi.cloudfront.net/card/340/card_img/20585/340card.png,https://www.card-gorilla.com/card/detail/340,"대중교통: 버스&middot;지하철 10% 청구할인 | 통신: 이동통신요금 2,500원 환급할인 | 영화: CG | 푸드: 아웃백, VIPS 20% 환급할인 | 테마파크: 에버랜드&middot;롯데월드 50% 환급할인 | 금융: 금융수수료 면제 서비스 | 생활: GS25 5% 환급할인 | 기타: 월간 통합할인한도"
491,11번가 신한카드 체크,신한카드,체크,Mastercard,해외겸용 [없음],0,없음,적립: 0.1% | 적립: 0.5%,"쇼핑, 무실적",false,,https://d1c5n4ri2guedi.cloudfront.net/card/491/card_img/21181/491card.png,https://www.card-gorilla.com/card/detail/491,적립: [기본적립] | 온라인쇼핑: [특별적립]
357,AK KB국민 체크카드,KB국민카드,체크,Mastercard,국내전용 [없음] / 해외겸용 [없음],300000,"300,000원",백화점: 5% | 항공권: 5% | 카페: 5%,"쇼핑, 푸드, 카페/디저트, OTT/영화/문화, 항공마일리지",false,,https://d1c5n4ri2guedi.cloudfront.net/card/357/card_img/20599/357card.png,https://www.card-gorilla.com/card/detail/357,"백화점: AK플라자, AK몰 5% 환급할인 | 항공권: 제주항공 5% 환급할인 | 카페: 커피전문점 5% 환급할인 | 영화: CGV 5% 환급할인 | 해피포인트: 해피포인트 5% 환급할인"
349,해피락스타 체크카드,KB국민카드,체크,Mastercard,국내전용 [없음] / 해외겸용 [없음],200000,"200,000원",카페/디저트: 20% | OTT/영화/문화: 35% | 통신: 2500원,"교통, 통신, 마트/편의점, 푸드, 카페/디저트, 교육/육아, 레저/스포츠, OTT/영화/문화",false,,https://d1c5n4ri2guedi.cloudfront.net/card/349/card_img/20593/349card.png,https://www.card-gorilla.com/card/detail/349,"대중교통: 전국 버스&middot;지하철 10% 청구할인 | 통신: 이동통신요금 2,500원 환급할인 | 영화: CGV 35% 환급할인 | 패밀리레스토랑: 아웃백, VIPS 20% 환급할인 | 카페: 스타벅스 20% 환급할인 | 테마파크: 에버랜드&middot;롯데월드 50% 환급할인 | 편의점: GS25 5% 환급할인 | 도서: 교보문고 5% 환급할인 | 해피포인트: 해피포인트 5% 현장적립 | 은행사: 금융수수료 면제 서비스 | 기타: 월간 통합할인한도"
2027,IBK-Syrup카드[체크],IBK기업은행,체크,UnionPay,해외겸용 [없음],300000,"300,000원",기타: 20000원 | 멤버십포인트: 무제한,모든가맹점,false,,https://d1c5n4ri2guedi.cloudfront.net/card/2027/card_img/21971/2027card.png,https://www.card-gorilla.com/card/detail/2027,기타: 모바일쿠폰 서비스 | 멤버십포인트: 통합 포인트 멤버십 서비스를 제공
2191,Smart Cashback 체크카드,전북은행,체크,Mastercard,없음,0,없음,캐시백: 1.2%,"모든가맹점, 무실적",false,,https://d1c5n4ri2guedi.cloudfront.net/card/2191/card_img/21805/2191card.png,https://www.card-gorilla.com/card/detail/2191,캐시백: - 월 10만원 한도(캐시백 금액 기준)
2223,able 아이맥스카드,KB증권,체크,,국내전용 [없음],300000,"300,000원",증권사: 무제한 | 금융: 무제한,모든가맹점,false,,https://d1c5n4ri2guedi.cloudfront.net/card/2223/card_img/21358/2223card.png,https://www.card-gorilla.com/card/detail/2223,금융: 선택 1. CMA형 서비스 | 할인: 제휴처 1 | 특급 Hotel F&amp;B 10~20% | 금융: 수수료무료
684,리틀프렌즈 체크카드,하나카드,체크,VISA,국내전용 [없음] / 해외겸용 [없음],100000,"100,000원",편의점: 1000원 | 도서: 1000원 | 베이커리: 1000원,"마트/편의점, 카페/디저트, 교육/육아",false,,https://d1c5n4ri2guedi.cloudfront.net/card/684/card_img/21449/684card.png,https://www.card-gorilla.com/card/detail/684,"편의점: 편의점(CU, GS25, 세븐일레븐) | 도서: 서점(영풍문고, 반디앤루니스, 교보문고) | 베이커리: 베이커리(뚜레쥬르, 파리바게뜨, 던킨도너츠)"
300,SOCAR 제휴 SOCAR 신한카드 체크,신한카드,체크,"VISA, UnionPay",해외겸용 [없음],200000,"200,000원",렌터카: 10% | 영화: 10% | 기차: 5%,"교통, 공과금/렌탈, 자동차/하이패스, OTT/영화/문화, 여행/숙박",false,,https://d1c5n4ri2guedi.cloudfront.net/card/300/card_img/20523/300card.png,https://www.card-gorilla.com/card/detail/300,"렌터카: SOCAR 결제 시 10% 할인(캐시백) | 영화: 영화 이용 시 10% 할인(캐시백) | 기차: KTX, SRT 포함 철도 이용 시 5% 할인(캐시백) | 캐시백: SOCAR 신한카드 체크 통합할인한도 안내"
1463,신협 어부바 체크카드,신협,체크,VISA,국내전용 [없음] / 해외겸용 [없음],200000,"200,000원",편의점: 10% | 카페: 10% | 패스트푸드: 10%,"통신, 마트/편의점, 푸드, 카페/디저트, 뷰티/피트니스, 교육/육아, OTT/영화/문화, 여행/숙박",false,,https://d1c5n4ri2guedi.cloudfront.net/card/1463/card_img/20611/1463card.jpg,https://www.card-gorilla.com/card/detail/1463,"편의점: 편의점 CU, GS25, 세븐일레븐, 미니스탑, 위드미 10% 캐시백 | 카페: 커피전문점 커피빈, 스타벅스, 투썸플레이스, 카페베네, 탐앤탐스, 엔제리너스 10% 캐시백 | 패스트푸드: 패스트푸드 미스터피자, 맥도날드, KFC 10% 캐시백 | 도서: 도서 교보, 반디앤루니스, 영풍 5% 캐시백 | 드럭스토어: 로드샵 CJ올리브영, GS왓슨스, 다이소 5%캐시백 | 렌터카: 렌터카 그린카 5% 캐시백 | 영화: 영화 CGV, 메가박스, 롯데시네마 3,000원 캐시백 | 기타: 응시료 토익, TEPS 3,000원 캐시백 | 통신: 통신요금 SKT, KT, LG U+ 3,000원 캐시백"
1260,우리성당 체크카드,우리카드,체크,"VISA, Mastercard",해외겸용 [없음],300000,"300,000원",교통: 1500원 | 병원/약국: 5% | 영화: 3000원,"교통, 주유, 푸드, 카페/디저트, 병원/약국, OTT/영화/문화",false,,https://d1c5n4ri2guedi.cloudfront.net/card/1260/card_img/21047/1260card.png,https://www.card-gorilla.com/card/detail/1260,"대중교통: 대중교통 할인 | 병원/약국: 병원 약국 할인 | 영화: 모든 영화관 3,000원 할인 | 패밀리레스토랑: 아웃백, TGIF 20% 현장 할인 | 카페: 스타벅스 투썸플레이스 20% 할인 | 주유: GS칼텍스 리터당 40원 할인"
755,LIKIT fun 체크카드,롯데카드,체크,,국내전용 [없음],300000,"300,000원",통신: 2000원 | 편의점: 1000원 | 카페: 1000원,"통신, 마트/편의점, 카페/디저트, OTT/영화/문화",false,,https://d1c5n4ri2guedi.cloudfront.net/card/755/card_img/22229/755card.png,https://www.card-gorilla.com/card/detail/755,"카페: 스타벅스, 엔제리너스 1천원 캐시백 | 영화: 롯데시네마, CGV 2천원 캐시백 | 편의점: 세븐일레븐, GS25, CU 1천원 캐시백 | 통신: SKT, KT, LG U+ 2천원 캐시백"
814,해피포인트 DGB체크카드,iM뱅크,체크,BC,국내전용 [없음],200000,"200,000원",해피포인트: 20% | 캐시백: 5% | 통신: 3%,"교통, 통신, 푸드, 교육/육아, 레저/스포츠, OTT/영화/문화, 해외",false,,https://d1c5n4ri2guedi.cloudfront.net/card/814/card_img/21728/814card.png,https://www.card-gorilla.com/card/detail/814,"해피포인트: 해피포인트 가맹점 이용시 20% 결제일 캐시백 | 통신: 이동통신요금 자동이체 금액의 3% 결제일 캐시백 | 영화: 인터넷 영화 예매시 2,000원 결제일 캐시백 | 교육/육아: 토익응시료 2천원 결제일 캐시백 | 테마파크: 전국 주요놀이공원 무료입장 및 자유이용권 50% 할인 | 면세점: 국내면세점 할인쿠폰 서비스 | BC TOP: TOP가맹점 이용시 TOP 포인트 적립 | 교통: 대경교통카드 서비스 (선택사항)"
816,단디체크카드,iM뱅크,체크,UnionPay,해외겸용 [없음],0,없음,주유: 2% | 영화: 1500원 | 테마파크: 무제한,"주유, 푸드, 카페/디저트, 무실적, 교육/육아, 레저/스포츠, OTT/영화/문화, 해외",false,,https://d1c5n4ri2guedi.cloudfront.net/card/816/card_img/21726/816card.png,https://www.card-gorilla.com/card/detail/816,"주유소: 전주유소 이용액의 2% 할인(LPG제외) | 영화: 전국 주요영화관 1,500원 현장할인 | 패밀리레스토랑: 주요 패밀리레스토랑 10% 할인 | 테마파크: 전국 주요놀이공원 할인 | 카페: 커피전문점 (Sleepless In Seattle) 10% 할인(결제일 캐시백) | 경기관람: 인터넷 예매 1,500원 할인 | 도서: 온라인 서적 인터넷 2,000원 할인 | 금융: 당행 CD / ATM기 현금 인출수수료 면제(영업시간 외 이용시)"
354,LG U+ 체크카드,KB국민카드,체크,Mastercard,해외겸용 [없음],300000,"300,000원",통신: 6000원 | 카페/디저트: 10% | OTT/영화/문화: 10%,"통신, 카페/디저트, OTT/영화/문화",false,,https://d1c5n4ri2guedi.cloudfront.net/card/354/card_img/20597/354card.png,https://www.card-gorilla.com/card/detail/354,통신: LG U+ 이동통신요금 자동납부 시 4~6천원 환급할인 | 카페: 스타벅스 10% 환급할인 | 영화: CGV 10% 환급할인
392,국민행복 삼성체크카드,삼성카드,체크,"Mastercard, UnionPay",국내전용 [없음] / 해외겸용 [없음],0,없음,모든가맹점: 0.2% | 카페/디저트: 1000원 | OTT/영화/문화: 1500원,"마트/편의점, 쇼핑, 푸드, 카페/디저트, 무실적, 자동차/하이패스, OTT/영화/문화",false,,https://d1c5n4ri2guedi.cloudfront.net/card/392/card_img/28055/392card.png,https://www.card-gorilla.com/card/detail/392,"국민행복: 국민행복 바우처 서비스(정부지원금) | 모든가맹점: 업종 및 연간 이용금액에 따라 0.2%~0.8% 빅포인트 적립 | 패밀리레스토랑: 아웃백스테이크하우스 10% 현장할인 | 카페: 스타벅스 1만원 이상 결제 시 1,000원 결제일할인(청구할인) | 영화: CGV 1,500원&middot;무비존 3,000원 현장할인 | 정비: 닥터카서비스 | 백화점: 신세계백화점 5% 할인 | 대형마트: 이마트 맘키즈 서비스"
2614,KB Pay 머니백카드,KB국민카드,체크,,국내전용 [없음],200000,"200,000원",적립: 0.1% | 기타: 5%,모든가맹점,false,,https://d1c5n4ri2guedi.cloudfront.net/card/2614/card_img/31369/2614card%5B1%5D.png,https://www.card-gorilla.com/card/detail/2614,적립: KB Pay &#39;다 되는&#39; 적립 | 간편결제: KB Pay 온라인 &#39;더 되는&#39; 적립 | 간편결제: KB Pay 오프라인 &#39;더 되는&#39; 적립
2507,2030 언택트 체크카드,BNK부산은행,체크,BC,국내전용 [없음],200000,"200,000원",카페: 3000원 | 배달앱: 3000원 | 디지털구독: 20%,"쇼핑, 푸드, 카페/디저트, OTT/영화/문화",false,,https://d1c5n4ri2guedi.cloudfront.net/card/2507/card_img/28654/2507card.png,https://www.card-gorilla.com/card/detail/2507,카페: 커피 | 배달앱: 딜리버리 | 온라인쇼핑: 쇼핑 | 디지털구독: 구독
2512,신한카드 봄(체크),신한카드,체크,Mastercard,국내전용 [없음] / 해외겸용 [없음],0,없음,캐시백: 0.3% | 대중교통: 200원,"모든가맹점, 교통, 무실적",false,,https://d1c5n4ri2guedi.cloudfront.net/card/2512/card_img/28737/2512card.png,https://www.card-gorilla.com/card/detail/2512,캐시백: 국내외 이용금액 월 최대 0.3% 캐시백 | 대중교통: 버스/지하철 후불교통 이용금액 캐시백
2333,땡겨요 신한카드 체크,신한카드,체크,VISA,국내전용 [없음] / 해외겸용 [없음],300000,"300,000원",배달앱: 10% | 카페: 2% | 편의점: 2%,"마트/편의점, 푸드, 카페/디저트",false,,https://d1c5n4ri2guedi.cloudfront.net/card/2333/card_img/24278/2333card.png,https://www.card-gorilla.com/card/detail/2333,배달앱: 땡겨요 앱 이용금액 마이신한포인트 10% 적립 | 카페: 스타벅스(사이렌오더 포함) 이용금액 마이신한포인트 2% 적립 | 편의점: 편의점 이용금액 2% 마이신한포인트 적립
2356,레고랜드 체크카드,KB국민카드,체크,Mastercard,국내전용 없음 / 해외겸용 없음,300000,"300,000원",테마파크: 5% | 카페: 20% | 대중교통: 10%,"교통, 통신, 마트/편의점, 카페/디저트, 교육/육아, 레저/스포츠, OTT/영화/문화",false,,https://d1c5n4ri2guedi.cloudfront.net/card/2356/card_img/24769/2356card.png,https://www.card-gorilla.com/card/detail/2356,"테마파크: 레고랜드 코리아 5% 환급할인 | 대중교통: 대중교통(버스/지하철) 10% 환급할인 | 통신: SKT, KT, LGU+, LiivM 2,500원 환급할인 | 디지털구독: 멜론, 지니, 넷플릭스, 웨이브 5% 환급할인 | 카페: 스타벅스 20% 환급할인 | 도서: 교보문고 5% 환급할인 | 편의점: GS25 5% 환급할인"
2808,딩딩 체크카드,BNK부산은행,체크,,해외겸용 [없음],200000,"200,000원",편의점: 10% | 베이커리: 10% | 패스트푸드: 10%,"마트/편의점, 쇼핑, 푸드, 카페/디저트, 뷰티/피트니스, 교육/육아, OTT/영화/문화",false,,https://d1c5n4ri2guedi.cloudfront.net/card/2808/card_img/40124/2808card.png,https://www.card-gorilla.com/card/detail/2808,"편의점: GS25, CU, 세븐일레븐 10% 할인 | 베이커리: 파리바게뜨, 뚜레쥬르, 던킨도너츠 10% 할인 | 패스트푸드: 맥도날드, 롯데리아 10% 할인 | 카페: 스타벅스, 카페베네, 엔제리너스 10% 할인 | 쇼핑: CJ올리브영, 다이소 10% 할인 | 온라인쇼핑: G마켓, 옥션, 11번가 5% 할인 | 영화: 영화 할인 | 도서: 교보, 영풍, YES24, 영광도서 2천원 할인"
2810,더 심플 체크카드,하나카드,체크,Mastercard,국내전용 [없음] / 해외겸용 [없음],300000,"300,000원",통신: 5000원 | 카페: 5%,"통신, 카페/디저트",false,,https://d1c5n4ri2guedi.cloudfront.net/card/2810/card_img/39691/2810card.png,https://www.card-gorilla.com/card/detail/2810,"통신: 통신 요금 대상 가맹점 자동이체 1만원 이상 납부 시 5,000원 캐시백 | 카페: 스타벅스, 커피빈, 투썸플레이스 1만원 이상 결제 시 5% 캐시백"
2812,zgm.고향으로 체크,NH농협카드,체크,Mastercard,국내전용 [없음] / 해외겸용 [없음],0,없음,적립: 0.2% | 적립: 0.2%,"모든가맹점, 무실적",false,,https://d1c5n4ri2guedi.cloudfront.net/card/2812/card_img/40123/2812card.png,https://www.card-gorilla.com/card/detail/2812,적립: 국내/해외 이용가맹점 0.2% NH포인트 기본적립 | 적립: 주말(토/일요일) 국내 이용가맹점 0.2% NH포인트 추가 적립 | 적립: [고향사랑 우대 서비스] 주말(토/일요일) 전국 오프라인 가맹점 이용 시 0.2% NH포인트 추가 적립
328,라떼 우리체크카드,우리카드,체크,BC,"국내전용 [2,000]원",250000,"250,000원",카페/디저트: 1000원 | 카페: 15000원,카페/디저트,false,,https://d1c5n4ri2guedi.cloudfront.net/card/328/card_img/20572/328card.png,https://www.card-gorilla.com/card/detail/328,"카페: 커피전문점 1회당 1,000원 할인 캐시백"
1714,세븐일레븐 멤버십롯데체크카드,롯데카드,체크,VISA,국내전용 [없음] / 해외겸용 [없음],200000,"200,000원",편의점: 무제한 | 연회비지원: 무제한 | 헤어: 20%,"주유, 마트/편의점, 쇼핑, 푸드, 뷰티/피트니스, 레저/스포츠, 해외",false,,https://d1c5n4ri2guedi.cloudfront.net/card/1714/card_img/22410/1714card.jpg,https://www.card-gorilla.com/card/detail/1714,"편의점: 세븐일레븐 전 매장에서 결제 시 1,000원당 L.POINT 7포인트 적립 | 연회비지원: 평생 연회비가 면제되며, 카드 이용 안내 정보를 등록한 휴대폰으로 실시간 전송해 드리는 SMS 서비스는 무료 입니다. | 헤어: 박준뷰티랩 | 테마파크: 롯데월드 종합이용권 50% 할인 | 레저/스포츠: 대상 | 쇼핑: 롯데백화점 5%할인 e-쿠폰 | 여행/숙박: 해외항공권 | 푸드: 보네스뻬/보네스뻬브레드 10% 할인 | 주유: 리터당 50원 적립(휘발유, 등유, 경유는 휘발유 기준유가로 환산하여 적립) | 멤버십포인트: 리터당 50원 적립(휘발유, 등유, 경유는 휘발유 기준유가로 환산하여 적립)"
2218,NAMUH 체크카드,NH투자증권,체크,,국내전용 [없음],300000,"300,000원",소셜커머스: 10% | 카페: 10% | 택시: 10%,"교통, 마트/편의점, 쇼핑, 카페/디저트",false,,https://d1c5n4ri2guedi.cloudfront.net/card/2218/card_img/21767/2218card.png,https://www.card-gorilla.com/card/detail/2218,소셜커머스: 소셜커머스 10% 할인 | 카페: 커피 10% 할인 | 편의점: 편의점 10% 할인 | 택시: 택시요금 10% 할인
1526,K리그 축덕 Young Hana 체크카드 with OKcashbag,하나카드,체크,Mastercard,해외겸용 [없음],200000,"200,000원",카페: 20% | 생활: 10% | 수수료우대: 무제한,"교통, 통신, 마트/편의점, 쇼핑, 푸드, 카페/디저트, 교육/육아, 레저/스포츠, OTT/영화/문화",false,,https://d1c5n4ri2guedi.cloudfront.net/card/1526/card_img/32519/1526card.png,https://www.card-gorilla.com/card/detail/1526,적립: 하나머니 적립 서비스 | OK캐쉬백: OK캐쉬백 플러스 적립 서비스 | 수수료우대: 해외 ATM 현금인출 수수료 우대 | 테마파크: 놀이공원 할인 서비스
2868,KB 전통시장온누리체크카드,KB국민카드,체크,Mastercard,국내전용 [없음] / 해외겸용 [없음],400000,"400,000원",전통시장: 5% | 할인: 5% | 쇼핑: 5%,마트/편의점,false,2025-06-30,https://d1c5n4ri2guedi.cloudfront.net/card/2868/card_img/43911/2868card.png,https://www.card-gorilla.com/card/detail/2868,전통시장: 전통시장가맹점 이용 5% 환급할인 | 할인: 온누리상품권 차감 이용 5% 환급할인 | 쇼핑: KB Pay 쇼핑 이용 5% 환급할인
2839,Together 체크카드,광주은행,체크,Mastercard,국내전용 [없음] / 해외겸용 [없음],200000,"200,000원",모든가맹점: 0.2% | 기타: 0.2% | 할인: 0.2%,"모든가맹점, 교통, 주유, 마트/편의점, 쇼핑, 카페/디저트, OTT/영화/문화",false,,https://d1c5n4ri2guedi.cloudfront.net/card/2839/card_img/41666/2839card.png,https://www.card-gorilla.com/card/detail/2839,국내외가맹점: 실적・한도 제한 없이 국내외 가맹점 이용 금액의 0.2% 캐시백 | 캐시백: 대상 업종 또는 가맹점 이용금액의 0.2% 추가 캐시백 | 금융: 수수료 및 환율 우대
2338,신한카드 Way 체크,신한카드,체크,VISA,국내전용 [없음] / 해외겸용[없음],200000,"200,000원",교통: 5% | 생활: 2% | 해외: 1.3%,"교통, 통신, 마트/편의점, 카페/디저트, 뷰티/피트니스, OTT/영화/문화",false,,https://d1c5n4ri2guedi.cloudfront.net/card/2338/card_img/24301/2338card.png,https://www.card-gorilla.com/card/detail/2338,대중교통: 대중교통(버스/지하철) 이용 시 최대 5% 적립 | 생활: 생활편의영역 이용 시 최대 2% 적립 | 해외: 해외 이용금액에 대해 1.3% 적립
366,jumjum(점점) 체크카드(비씨),NH농협카드,체크,UnionPay,해외겸용 [없음],0,없음,모든가맹점: 0.2%,"모든가맹점, 무실적, 해외",false,,https://d1c5n4ri2guedi.cloudfront.net/card/366/card_img/20607/366card.png,https://www.card-gorilla.com/card/detail/366,모든가맹점: 국내&middot;외 전 가맹점 0.2%~0.4% TOP포인트 적립
1394,현대백화점 체크카드,BNK부산은행,체크,BC Global,"해외겸용 [1,000]원",0,없음,백화점: 5% | 모든가맹점: 0.2%,"모든가맹점, 쇼핑, 무실적, OTT/영화/문화",false,,https://d1c5n4ri2guedi.cloudfront.net/card/1394/card_img/20748/1394card.png,https://www.card-gorilla.com/card/detail/1394,모든가맹점: 전 | 공연/전시: 문화할인 | 백화점: 현대백화점
685,하이틴즈 체크카드,IBK기업은행,체크,BC,국내전용 [없음],100000,"100,000원",편의점: 500원 | 패스트푸드: 500원 | 기타: 1000원,"마트/편의점, 푸드, 카페/디저트",false,,https://d1c5n4ri2guedi.cloudfront.net/card/685/card_img/21450/685card.png,https://www.card-gorilla.com/card/detail/685,생활: 라이프 할인서비스(편의점/푸드/음료) | 기타: 스터디 할인서비스
677,배달의민족 비장의카드 V.2,우리카드,체크,"VISA, BC","국내전용 [3,000]원 / 해외겸용 [3,000]원",300000,"300,000원",배달앱: 1100원 | 온라인쇼핑: 10% | 대중교통: 2000원,"교통, 쇼핑, 푸드, 카페/디저트",false,,https://d1c5n4ri2guedi.cloudfront.net/card/677/card_img/21442/677card.png,https://www.card-gorilla.com/card/detail/677,"배달앱: 배달의민족 1,100원 캐시백 | 온라인쇼핑: G마켓, 옥션, 우리WON마켓 10% 캐시백 | 카페: 스타벅스(사이렌오더 포함) 20% 캐시백 | 기타: 파리바게뜨, 배스킨라빈스, 던킨도너츠 10% 캐시백 | 대중교통: 전국 시내버스 지하철 2,000원 캐시백"
645,L.pay 신한카드 체크,신한카드,체크,VISA,국내전용 [없음] / 해외겸용 [없음],0,없음,적립: 0.1% | 쇼핑: 0.5% | 간편결제: 2.5%,"교통, 마트/편의점, 쇼핑, 무실적, OTT/영화/문화, 해외",false,,https://d1c5n4ri2guedi.cloudfront.net/card/645/card_img/21409/645card.png,https://www.card-gorilla.com/card/detail/645,"적립: 국내/해외 이용금액 0.1% 포인트 적립 | 교통: 후불교통(버스/지하철) 및 택시, 롯데 더드림영역 이용금액 0.5% 포인트 적립 | 간편결제: 특별적립 대상 롯데 더드림영역에서 L.pay 결제시 최대 2.5% 추가 포인트 적립"
523,Liiv M 체크카드,KB국민카드,체크,VISA,국내전용 [없음] / 해외겸용 [없음],300000,"300,000원",통신: 5% | 여행/숙박: 3% | 편의점: 3%,"통신, 마트/편의점, 쇼핑",false,,https://d1c5n4ri2guedi.cloudfront.net/card/523/card_img/21208/523card.png,https://www.card-gorilla.com/card/detail/523,통신: Liiv M 이동통신요금 5% 환급할인 | 소셜커머스: 11번가 3% 환급할인 | 여행/숙박: 야놀자 3% 환급할인 | 편의점: CU편의점 3% 환급할인
2471,신한카드 Way 체크(최고심),신한카드,체크,VISA,국내전용 [없음] / 해외겸용[없음],200000,"200,000원",교통: 5% | 생활: 2% | 해외: 1.3%,"교통, 통신, 마트/편의점, 카페/디저트, 뷰티/피트니스, OTT/영화/문화",false,,https://d1c5n4ri2guedi.cloudfront.net/card/2471/card_img/28241/2471card.png,https://www.card-gorilla.com/card/detail/2471,대중교통: 대중교통(버스/지하철) 이용 시 최대 5% 적립 | 생활: 생활편의영역 이용 시 최대 2% 적립 | 해외: 해외 이용금액에 대해 1.3% 적립 | 선택형: 카드플레이트 선택 가능
2215,LUNCH 체크카드,SK증권,체크,,국내전용 [없음],300000,"300,000원",점심: 10% | 카페: 10% | 편의점: 10%,"마트/편의점, 푸드, 카페/디저트",false,,https://d1c5n4ri2guedi.cloudfront.net/card/2215/card_img/21770/2215card.png,https://www.card-gorilla.com/card/detail/2215,점심: 점심할인 10%(월10회) | 카페: 커피할인 10%(월10회) | 편의점: 편의점할인 10%(월10회) | 할인: 할인액의 20%를 추가 할인!
2012,NH올원 NH투자증권체크카드,NH농협카드,체크,Mastercard,해외겸용 [없음],0,없음,모든가맹점: 0.4% | 해외이용: 0.4%,"모든가맹점, 무실적, 해외",false,,https://d1c5n4ri2guedi.cloudfront.net/card/2012/card_img/21986/2012card.png,https://www.card-gorilla.com/card/detail/2012,적립: 전월실적에 상관없이 0.2 ~ 0.4% 적립 | 기타: OK Cashbag | 기타: SMS 휴대폰 바로알림 서비스
2625,토스 USS NEXT 체크카드,KB국민카드,체크,Mastercard,국내전용 [없음] / 해외겸용 [없음],200000,"200,000원",카페: 100원 | 편의점: 200원 | 대중교통: 1000원,"교통, 마트/편의점, 푸드, 카페/디저트, 레저/스포츠",false,,https://d1c5n4ri2guedi.cloudfront.net/card/2625/card_img/31642/2625card.png,https://www.card-gorilla.com/card/detail/2625,"카페: 커피 업종 100원 할인 | 편의점: 편의점 200원 할인 | 게임: 모바일 200원 할인 | 배달앱: 배달음식 500원 할인 | 대중교통: 대중교통 1,000원 할인"
2589,GS Prime 신한카드 체크,신한카드,체크,VISA,국내전용 [없음] / 해외겸용 [없음],0,없음,쇼핑: 1% | 멤버십포인트: 0.1% | 무실적: 무제한,"모든가맹점, 무실적",false,,https://d1c5n4ri2guedi.cloudfront.net/card/2589/card_img/30838/2589card.png,https://www.card-gorilla.com/card/detail/2589,쇼핑: GS리테일 점내 이용 시 GS&amp;POINT 1% 적립 | 모든가맹점: 그 외 모든 가맹점 이용 시 GS&amp;POINT 0.1% 기본 적립
1298,청소년 후불교통 체크카드,BNK부산은행,체크,BC,국내전용 [없음],200000,"200,000원",편의점: 10% | 카페/디저트: 10% | 영화: 4000원,"교통, 마트/편의점, 쇼핑, 푸드, 카페/디저트, 뷰티/피트니스, 교육/육아, OTT/영화/문화",false,,https://d1c5n4ri2guedi.cloudfront.net/card/1298/card_img/20986/1298card.png,https://www.card-gorilla.com/card/detail/1298,편의점: 편의점 | 카페/디저트: 베이커리 | 패스트푸드: 외식 | 쇼핑: 오프라인 | OTT/영화/문화: 영화관 | 교통: 후불교통기능
1451,우리V외국인체크카드,우리카드,체크,BC,국내전용 [없음],0,없음,금융: 50% | 영화: 4000원 | 대형마트: 5%,"마트/편의점, 무실적, 레저/스포츠, OTT/영화/문화",false,,https://d1c5n4ri2guedi.cloudfront.net/card/1451/card_img/20623/1451card.png,https://www.card-gorilla.com/card/detail/1451,"금융: 외환 환전 송금 최대 50% 환율 우대 | 영화: CGV영화 최대 4천원 청구할인 | 테마파크: 놀이공원 할인서비스 | 대형마트: 3대 할인점 5% 청구할인 (이마트, 롯데마트, 홈플러스) | 은행사: 우리은행 자동화기기 인출수수료 면제"
1573,티머니 체크카드,KB국민카드,체크,VISA,국내전용 [없음] / 해외겸용 [없음],200000,"200,000원",영화: 20% | 테마파크: 30% | 패밀리레스토랑: 15%,"마트/편의점, 푸드, 카페/디저트, 뷰티/피트니스, 교육/육아, 레저/스포츠, OTT/영화/문화, 항공마일리지",false,,https://d1c5n4ri2guedi.cloudfront.net/card/1573/card_img/22652/1573card.png,https://www.card-gorilla.com/card/detail/1573,"패밀리레스토랑: 아웃백&middot;VIPS&middot;TGIF&middot;세븐스프링스 주중 10%, 주말 15% 환급할인 | 영화: CGV&middot;메가박스 20% 환급할인 | 테마파크: 에버랜드&middot;서울랜드&middot;롯데월드 30% 환급할인 | 카페: 커피빈 주중 5%, 주말 10% 환급할인 | 제주항공: 제주항공 10% 환급할인 | 헤어: 박승철헤어스투디오&middot;올리브영 10% 환급할인 | 도서: 교보문고 3% 환급할인 | 편의점: GS25 5% 환급할인 | 금융: 금융수수료 면제 서비스 | 교통: KB국민 티머니 체크카드란?"
812,국민행복카드 체크카드,iM뱅크,체크,BC,국내전용 [없음],0,없음,병원/약국: 3% | 교육/육아: 3% | 무실적: 0.8%,"통신, 쇼핑, 푸드, 카페/디저트, 무실적, 병원/약국, 교육/육아",false,,https://d1c5n4ri2guedi.cloudfront.net/card/812/card_img/21730/812card.gif,https://www.card-gorilla.com/card/detail/812,선택형: 의료 | 선택형: 육아/교육 | 선택형: 국내 가맹점 이용금액 0.2%~0.8% 에코머니 포인트 적립 | 기타: 친환경제품 구매시 에코머니 적립 | 바우처: 국민행복카드란?
1285,넥슨 메이플스토리 하나BC 체크카드,하나카드,체크,VISA,해외겸용 [없음],200000,"200,000원",게임: 25% | 교통: 5% | 온라인쇼핑: 5%,"교통, 마트/편의점, 쇼핑, 카페/디저트, 레저/스포츠",false,,https://d1c5n4ri2guedi.cloudfront.net/card/1285/card_img/21021/1285card.png,https://www.card-gorilla.com/card/detail/1285,"게임: 넥슨캐시/세라 온라인 충전금액 15% 캐쉬백 | 교통: 대중교통 (버스, 지하철) 5% 캐쉬백 | 생활: 11번가, 옥션, G마켓 5% 캐쉬백"
372,NC다이노스체크카드,NH농협카드,체크,VISA,해외겸용 [없음],300000,"300,000원",레저/스포츠: 2000원 | 쇼핑: 5% | 카페/디저트: 10%,"쇼핑, 카페/디저트, 교육/육아, 레저/스포츠, OTT/영화/문화",false,,https://d1c5n4ri2guedi.cloudfront.net/card/372/card_img/47592/372card.png,https://www.card-gorilla.com/card/detail/372,경기관람: NC다이노스 홈구장 입장료 현장 할인 | 온라인쇼핑: 온라인쇼핑 5% 할인 | 카페: 영화 &middot; 커피 10%할인 | 기타: SMS 휴대폰 바로알림 서비스
361,콕체크카드,NH농협카드,체크,Mastercard,해외겸용 [없음],0,없음,모든가맹점: 0.5% | 멤버십포인트: 5%,"모든가맹점, 쇼핑, 무실적",false,,https://d1c5n4ri2guedi.cloudfront.net/card/361/card_img/20602/361card.png,https://www.card-gorilla.com/card/detail/361,모든가맹점: 국내&middot;외 가맹점 이용금액 최대 0.5% 적립 | 온라인쇼핑: [도농협동 서비스] 6차 산업 우수 상품에 대해 10% 청구할인 | 멤버십포인트: 에코머니 제휴가맹점 에코머니 포인트 적립
2372,신한카드 플리(체크),신한카드,체크,Mastercard,국내전용 [없음] / 해외겸용 [없음],300000,"300,000원",모든가맹점: 0.3% | 해외: 0.2% | 기타: 무제한,"모든가맹점, 해외",false,,https://d1c5n4ri2guedi.cloudfront.net/card/2372/card_img/25330/2372card.png,https://www.card-gorilla.com/card/detail/2372,"국내외가맹점: 국내 이용금액 최대 0.3% 할인 | 기타: 매월 2회 국내 이용 할인 쿠폰 제공 | 적립: My Pick 가맹점 월 3, 6, 9번째 이용 건에 대해 마이신한포인트 1,000포인트 적립"
770,그린재킷 체크카드,KB국민카드,체크,VISA,국내전용 [없음] / 해외겸용 [없음],300000,"300,000원",골프: 5% | 골프: 5% | 주유소: 5%,"주유, 푸드, 공과금/렌탈, 레저/스포츠",false,,https://d1c5n4ri2guedi.cloudfront.net/card/770/card_img/22244/770card.png,https://www.card-gorilla.com/card/detail/770,골프: 골프연습장/스크린골프 5% 환급할인 | 주유소: 주유소 5% 환급할인 | 보험사: 보험료 자동납부 5% 환급할인 | 멤버십포인트: 해피포인트 멤버쉽 최대 5% 현장적립
2621,어디로든 그린체크카드,BNK부산은행,체크,BC,국내전용 [없음],300000,"300,000원",주유: 20% | 생활: 5% | 카페: 5%,카페/디저트,false,,https://d1c5n4ri2guedi.cloudfront.net/card/2621/card_img/31491/2621card.png,https://www.card-gorilla.com/card/detail/2621,충전소: 친환경 자동차 충전 최대 20% 적립 | 생활: 공유 모빌리티 5% 적립 | 카페: 커피전문점 5% 적립 | 적립: 국내 전 가맹점 0.1% 적립
2568,TMAP & LOGI 행복 체크카드,KB국민카드,체크,Mastercard,국내전용 [없음] / 해외겸용 [없음],0,없음,대중교통: 10% | 통신: 2500원 | 영화: 35%,"교통, 통신, 마트/편의점, 푸드, 카페/디저트, 무실적, 교육/육아, 레저/스포츠, OTT/영화/문화",false,,https://d1c5n4ri2guedi.cloudfront.net/card/2568/card_img/29903/2568card.png,https://www.card-gorilla.com/card/detail/2568,"대중교통: 버스&middot;지하철 10% 청구할인 | 통신: 이동통신요금 5% 환급할인 | 영화: CGV 35% 환급할인 | 패밀리레스토랑: 아웃백, VIPS 20% 환급할인 | 카페: 스타벅스 20% 환급할인 | 테마파크: 에버랜드&middot;롯데월드 50% 환급할인 | 금융: 금융수수료 면제 서비스 | 편의점: GS25 5% 환급할인 | 도서: 교보문고 5% 환급할인"
365,DC줌체크카드(비씨),NH농협카드,체크,UnionPay,해외겸용 [없음],200000,"200,000원",쇼핑: 10% | 카페/디저트: 10% | 교통: 10%,"교통, 쇼핑, 푸드, 카페/디저트, 병원/약국, 교육/육아, OTT/영화/문화",false,,https://d1c5n4ri2guedi.cloudfront.net/card/365/card_img/20606/365card.png,https://www.card-gorilla.com/card/detail/365,"대중교통: 대중교통(버스, 지하철) 10% 청구할인 | 카페: 주요 커피 전문점 10% 청구할인 | 온라인쇼핑: 주요 온라인쇼핑몰&middot;소셜커머스 10% 청구할인 | 패밀리레스토랑: 주요 패밀리레스토랑 10% 청구할인 | 도서: 주요 서점 10% 청구할인 | 병원: 전국 병원&middot;약국 10% 청구할인 | 영화: 전국 주요 영화관 1,500원 청구할인 | 금융: SMS 휴대폰 바로알림 서비스 | 기타: 통합 월할인한도"
679,샘 쏘영 체크카드,KB국민카드,체크,UnionPay,국내전용 [없음] / 해외겸용 [없음],50000,"50,000원",디지털구독: 5% | 패스트푸드: 5% | 편의점: 5%,"교통, 마트/편의점, 푸드, OTT/영화/문화",false,,https://d1c5n4ri2guedi.cloudfront.net/card/679/card_img/21444/679card.png,https://www.card-gorilla.com/card/detail/679,"디지털구독: (#숨쉬듯스트리밍) | 기타: 문구점 5% 환급할인(#내맘대로다꾸) | 편의점: GS25, CU편의점 5% 환급할인(#편스토랑한끼) | 패스트푸드: (#콜라버거레이션) | 대중교통: 대중교통(버스, 지하철) 5% 청구할인(#버스앤메트로)"
2058,참! 좋은 다이소카드(체크),IBK기업은행,체크,UnionPay,해외겸용 [없음],200000,"200,000원",쇼핑: 20% | 편의점: 5% | 소셜커머스: 10%,"마트/편의점, 쇼핑, 카페/디저트, 뷰티/피트니스, 레저/스포츠, OTT/영화/문화",false,,https://d1c5n4ri2guedi.cloudfront.net/card/2058/card_img/21941/2058card.png,https://www.card-gorilla.com/card/detail/2058,"쇼핑: [다이소 라이프 서비스] 다이소 매장할인 | 소셜커머스: [다이소 라이프 서비스] 쿠팡, 티몬, 위메프 10% 할인 | 헤어: [다이소 라이프 서비스] 미용실・이용원 10% 할인 | 드럭스토어: [다이소 라이프 서비스] 올리브영,랄라블라 5% 할인 | 편의점: [다이소 라이프 서비스] CU, GS25, 세븐일레븐 5% 할인 | 영화: [다이소 라이프 서비스] CGV, 롯데시네마 2천원 할인 | 카페: [다이소 라이프 서비스] 주요 커피전문점 10% 할인 | 테마파크: [부가서비스] 주요 놀이공원 할인"
302,LG U+ 신한카드 Smart 체크,신한카드,체크,,국내전용 [없음],300000,"300,000원",LGU+: 3000원 | 편의점: 5% | 영화: 2000원,"통신, 마트/편의점, 레저/스포츠, OTT/영화/문화",false,,https://d1c5n4ri2guedi.cloudfront.net/card/302/card_img/20525/302card.png,https://www.card-gorilla.com/card/detail/302,LGU+: LG U+ 통신요금 자동이체 최대 3천원 캐시백 | 편의점: GS 25 편의점 5% 캐시백 | 영화: 영화예매(맥스무비) 최대 2천원 캐시백 | 테마파크: 롯데월드 50% 할인
2323,아이부자 카드,하나카드,체크,,국내전용 [없음],0,없음,교통: 무제한 | 공과금/렌탈: 30%,"교통, 무실적",false,,https://d1c5n4ri2guedi.cloudfront.net/card/2323/card_img/23852/2323card.png,https://www.card-gorilla.com/card/detail/2323,대중교통: 교통카드 사용 가능 | 공과금/렌탈: 30% 소득공제 혜택 제공
2508,올유닛 체크카드,MG새마을금고,체크,VISA,해외겸용 [없음],500000,"500,000원",통신: 1% | 레저/스포츠: 1% | 병원/약국: 1%,"통신, 마트/편의점, 쇼핑, 푸드, 카페/디저트, 병원/약국, 레저/스포츠",false,,https://d1c5n4ri2guedi.cloudfront.net/card/2508/card_img/28714/2508card.png,https://www.card-gorilla.com/card/detail/2508,통신: 이동통신요금 1% 할인 | 레저/스포츠: 레저 업종 1% 할인 | 병원/약국: 의료비 1% 할인 | 캐시백: 최대이용영역 1% 할인 | 수수료우대: 해외이용 수수료 면제
2650,머니트리카드,머니트리,체크,,국내전용 [없음],0,없음,기타: 무제한 | 공과금/렌탈: 30%,무실적,false,,https://d1c5n4ri2guedi.cloudfront.net/card/2650/card_img/36161/2650card_1.png,https://www.card-gorilla.com/card/detail/2650,"기타: 머니트리카드는 카드 발급비와 연회비가 0원 입니다. 만 14세 이상이라면 누구나 무료로 카드 신청이 가능해요. | 공과금/렌탈: 연말정산 시 체크카드와 동일한 30% 소득공제 혜택이 가능해요. | 기타: 현금이 없어도 휴대폰 결제, 간편 계좌, 포인트, 상품권, 신용카드 등 내가 원하는 수단으로 충전하고 온・오프라인 카드 가맹점 어디서나 결제가 가능해요. | 기타: 흩어져 있는 각종 포인트들과 상품권을 머니트리 캐시로 모아서 한번에 결제해 보세요."
2782,현대카드 Teens,현대카드,체크,,"국내전용 [2,000]원",100000,"100,000원",편의점: 2% | 카페/디저트: 2% | 교통: 2%,"교통, 마트/편의점, 푸드, 카페/디저트",false,2024-11-27,https://d1c5n4ri2guedi.cloudfront.net/card/2782/card_img/38635/2782card_1.png,https://www.card-gorilla.com/card/detail/2782,할인: 전월 이용 금액 10만원 이상 시 청소년이 자주 이용하는 4개 영역 2% 청구 할인
2901,오키카드 S,OK캐쉬백,체크,,국내전용 [없음],0,없음,적립: 0.5%,"모든가맹점, 무실적",false,2025-09-01,https://d1c5n4ri2guedi.cloudfront.net/card/2901/card_img/44371/2901card.png,https://www.card-gorilla.com/card/detail/2901,적립: 기본 혜택
279,CJ ONE 신한카드 체크,신한카드,체크,"Mastercard, UnionPay",해외겸용 [없음],200000,"200,000원",CJ ONE: 5% | 영화: 7000원 | 카페: 10%,"쇼핑, 푸드, 카페/디저트, OTT/영화/문화",false,,https://d1c5n4ri2guedi.cloudfront.net/card/279/card_img/20501/279card.png,https://www.card-gorilla.com/card/detail/279,"영화: CGV 영화 예매 시 최대 7,000원 캐시백 | 드럭스토어: 올리브영 10% 캐시백 | CJ ONE: CJ ONE 5% 포인트 추가 적립 | 온라인쇼핑: CJ mall 5% 캐시백 | 패스트푸드: VIPS / 계절밥상 10% 캐시백 | 카페/디저트: 투썸플레이스 / 뚜레쥬르 10% 캐시백"
343,포인트리체크카드,KB국민카드,체크,VISA,국내전용 [없음] / 해외겸용 [없음],200000,"200,000원",주유: 무제한 | OTT/영화/문화: 3000원 | 통신: 2500원,"교통, 주유, 통신, 쇼핑, 푸드, 뷰티/피트니스, 교육/육아, 레저/스포츠, OTT/영화/문화",false,,https://d1c5n4ri2guedi.cloudfront.net/card/343/card_img/20588/343card.png,https://www.card-gorilla.com/card/detail/343,"주유소: GS칼텍스 리터당 주중 50점, 주말 60점 포인트리 적립 | 패밀리레스토랑: 아웃백&middot;VIPS 10% 포인트리 적립 | 영화: CGV 3,000원 포인트리 적립 | 대중교통: 대중교통(전국 버스&middot;지하철) 5% 포인트리 적립 | 통신: 이동통신요금 2,500점 포인트리 적립 | 온라인쇼핑: G마켓&middot;옥션 3% 포인트리 적립 | 도서: 교보문고 3% 포인트리 적립 | 드럭스토어: 올리브영 5% 포인트리 적립 | 테마파크: 에버랜드 50% 포인트리 적립 | 기타: 월간 통합적립한도"
767,go 캐시백 글로벌 하이브리드,우체국,체크,Mastercard,해외겸용 [없음],300000,"300,000원",해외: 7% | 간편결제: 5% | 하이브리드: 무제한,"마트/편의점, 푸드, 카페/디저트, 자동차/하이패스, 간편결제, 해외",false,,https://d1c5n4ri2guedi.cloudfront.net/card/767/card_img/32466/767card.png,https://www.card-gorilla.com/card/detail/767,해외: 해외 전 가맹점 7% 캐시백 | 간편결제: 3대 간편결제 5% 캐시백 | 배달앱: 온라인 식품배달 5% 캐시백 | 대형마트: 대형마트 5% 캐시백 | 기타: 우체국 5% 캐시백 | 면세점: 면세점 5% 캐시백 | 공항라운지: 공항라운지 서비스(연1회 캐시백) | 카페: 커피전문점 5% 캐시백 | 하이브리드: 하이브리드 후불교통 및 소액신용결제 관련 유의사항
1202,부산 동백전 체크카드,BNK부산은행,체크,BC,국내전용 [없음],200000,"200,000원",지역: 2% | 지역: 0.2%,모든가맹점,false,,https://d1c5n4ri2guedi.cloudfront.net/card/1202/card_img/21106/1202card.png,https://www.card-gorilla.com/card/detail/1202,지역: 할인 서비스
1170,이사배 카드,IBK기업은행,체크,"BC, UnionPay",국내전용 [없음] / 해외겸용 [없음],300000,"300,000원",드럭스토어: 2000원 | 화장품: 2000원 | 헤어: 2000원,뷰티/피트니스,false,,https://d1c5n4ri2guedi.cloudfront.net/card/1170/card_img/21138/1170card.png,https://www.card-gorilla.com/card/detail/1170,"드럭스토어: H&amp;B스토어 최대 2,000원 할인 | 화장품: Cosmetic 최대 2,000원 할인 | 헤어: Beauty 최대 2,000원 할인 | 금융: 금융우대서비스"
1311,BNK 프렌즈 체크카드,BNK부산은행,체크,"BC Global, Mastercard","해외겸용 [1,000]원",0,없음,모든가맹점: 0.4% | 해외이용: 1%,"모든가맹점, 무실적, 해외",false,,https://d1c5n4ri2guedi.cloudfront.net/card/1311/card_img/20958/1311card.png,https://www.card-gorilla.com/card/detail/1311,모든가맹점: 국내 캐시백 | 해외이용: 해외
444,참! 좋은 글로벌 체크카드,IBK기업은행,체크,"VISA, BC, Mastercard","국내전용 [없음] / 해외겸용 [3,000]원",0,없음,무실적: 1.5% | 모든가맹점: 0.1%,"모든가맹점, 무실적, 해외",false,,https://d1c5n4ri2guedi.cloudfront.net/card/444/card_img/20950/444card.png,https://www.card-gorilla.com/card/detail/444,무실적: [해외] 해외 가맹점 이용금액의 1.5% 캐시백
1963,Real Zero 체크카드,Sh수협은행,체크,Mastercard,국내전용 [없음] / 해외겸용 [없음],0,없음,기타: 무제한,무실적,false,,https://d1c5n4ri2guedi.cloudfront.net/card/1963/card_img/22035/1963card.png,https://www.card-gorilla.com/card/detail/1963,기타: 수협 및 타행 자동화기기를 이용한 현금인출수수료 면제 (제휴자동화기기 제외)
2225,able Premier Members 카드,KB증권,체크,,국내전용 [없음],0,없음,할인: 0.5% | 호텔: 50%,"모든가맹점, 무실적, 여행/숙박",false,,https://d1c5n4ri2guedi.cloudfront.net/card/2225/card_img/21356/2225card.png,https://www.card-gorilla.com/card/detail/2225,"할인: 언제 어디서든 한도없이, 사용 금액의 0.5% 무제한 캐시백 | 할인: 현장할인서비스 | 금융: 수수료무료"
775,해피포인트 우리체크 V.2,우리카드,체크,VISA,국내전용 [없음] / 해외겸용 [없음],0,없음,해피포인트: 10% | 적립: 21000원 | 해외이용: 1%,"푸드, 무실적, 해외",false,,https://d1c5n4ri2guedi.cloudfront.net/card/775/card_img/22249/775card.png,https://www.card-gorilla.com/card/detail/775,"적립: 해피오더/해피마켓 사용 시, 해피포인트 10% 적립 | 해외이용: 해외 이용금액의 1% 해피포인트 적립 | 해피포인트: 해피포인트 가맹점 이용액 현장 적립"
1623,삼성빅보너스체크카드,삼성카드,체크,,국내전용 [없음] / 해외겸용 [없음],300000,"300,000원",모든가맹점: 0.5% | 주유: 무제한 | 경기관람: 무제한,"모든가맹점, 주유, 레저/스포츠",false,,https://d1c5n4ri2guedi.cloudfront.net/card/1623/card_img/22573/1623card.png,https://www.card-gorilla.com/card/detail/1623,모든가맹점: 모든 제휴점 0.5% 빅포인트 적립 | 주유: S-OIL 주유소 주유 시 리터당 40 보너스포인트 적립 | 경기관람: 2021년 프로스포츠 제휴 구단 정규시즌 홈 경기 할인 프로모션
2174,제주그린체크카드,제주은행,체크,BC,없음,300000,"300,000원",영화: 2000원 | 적립: 0.5% | 카페: 10%,"카페/디저트, OTT/영화/문화",false,,https://d1c5n4ri2guedi.cloudfront.net/card/2174/card_img/21788/2174card.gif,https://www.card-gorilla.com/card/detail/2174,"영화: 영화입장권 2,000원 청구할인 서비스 | 카페: 커피전문점 10% 청구할인 서비스 | 적립: 기본적립 전국 가맹점 국내 가맹점 이용금액 0.2~0.5% 에코머니 포인트 적립 | 기타: 그린카드 특화서비스 (모든 그린카드 제공되는 공통서비스) | 기타: 그린카드 멤버십 서비스"
2454,트리플카드,한패스,체크,Mastercard,"해외겸용 [10,000]원",0,없음,해외이용: 3% | 모든가맹점: 0.3% | 금융: 무제한,"모든가맹점, 무실적, 프리미엄, 해외",false,,https://d1c5n4ri2guedi.cloudfront.net/card/2454/card_img/27870/2454card.png,https://www.card-gorilla.com/card/detail/2454,국내외가맹점: 무제한 캐시백 | 캐시백: 국내/해외 상관없이 해외 가맹점이면 3% 캐시백 | 무실적: 실적 조건 NO! 결제한 금액만큼 즉시 혜택 제공 | 해외: ATM 출금 수수료 무료 혜택 | 교통: 핸드폰으로 간편하게 충전 가능한 교통카드 | 프리미엄 서비스: 마스터카드 플래티넘 혜택 | 선택형: 3/3/3 혜택을 담은 디자인으로 탄생한 한패스 Triple Card
2917,IBK BUDDY CHECK,IBK기업은행,체크,"Mastercard, BC",국내전용 [없음] / 해외겸용 [없음],200000,"200,000원",교통: 5% | 통신: 5% | 쇼핑: 5%,"교통, 통신, 마트/편의점, 쇼핑, 푸드",false,,https://d1c5n4ri2guedi.cloudfront.net/card/2917/card_img/45199/2917card.png,https://www.card-gorilla.com/card/detail/2917,대중교통: 대중교통 5% 할인 | 통신: 이동통신 5% 할인 | 쇼핑: 다이소 5% 할인 | 쇼핑: 쿠팡 5% 할인 | 배달앱: 배달앱 5% 할인 | 편의점: 편의점 5% 할인
320,롯데마트 라서 즐거운 체크카드,우리카드,체크,"Mastercard, UnionPay",해외겸용 [없음],300000,"300,000원",대형마트: 10% | 영화: 3000원 | 카페: 20%,"교통, 주유, 마트/편의점, 푸드, 카페/디저트, 레저/스포츠, OTT/영화/문화",false,,https://d1c5n4ri2guedi.cloudfront.net/card/320/card_img/20566/320card.png,https://www.card-gorilla.com/card/detail/320,"대형마트: 롯데마트(몰) 10% 캐시백 할인 | 카페: 커피 20% 캐시백 할인 | 패밀리레스토랑: 패밀리레스토랑 10% 캐시백 할인 | 영화: 모든 영화관 3,000원 캐시백 할인 | 대중교통: 대중교통 1,500원 청구할인 | 주유소: 주유 리터당 40원 캐시백 할인 | 테마파크: 주요 놀이공원 자유이용권 50% 현장할인"
1039,카카오페이 체크카드,광주은행,체크,Mastercard,해외겸용 [없음],0,없음,카카오페이: 15% | 온라인쇼핑: 10% | 편의점: 5%,"마트/편의점, 쇼핑, 뷰티/피트니스, 무실적, 간편결제",false,,https://d1c5n4ri2guedi.cloudfront.net/card/1039/card_img/21496/1039card.png,https://www.card-gorilla.com/card/detail/1039,"카카오페이: 카카오페이 가맹점 이용금액 15% 청구할인 | 온라인쇼핑: 온라인쇼핑몰 이용금액 10% 청구할인 | 편의점: [오프라인쇼핑] 편의점 이용금액 5% 청구할인 | 드럭스토어: [오프라인쇼핑] 드럭스토어, 다이소 이용금액 5% 청구할인"
725,새로이 체크카드,KB국민카드,체크,UnionPay,국내전용 [없음] / 해외겸용 [없음],300000,"300,000원",편의점: 5% | 통신: 5% | 디지털구독: 5%,"통신, 마트/편의점, 카페/디저트, 교육/육아, OTT/영화/문화, 여행/숙박",false,,https://d1c5n4ri2guedi.cloudfront.net/card/725/card_img/22199/725card.png,https://www.card-gorilla.com/card/detail/725,"편의점: GS25 편의점 5% 환급할인 | 생활: 쏘카, 야놀자, LiivM 이동통신 5% 할인 | 카페: 스타벅스, 파리바게뜨 5% 할인 | 디지털구독: 멜론, 지니, 넷플릭스, 웨이브 월정액 결제시 5% 할인 | 도서: 교보문고, 어학시험응시료(온라인접수) 5% 할인"
752,KB국민 국민행복체크,KB국민카드,체크,,국내전용 [없음],300000,"300,000원",병원: 5% | 교육/육아: 5% | 보험사: 무제한,"공과금/렌탈, 병원/약국, 교육/육아",false,,https://d1c5n4ri2guedi.cloudfront.net/card/752/card_img/22226/752card.png,https://www.card-gorilla.com/card/detail/752,국민행복: 건강보험 임신&middot;출산 진료비 지원 | 병원: 병원 5% 할인 | 교육/육아: 키즈카페/문화센터/학습지 5% 청구할인 | 보험사: 단체보험 무료가입
1323,카카오페이 체크카드,BNK부산은행,체크,BC,"국내전용 [1,000]원",100000,"100,000원",카카오페이: 15% | 쇼핑: 10% | 드럭스토어: 5%,"마트/편의점, 쇼핑, 뷰티/피트니스, 간편결제",false,,https://d1c5n4ri2guedi.cloudfront.net/card/1323/card_img/20858/1323card.png,https://www.card-gorilla.com/card/detail/1323,쇼핑: 온라인 | 카카오페이: 카카오페이
338,누리체크카드,KB국민카드,체크,Mastercard,국내전용 [없음] / 해외겸용 [없음],300000,"300,000원",모든가맹점: 0.2% | 모든가맹점: 0.2% | 교통: 0.2%,"모든가맹점, 교통, 통신, 푸드, 카페/디저트, 해외",false,,https://d1c5n4ri2guedi.cloudfront.net/card/338/card_img/20583/338card.png,https://www.card-gorilla.com/card/detail/338,"모든가맹점: 모든 가맹점 0.2% 기본 환급할인 | 푸드: 음식점, 커피전문점 업종 0.2% 추가 환급할인 | 교통: 대중교통(버스&middot;지하철), 택시 0.2% 추가 환급할인 | 통신: 이동통신요금 0.2% 추가 환급할인 | 해외: 해외이용 1% 할인캐시백"
2586,티니 카드,롯데카드,체크,,국내전용 [없음],0,없음,교통: 무제한 | 간편결제: 무제한,"교통, 무실적",false,,https://d1c5n4ri2guedi.cloudfront.net/card/2586/card_img/30748/2586card_2.png,https://www.card-gorilla.com/card/detail/2586,교육/육아: 용돈도 신용카드로 | 교통: 버스와 지하철 충전 없이 탈 수 있어요 | 간편결제: 어디서나 간편하게 로카페이로 결제할 수 있어요
2311,럭키 더블카드,코나카드,체크,,국내전용 [없음],200000,"200,000원",혜택 프로모션: 10000원 | 카페/디저트: 15% | 마트/편의점: 10%,"마트/편의점, 카페/디저트",false,,https://d1c5n4ri2guedi.cloudfront.net/card/2311/card_img/23717/2311card.png,https://www.card-gorilla.com/card/detail/2311,"혜택 프로모션: 1만원 이상 결제마다 4개 행운번호 럭키권 2장씩 발급 | 카페/디저트: 커피빈 15% 할인 | 마트/편의점: GS25, 세븐일레븐 10% 캐시백 | 기타: 코나 애플리케이션 내 단골 매장 등록을 통해 3곳의 매장에서 3% 캐시백 제공"
282,신세계 신한카드 체크,신한카드,체크,"Mastercard, UnionPay",해외겸용 [없음],300000,"300,000원",카페: 500원 | 소셜커머스: 1% | 테마파크: 50%,"교통, 주유, 통신, 마트/편의점, 쇼핑, 레저/스포츠, OTT/영화/문화",false,,https://d1c5n4ri2guedi.cloudfront.net/card/282/card_img/20504/282card.png,https://www.card-gorilla.com/card/detail/282,"영화: 신세계백화점 입점영화관 토,일요일 2천원 캐시백 | 카페: 스타벅스 사이즈업 지원 캐시백 | 생활: 주요 업종 0.5% ~ 1% 마이신한포인트 적립 | 테마파크: 유의사항"
342,해피노리체크카드,KB국민카드,체크,"VISA, Mastercard, UnionPay",국내전용 [없음] / 해외겸용 [없음],200000,"200,000원",교통: 10% | 카페/디저트: 20% | OTT/영화/문화: 35%,"교통, 통신, 마트/편의점, 푸드, 카페/디저트, 교육/육아, 레저/스포츠, OTT/영화/문화",false,,https://d1c5n4ri2guedi.cloudfront.net/card/342/card_img/20587/342card.png,https://www.card-gorilla.com/card/detail/342,"대중교통: 대중교통(전국 버스/지하철) | 통신: 이동통신요금 자동납부시 | 영화: CGV 35% 환급할인 | 패밀리레스토랑: 아웃백, VIPS 20% 환급할인 | 카페: 스타벅스 20% 환급할인 | 테마파크: 에버랜드&middot;롯데월드 50% 환급할인 | 편의점: GS25 5% 환급할인 | 도서: 교보문고 5% 환급할인 | 해피포인트: 해피포인트 5% 현장적립 | 은행사: 금융수수료 면제 서비스 | 기타: 월간 통합할인한도"
2092,다원 체크카드,MG새마을금고,체크,VISA,국내전용 [없음],100000,"100,000원",모든가맹점: 0.3% | 점심: 1000원 | 대형마트: 3000원,"모든가맹점, 마트/편의점, 푸드",false,,https://d1c5n4ri2guedi.cloudfront.net/card/2092/card_img/21908/2092card.png,https://www.card-gorilla.com/card/detail/2092,"모든가맹점: 국내 이용금액의 0.3% 포인트 적립 | 점심: 평일 점심시간(11:30~13:30) 음식점업종 이용 시 1천원 할인 | 대형마트: 휴일 이마트, 롯데마트, 홈플러스 이용 시 3천원 할인 | 수수료우대: 해외 서비스수수료, 현금인출수수료, 예금잔액조회수수료 면제"
2638,카카오페이 신한 춘식이 체크,신한카드,체크,VISA,국내전용 [없음] / 해외겸용 [없음],300000,"300,000원",카카오페이: 2% | 편의점: 5% | 통신: 5%,"통신, 마트/편의점, 간편결제, 해외",false,,https://d1c5n4ri2guedi.cloudfront.net/card/2638/card_img/31918/2638card.png,https://www.card-gorilla.com/card/detail/2638,카카오페이: 카카오페이 이용금액에 2% 카카오페이포인트 적립 &amp; 「카카오톡(APP) 내 쇼핑하기/선물하기」 이용금액에 2% 카카오페이포인트 추가 적립 | 편의점: 편의점 이용금액에 5% 카카오페이포인트 적립 | 통신: 통신요금 자동이체 이용금액에 5% 카카오페이포인트 적립 | 해외: 해외(온라인 포함) 이용금액에 1% 카카오페이포인트 적립 | 프리미엄: 국제브랜드사 서비스 공통사항 안내
2721,당근머니 하나 체크카드,하나카드,체크,Mastercard,국내전용 [없음] / 해외겸용 [없음],300000,"300,000원",적립: 3% | 적립: 5% | 적립: 0.5%,모든가맹점,false,,https://d1c5n4ri2guedi.cloudfront.net/card/2721/card_img/35850/2720card_1.png,https://www.card-gorilla.com/card/detail/2721,적립: 당근머니 적립 서비스
380,하나멤버스 1Q 체크카드,하나카드,체크,"VISA, Mastercard",해외겸용 [없음],200000,"200,000원",편의점: 5% | 베이커리: 5% | 카페: 5%,"교통, 마트/편의점, 카페/디저트",false,,https://d1c5n4ri2guedi.cloudfront.net/card/380/card_img/48217/380card.png,https://www.card-gorilla.com/card/detail/380,수수료우대: 트래블로그 스위치 서비스 | 멤버십포인트: 하나머니란? | 카드사: 하나머니 서비스란?
347,비트윈체크카드,KB국민카드,체크,"VISA, Mastercard",국내전용 [없음] / 해외겸용 [없음],200000,"200,000원",푸드: 10% | OTT/영화/문화: 20% | 마트/편의점: 5%,"교통, 마트/편의점, 푸드, 카페/디저트, 뷰티/피트니스, 교육/육아, 레저/스포츠, OTT/영화/문화, 항공마일리지",false,,https://d1c5n4ri2guedi.cloudfront.net/card/347/card_img/20592/347card.png,https://www.card-gorilla.com/card/detail/347,"패밀리레스토랑: 아웃백&middot;VIPS&middot;TGIF&middot;세븐스프링스 | 카페: 커피빈 주중 5%, 주말 10% 환급할인 | 영화: CGV&middot;메가박스 20% 환급할인 | 테마파크: 에버랜드&middot;서울랜드&middot;롯데월드 30% 환급할인 | 편의점: GS25 5% 환급할인 | 대중교통: 버스&middot;지하철 5% 청구할인 | 도서: 교보문고 3% 환급할인 | 헤어: 박승철헤어스투디오&middot;올리브영 10% 환급할인 | 항공권: 제주항공 10% 환급할인 | 은행사: 금융수수료 면제 서비스 | 기타: 월간 통합할인한도"
2919,웰컴 외국인 올인원 체크카드,웰컴저축은행,체크,,국내전용 [없음],0,없음,캐시백: 1% | 대중교통: 무제한 | 은행사: 무제한,"모든가맹점, 교통, 무실적",false,2025-09-12,https://d1c5n4ri2guedi.cloudfront.net/card/2919/card_img/45402/2919card.png,https://www.card-gorilla.com/card/detail/2919,캐시백: 최대 1% 무제한 캐시백 제공 | 대중교통: 후불교통한도 | 수수료우대: 시중은행 자동화기기 수수료 면제
2954,LG트윈스 신한카드 체크,신한카드,체크,VISA,국내전용 [없음] / 해외겸용 [없음],300000,"300,000원",할인: 3000원 | 적립: 10% | 적립: 5%,"마트/편의점, 푸드, 레저/스포츠",false,2022-08-26,https://d1c5n4ri2guedi.cloudfront.net/card/2954/card_img/47576/2954card_1.png,https://www.card-gorilla.com/card/detail/2954,"경기관람: LG트윈스 정규 시즌 홈경기 입장권 3천원 할인 | 적립: LG트윈스 홈경기장 내 구단 공식 매장에서 용품 구매 시 최대 10% 적립 | 배달앱: 배달앱 이용 시 최대 5% 적립(요기요, 배달의 민족, 쿠팡이츠, 땡겨요) | 편의점: 편의점 이용 시 최대 5% 적립(GS25, CU, 세븐일레븐, 이마트24)"
2982,현대카드 체크(포인트형),현대카드,체크,VISA,"국내전용 [5,000]원 / 해외겸용 [5,000]원",0,없음,국내외가맹점: 0.5% | 푸드: 5% | 적립: 5%,"모든가맹점, 교통, 마트/편의점, 푸드, 무실적",false,2026-04-28,https://d1c5n4ri2guedi.cloudfront.net/card/2982/card_img/48694/2982card_1.png,https://www.card-gorilla.com/card/detail/2982,"국내외가맹점: 실적&middot;한도 제한 없이 국내외 가맹점 0.5% M포인트 적립 | 적립: 전월 이용 금액 30만원 이상 시 일반음식점, 배달 앱, 편의점, 대중교통 5% M포인트 적립"
2783,IBK포인트(체크),IBK기업은행,체크,"VISA, Mastercard, BC",국내전용 [없음] / 해외겸용 [없음],0,없음,국내외가맹점: 0.2%,"모든가맹점, 카페/디저트, 무실적",false,,https://d1c5n4ri2guedi.cloudfront.net/card/2783/card_img/38747/2783card.png,https://www.card-gorilla.com/card/detail/2783,국내외가맹점: [기본 적립] 국내・외 가맹점 이용금액의 0.2% 적립 | 카페: [추가 적립] 특정가맹점 이용금액의 6% 적립
2362,페이북 머니 체크카드,BC 바로카드,체크,,국내전용 [없음],0,없음,무실적: 10000원 | 모든가맹점: 1% | 모든가맹점: 0.2%,"마트/편의점, 푸드, 카페/디저트, 뷰티/피트니스, 무실적, 교육/육아",false,,https://d1c5n4ri2guedi.cloudfront.net/card/2362/card_img/28646/2362card.png,https://www.card-gorilla.com/card/detail/2362,모든가맹점: 페이북 결제 시 1% 페이북 머니 적립 | 적립: 3대 카테고리 결제 시 0.5% 페이북 머니 적립 | 모든가맹점: 일반 가맹점 결제 시 0.2% 페이북 머니 적립
2399,리브 NEXT카드,KB국민카드,체크,,국내전용 [없음],0,없음,편의점: 5% | 드럭스토어: 5% | 게임: 5%,"마트/편의점, 카페/디저트, 뷰티/피트니스, 무실적, 레저/스포츠",false,,https://d1c5n4ri2guedi.cloudfront.net/card/2399/card_img/26192/2399card.png,https://www.card-gorilla.com/card/detail/2399,"푸드: 편의점(GS25/CU), 커피/음료 전문점 5% 환급할인 | 생활: 올리브영, 다이소 결제 시 5% 환급할인 | 게임: 구글 플레이스토어, 앱스토어 결제 시 5% 환급할인 | 선택형"
807,일상의 기쁨 Dream 체크카드,IBK기업은행,체크,"Mastercard, UnionPay",해외겸용 [없음],300000,"300,000원",대중교통: 100원 | 편의점: 5% | 카페: 10%,"교통, 마트/편의점, 쇼핑, 카페/디저트, 레저/스포츠, OTT/영화/문화",false,,https://d1c5n4ri2guedi.cloudfront.net/card/807/card_img/21736/807card.png,https://www.card-gorilla.com/card/detail/807,"대중교통: 버스, 지하철 이용건당 100원 할인 | 편의점: GS25, CU, 세븐일레븐 5% 할인 | 영화: CGV, 롯데시네마, 메가박스 4천원 할인 | 카페: 주요 커피전문점 10% 할인 | 금융: 당행 전자금융 이체수수료 면제 | 테마파크: 주요 놀이공원 무료입장 또는 입장료/자유이용권 할인"
383,해피포인트 체크카드,하나카드,체크,,국내전용 [없음],250000,"250,000원",캐시백: 20% | 캐시백: 20000원 | 해피포인트: 5%,"주유, 마트/편의점, 쇼핑, 푸드, 카페/디저트, 병원/약국, OTT/영화/문화, 여행/숙박",false,,https://d1c5n4ri2guedi.cloudfront.net/card/383/card_img/20883/383card.png,https://www.card-gorilla.com/card/detail/383,캐시백: 해피포인트 가맹점 20% 현금 캐쉬백 | 캐시백: 캐쉬백 | 해피포인트: 멤버쉽 혜택
442,IBK 국민행복 체크카드,IBK기업은행,체크,BC,국내전용 [없음],200000,"200,000원",교육/육아: 3% | 병원/약국: 3% | 카페/디저트: 10%,"모든가맹점, 교통, 통신, 쇼핑, 푸드, 카페/디저트, 병원/약국, 교육/육아, 레저/스포츠, OTT/영화/문화",false,,https://d1c5n4ri2guedi.cloudfront.net/card/442/card_img/22257/442card.png,https://www.card-gorilla.com/card/detail/442,"국민행복: 국민행복카드 | 모든가맹점: 기본적립 : 국내 가맹점 이용금액의 0.2%~0.5% 에코머니 포인트 적립 | 어린이집: 어린이집 및 유치원(정부지원금 제외), 학원 업종 3% 할인(캐시백) | 병원: 병/의원, 조산원, 산후조리원 업종(정부지원금 제외) 3% 할인(캐시백) | 멤버십포인트: 그린카드 멤버십서비스(공통서비스) 안내"
390,신세계 하나 체크카드,하나카드,체크,VISA,해외겸용 [없음],300000,"300,000원",백화점: 5% | 백화점: 0.2% | 교통: 7%,"교통, 쇼핑, 자동차/하이패스",false,,https://d1c5n4ri2guedi.cloudfront.net/card/390/card_img/20889/390card.png,https://www.card-gorilla.com/card/detail/390,캐시백: 신세계 백화점 캐시백/적립 서비스 | 교통: 후불교통(버스/지하철) 이용금액 7% 캐시백 서비스
1702,FC EXPRESS 체크,우리카드,체크,"Mastercard, BC",국내전용 [없음] / 해외겸용 [없음],300000,"300,000원",해외: 무제한 | 해외: 무제한 | 모든가맹점: 0.3%,해외,false,,https://d1c5n4ri2guedi.cloudfront.net/card/1702/card_img/22422/1702card.png,https://www.card-gorilla.com/card/detail/1702,해외: 해외이용금액 외화결제 서비스 | 모든가맹점: 국내 전가맹점 0.3% 모아포인트 적립
2303,카카오페이카드3,카카오페이,체크,,해외겸용 [없음],0,없음,적립: 40000원 | 적립: 0.4%,"쇼핑, 카페/디저트, 무실적, OTT/영화/문화",false,,https://d1c5n4ri2guedi.cloudfront.net/card/2303/card_img/23334/2303card.png,https://www.card-gorilla.com/card/detail/2303,"생활: MZ세대가 자주 이용하는 곳에서 최대 40,000P적립 | 적립: 국내 모든 가맹점에서 최대 0.4% 적립 | 기타: 전국 편의점, 지하철 ATM 수수료 무료 | 선택형: 마음에 드는 카드를 선택하세요"
2319,다날-유니온페이 모바일카드,다날,체크,UnionPay,해외겸용 [없음],0,없음,해외: 179원 | 공과금/렌탈: 30%,"무실적, 해외",true,,https://d1c5n4ri2guedi.cloudfront.net/card/2319/card_img/23847/2319card.png,https://www.card-gorilla.com/card/detail/2319,해외: 해외 179개국 UNION PAY 가맹점 이용 가능 | 공과금/렌탈: 30% 소득공제 혜택 제공
2832,제주항공 트래블제로카드,코나카드,체크,Mastercard,해외겸용 [없음],0,없음,해외: 0% | 해외: 100% | 캐시백: 0.2%,"무실적, 항공마일리지, 해외",false,,https://d1c5n4ri2guedi.cloudfront.net/card/2832/card_img/41059/2832card_1.png,https://www.card-gorilla.com/card/detail/2832,해외: 해외 혜택 | 할인: 국내 혜택 | 제주항공: 전용 혜택 | 기타: 소득공제
2935,신한카드 SOL트립앤샵 체크,신한카드,체크,VISA,국내전용 [없음] / 해외겸용 [없음],0,없음,수수료우대: 1.3% | 해외직구: 2.5% | 캐시백: 무제한,"교통, 마트/편의점, 무실적, 해외",false,2025-11-24,https://d1c5n4ri2guedi.cloudfront.net/card/2935/card_img/46830/2935card_1.png,https://www.card-gorilla.com/card/detail/2935,해외이용: 현지통화 결제 서비스란? | 수수료우대: 국제 브랜드 수수료(1.1%)/해외 서비스 수수료(0.2%) 면제 | 해외직구: 전월 실적 무관하게 0.3% 마이신한포인트 적립 | 할인: 국내 4대 편의점 5% 결제일 할인 | 캐시백: 마이셀렉트샵 캐시백
794,참! 좋은 kt wiz 카드[체크],IBK기업은행,체크,"VISA, UnionPay","해외겸용 [3,000]원",200000,"200,000원",소셜커머스: 20% | 영화: 4000원 | 카페: 20%,"쇼핑, 푸드, 카페/디저트, 레저/스포츠, OTT/영화/문화",false,,https://d1c5n4ri2guedi.cloudfront.net/card/794/card_img/21748/794card.png,https://www.card-gorilla.com/card/detail/794,"소셜커머스: 쿠팡, 티몬, 위메프 20% 할인 | 영화: 전국 영화관 및 인터넷 예매 4천원 할인 | 패밀리레스토랑: 패밀리레스토랑 20% 할인 | 테마파크: 주요 놀이공원 무료입장 또는 입장료/자유이용권 할인 | 제휴/PLCC: 케이티 위즈파크 입장권 3천원 할인"
750,하나 국민행복 체크카드,하나카드,체크,"VISA, Mastercard",국내전용 [없음] / 해외겸용 [없음],250000,"250,000원",통신: 3000원 | 푸드: 0.5% | 온라인쇼핑: 0.5%,"마트/편의점, 쇼핑, 병원/약국",false,,https://d1c5n4ri2guedi.cloudfront.net/card/750/card_img/22224/750card.png,https://www.card-gorilla.com/card/detail/750,생활: 국내 생활 업종 이용금액 캐쉬백 | 통신: 휴대폰 요금 자동이체 3천원 캐쉬백
2745,더담은 체크카드,MG새마을금고,체크,VISA,국내전용 [없음] / 해외겸용 [없음],0,없음,학원: 2000원 | 주유: 1000원 | 일반음식점: 1000원,"주유, 마트/편의점, 쇼핑, 푸드, 무실적, 교육/육아, 해외",false,,https://d1c5n4ri2guedi.cloudfront.net/card/2745/card_img/36739/2745card.png,https://www.card-gorilla.com/card/detail/2745,"학원: 대상가맹점 결제 시 2천원 할인 | 주유: 전국 주유소 및 충전소, 전기차충전소 결제 시 1천원 할인캐시백 | 일반음식점: 음식점 업종 결제 시 1천원 할인캐시백 | 쇼핑: 대상가맹점 결제 시 1천원 할인 | 편의점: GS25, CU, 세븐일레븐, 이마트24 결제 시 500원 할인캐시백 | 해외: 해외 서비스수수료, 현금(예금)인출수수료, 예금잔액조회수수료 면제"
2768,하나 기후동행체크카드,하나카드,체크,,국내전용 [없음],100000,"100,000원",편의점: 1000원 | 도서: 1000원 | 베이커리: 1000원,"교통, 마트/편의점, 카페/디저트, 교육/육아",false,,https://d1c5n4ri2guedi.cloudfront.net/card/2768/card_img/38058/2768card.png,https://www.card-gorilla.com/card/detail/2768,캐시백: 캐시백 서비스 | 교통: 발급대상
2443,GOODGAME 체크카드,NH농협카드,체크,VISA,국내전용 [없음] / 해외겸용 [없음],200000,"200,000원",게임: 10% | 게임: 10% | 게임: 10%,"마트/편의점, 쇼핑, 푸드, 카페/디저트, 레저/스포츠, OTT/영화/문화",false,,https://d1c5n4ri2guedi.cloudfront.net/card/2443/card_img/27651/2443card.png,https://www.card-gorilla.com/card/detail/2443,게임: 게임특화 서비스 NH포인트 적립 | 생활: 일상생활업종 NH포인트 적립
2219,able 카드 Ⅱ,KB증권,체크,,국내전용 [없음],300000,"300,000원",대형마트: 5% | 배달앱: 5% | 주유: 무제한,"주유, 마트/편의점, 쇼핑, 푸드",false,,https://d1c5n4ri2guedi.cloudfront.net/card/2219/card_img/21765/2219card.png,https://www.card-gorilla.com/card/detail/2219,대형마트: 대형마트 이용금액의 5% 할인 | 온라인쇼핑: 온라인쇼핑몰 이용금액의 5% 할인 | 배달앱: 배달 앱 이용금액의 5% 할인 | 주유: 주유 시 리터당 40원 할인 | 할인: 제휴처 1 | 특급 Hotel F&amp;B 10~20% | 금융: 수수료무료
754,국민행복 삼성체크카드 V2,삼성카드,체크,Mastercard,국내전용 [없음] / 해외겸용 [없음],300000,"300,000원",병원/약국: 2% | 온라인쇼핑: 2% | 쇼핑: 2%,"쇼핑, 푸드, 병원/약국, 교육/육아",false,,https://d1c5n4ri2guedi.cloudfront.net/card/754/card_img/28067/754card.png,https://www.card-gorilla.com/card/detail/754,국민행복: 정부지원 국가바우처 | 쇼핑: 쇼핑 2% 캐시백 | 생활: 의료&middot;산후조리원&middot;학원&middot;학습지&middot;온라인서점&middot;어린이집&middot;유치원 2% 캐시백 | 기타: 신세계백화점 제휴 서비스
819,카카오페이 체크카드,iM뱅크,체크,BC,국내전용 [없음],100000,"100,000원",카카오페이: 15% | 온라인쇼핑: 10% | 쇼핑: 5%,"모든가맹점, 마트/편의점, 쇼핑, 간편결제",false,,https://d1c5n4ri2guedi.cloudfront.net/card/819/card_img/21723/819card.png,https://www.card-gorilla.com/card/detail/819,"카카오페이: 카카오페이 이용금액 15% 결제일 캐시백 | 온라인쇼핑: G마켓, 옥션, 11번가, 쿠팡, 위메프, 티몬 10% 결제일 캐시백 | 쇼핑: 편의점(CU, GS25, 세븐일레븐, 바이더웨이, 미니스톱), 올리브영, GS왓슨스, 다이소 5% 결제일 캐시백"
2400,밥바라밥 페이북머니 체크카드,BC 바로카드,체크,BC,국내전용 [없음],0,없음,푸드: 8% | 모든가맹점: 0.1%,"마트/편의점, 푸드, 카페/디저트, 무실적, 간편결제",false,,https://d1c5n4ri2guedi.cloudfront.net/card/2400/card_img/26209/2400card.png,https://www.card-gorilla.com/card/detail/2400,푸드: 종일커피/점심식사/저녁간식 페이북머니 8% 적립 | 모든가맹점: 국내 가맹점 이용금액 0.1% 기부 기금 적립
2506,오늘은e 체크카드,BNK부산은행,체크,"BC, Mastercard",국내전용 [없음] / 해외겸용 [없음],200000,"200,000원",간편결제: 3% | 학원: 3% | 교통: 3%,"교통, 통신, 카페/디저트, 교육/육아, OTT/영화/문화, 간편결제",false,,https://d1c5n4ri2guedi.cloudfront.net/card/2506/card_img/28653/2506card.png,https://www.card-gorilla.com/card/detail/2506,간편결제: 간편 결제 할인 서비스 | 학원: 학원 업종 할인 서비스 | 통신: 이동통신 할인 | 카페: 커피 할인 서비스 | 교통: 대중교통 할인 서비스 | 영화: 영화관 할인 서비스
713,신한카드 국민행복 체크,신한카드,체크,VISA,국내전용 [없음] / 해외겸용 [없음],300000,"300,000원",디지털구독: 50% | 배달앱: 5% | 어린이집: 5%,"쇼핑, 푸드, 병원/약국, 교육/육아, OTT/영화/문화",false,,https://d1c5n4ri2guedi.cloudfront.net/card/713/card_img/22187/713card.png,https://www.card-gorilla.com/card/detail/713,"병원/약국: 병원/약국/산후조리원 5% 결제일 할인 | 온라인쇼핑: 쿠팡, SSG닷컴, 롯데ON, 11번가, G마켓 5% 결제일 할인 | 교육/육아: 어린이집/유치원 中 부모부담금, 인터넷서점 (YES24, 알라딘, 교보문고) 5% 결제일 할인 | 배달앱: 배달의민족, 요기요 5% 결제일 할인 | 디지털구독: 넷플릭스, 유튜브프리미엄 50% 할인 | 금융: 신한은행"
517,NH1934 체크카드,NH농협카드,체크,Mastercard,국내전용 [없음] / 해외겸용 [없음],500000,"500,000원",할인: 0.2% | 모든가맹점: 0.3%,모든가맹점,true,,https://d1c5n4ri2guedi.cloudfront.net/card/517/card_img/21202/517card.png,https://www.card-gorilla.com/card/detail/517,모든가맹점: 국내&middot;외 전 가맹점 0.2~0.3% 청구할인 | 은행사: [NH1934우대통장]
2060,롯데체크카드,롯데카드,체크,,국내전용 [없음],0,없음,멤버십포인트: 0.2%,무실적,false,,https://d1c5n4ri2guedi.cloudfront.net/card/2060/card_img/21939/2060card.png,https://www.card-gorilla.com/card/detail/2060,멤버십포인트: - 전국 가맹점에서 롯데카드 제공 L.POINT 0.2% 적립 | 연회비지원: 평생 연회비가 면제됩니다. | 해외이용: 해외 가맹점 이용 | 기타: - 롯데체크카드 부가 서비스로 제공
1907,우체국 우리동네plus 체크카드,우체국,체크,BC,국내전용 [없음],300000,"300,000원",기타: 5% | 대형마트: 10% | 병원/약국: 5%,"마트/편의점, 쇼핑, 푸드, 카페/디저트, 병원/약국, 레저/스포츠, 항공마일리지, 여행/숙박, 해외",false,,https://d1c5n4ri2guedi.cloudfront.net/card/1907/card_img/24418/1907card.png,https://www.card-gorilla.com/card/detail/1907,선택형: 서비스혜택 | 기타: 그린카드 멤버십 서비스
2830,Point Plan 체크(SOL 모임),신한카드,체크,VISA,해외겸용 [없음],0,없음,생활: 1% | 배달앱: 1000원 | 편의점: 5%,"모든가맹점, 마트/편의점, 푸드, 무실적, 해외",false,2024-01-29,https://d1c5n4ri2guedi.cloudfront.net/card/2830/card_img/40366/2829card.png,https://www.card-gorilla.com/card/detail/2830,생활: [일상 생활비 적립 서비스] 국내 건당 결제금액별 0.2~1% 포인트 적립 | 배달앱: [주말 배달앱 적립] 필수 생활비 - 주말 배달앱 적립 | 편의점: [편의점 적립] 필수 생활비 - 편의점 적립
810,현대백화점 체크카드,iM뱅크,체크,BC Global,해외겸용 [없음],200000,"200,000원",백화점: 5% | 주유: 무제한 | 카페/디저트: 10%,"주유, 쇼핑, 푸드, 교육/육아, OTT/영화/문화",false,,https://d1c5n4ri2guedi.cloudfront.net/card/810/card_img/21733/810card.png,https://www.card-gorilla.com/card/detail/810,"백화점: 할인쿠폰 제공 | 주유: 현대오일뱅크(LPG포함) 리터당 40원 결제일 캐시백 | 카페: 스타벅스, 커피빈, 엔제리너스 10% 결제일 캐시백 | 영화: CGV 영화할인 | 학원: 서적할인 | 패밀리레스토랑: 아웃백, TGIF 결제일 캐시백 | 캐시백: 연간 천만원 이상 사용시, 소득공제 3백만원 혜택"
1523,L.PAY 하나 체크카드,하나카드,체크,UnionPay,해외겸용 [없음],0,없음,간편결제: 2% | 적립: 0.5% | 적립: 0.1%,"모든가맹점, 교통, 무실적",false,,https://d1c5n4ri2guedi.cloudfront.net/card/1523/card_img/20209/1523card.png,https://www.card-gorilla.com/card/detail/1523,적립: L.POINT 적립
2217,미래에셋증권 체크카드 (캐시백 2),미래에셋증권,체크,,국내전용 [없음],300000,"300,000원",할인: 1%,모든가맹점,false,,https://d1c5n4ri2guedi.cloudfront.net/card/2217/card_img/21768/2217card.png,https://www.card-gorilla.com/card/detail/2217,모든가맹점: 전월 사용금액에 따라 0.5~1% 캐시백 지급
2857,신한카드 처음(선불),신한카드,체크,,국내전용 [없음],0,없음,기타: 무제한 | 대중교통: 무제한 | 기타: 무제한,"교통, 무실적",false,2025-05-02,https://d1c5n4ri2guedi.cloudfront.net/card/2857/card_img/43316/2857card_1.png,https://www.card-gorilla.com/card/detail/2857,기타: 계좌가 없어도 간편 발급 | 대중교통: Tmoney 선불기능 탑재
2668,탐나는전 체크카드,제주은행,체크,BC,국내전용 [없음],0,없음,캐시백: 0.2% | 캐시백: 0.3%,무실적,false,,https://d1c5n4ri2guedi.cloudfront.net/card/2668/card_img/32476/2668card.png,https://www.card-gorilla.com/card/detail/2668,캐시백: 국내 가맹점 0.2% 기본 캐시백
2582,트래블제로카드,코나카드,체크,Mastercard,해외겸용 [없음],0,없음,수수료우대: 100% | 수수료우대: 무제한 | 할인: 무제한,"무실적, 해외",false,,https://d1c5n4ri2guedi.cloudfront.net/card/2582/card_img/30129/2582card.png,https://www.card-gorilla.com/card/detail/2582,"해외이용: 해외 결제 시점, 알아서 자동 환전 + 환전 수수료 면제 | 수수료우대: 해외 가맹점 결제 수수료 면제 | 해외직구: 해외 직구도 수수료 면제 | 적립: 국내 온라인/오프라인 실적 상관없이 무조건 무제한 0.3% 캐시백 | 할인: 국내 커피빈 / CGV 실적 상관없이 무조건 즉시할인 | 교통: 국내 대중교통 기능 지원"
1258,OK캐쉬백 썸(SUM)타는 우리체크카드,우리카드,체크,"BC, Mastercard",국내전용 [없음] / 해외겸용 [없음],250000,"250,000원",쇼핑: 10% | 카페/디저트: 20% | 패스트푸드: 10%,"교통, 통신, 마트/편의점, 쇼핑, 푸드, 카페/디저트, 뷰티/피트니스, 교육/육아, OTT/영화/문화",false,,https://d1c5n4ri2guedi.cloudfront.net/card/1258/card_img/21049/1258card.png,https://www.card-gorilla.com/card/detail/1258,"OK캐쉬백: OK캐쉬백 포인트 적립 및 사용 | 온라인쇼핑: G마켓, 옥션 10% 할인 | 카페/디저트: 스타벅스 20% 할인(사이렌오더 포함) | 푸드: 맥도날드, 롯데리아, 버거킹, 피자헛, 미스터피자, 도미노피자 10% 할인 | 마트/편의점: 편의점(CU), 올리브영 5% 할인 | 영화: CGV, 롯데시네마, 메가박스 10% 할인 | 대중교통: 전국 시내버스, 지하철 2천원 할인 | 교육/육아: YBM시사(토익응시료 포함), 파고다, 해커스어학원 10% 할인 | 통신: 휴대전화 요금 3천원 할인"
2972,현대카드 하이브리드(포인트형),현대카드,체크,VISA,"국내전용 [5,000]원 / 해외겸용 [5,000]원",0,없음,국내외가맹점: 0.5% | 푸드: 5% | 적립: 5%,"모든가맹점, 교통, 마트/편의점, 푸드, 무실적, 자동차/하이패스",false,2026-04-28,https://d1c5n4ri2guedi.cloudfront.net/card/2972/card_img/48342/2972card_1.png,https://www.card-gorilla.com/card/detail/2972,"국내외가맹점: 실적&middot;한도 제한 없이 국내외 가맹점 0.5% M포인트 적립 | 적립: 전월 이용 금액 30만원 이상 시 일반음식점, 배달 앱, 편의점, 대중교통 5% M포인트 적립 | 하이브리드: 계좌 잔액 내에서 체크카드와 동일하게 사용"
378,VIVA+ 체크카드,하나카드,체크,VISA,해외겸용 [없음],0,없음,수수료우대: 0.5% | 수수료우대: 3% | 점심: 7%,"마트/편의점, 푸드, 카페/디저트, 무실적",false,,https://d1c5n4ri2guedi.cloudfront.net/card/378/card_img/20878/378card.jpg,https://www.card-gorilla.com/card/detail/378,수수료우대: 해외 이용 수수료 면제 서비스 | 점심: Lunch Time 캐쉬백 서비스
388,하나멤버스 Mega 체크카드,하나카드,체크,VISA,해외겸용 [없음],250000,"250,000원",생활: 20000원 | 통신: 3000원 | 모든가맹점: 20000원,"주유, 통신, 마트/편의점, 쇼핑, 푸드, 병원/약국",false,,https://d1c5n4ri2guedi.cloudfront.net/card/388/card_img/36719/388card.png,https://www.card-gorilla.com/card/detail/388,멤버십포인트: 하나머니란? | 카드사: 하나멤버스 서비스
575,라이프+플러스 체크카드,우체국,체크,UnionPay,해외겸용 [없음],300000,"300,000원",온라인쇼핑: 10% | 애완동물: 10% | 해외: 1%,"마트/편의점, 쇼핑, 뷰티/피트니스, 애완동물, 레저/스포츠, 항공마일리지, 해외",false,,https://d1c5n4ri2guedi.cloudfront.net/card/575/card_img/21312/575card.png,https://www.card-gorilla.com/card/detail/575,선택형: 생활 속 혜택을 더해주는 캐시백형 | 쇼핑: [국내 서비스] | 마트/편의점: [국내 서비스] | 애완동물: [국내 서비스] | 레저/스포츠: [국내 서비스] | 기타: [국내 서비스] | 해외: [해외 서비스] | 저가항공: ※본 서비스는 UniMile(유니마일)적립형 신청 고객에 한해 제공됩니다. (캐시백형은 제외)
2390,넥슨 현대카드Check,현대카드,체크,,"국내전용 [2,000]원",0,없음,모든가맹점: 0.5%,무실적,false,,https://d1c5n4ri2guedi.cloudfront.net/card/2390/card_img/25822/2390card.png,https://www.card-gorilla.com/card/detail/2390,모든가맹점: 월 이용금액 50만원 한도까지 실적 조건 없이 0.5% 넥슨 현대카드 포인트 적립 | 선택형
2314,토스유스카드(USS),토스,체크,,국내전용 [없음],0,없음,쇼핑: 무제한 | 교통: 무제한 | 선택형: 무제한,"교통, 쇼핑, 무실적",false,,https://d1c5n4ri2guedi.cloudfront.net/card/2314/card_img/31660/2314card_2.png,https://www.card-gorilla.com/card/detail/2314,기타: 온라인 결제 이용 가능 | 교통: 교통카드 사용 가능
2637,카카오페이 신한 라이언 체크,신한카드,체크,VISA,국내전용 [없음] / 해외겸용 [없음],300000,"300,000원",카카오페이: 2% | 카페: 5% | 대중교통: 5%,"교통, 카페/디저트, 간편결제, 해외",false,,https://d1c5n4ri2guedi.cloudfront.net/card/2637/card_img/31886/2637card.png,https://www.card-gorilla.com/card/detail/2637,카카오페이: 카카오페이 이용금액에 2% 카카오페이포인트 적립&amp; 「카카오톡(APP) 내 쇼핑하기/선물하기」 이용금액에 2% 카카오페이포인트 추가 적립 | 카페: 커피전문점 업종 이용금액에 5% 카카오페이포인트 적립 | 대중교통: 대중교통 이용금액에 5% 카카오페이포인트 적립(버스/지하철) | 해외: 해외(온라인 포함) 이용금액에 1% 카카오페이포인트 적립 | 프리미엄: 국제브랜드사 서비스 공통사항 안내
2983,현대카드 체크(캐시백형),현대카드,체크,VISA,"국내전용 [5,000]원 / 해외겸용 [5,000]원",0,없음,국내외가맹점: 0.3% | 푸드: 3% | 할인: 3%,"모든가맹점, 교통, 마트/편의점, 푸드, 무실적",false,2026-04-28,https://d1c5n4ri2guedi.cloudfront.net/card/2983/card_img/48699/2983card_1.png,https://www.card-gorilla.com/card/detail/2983,"국내외가맹점: 실적&middot;한도 제한 없이 국내외 가맹점 0.3% 캐시백 | 적립: 전월 이용 금액 30만원 이상 시 일반음식점, 배달 앱, 편의점, 대중교통 3% 캐시백"
638,신한 슈퍼SOL 체크,신한카드,체크,Mastercard,국내전용 [없음] / 해외겸용 [없음],300000,"300,000원",모든가맹점: 0.3% | 적립: 2% | 적립: 1%,"교통, 통신, 마트/편의점, 쇼핑, 해외",false,,https://d1c5n4ri2guedi.cloudfront.net/card/638/card_img/32199/638card.png,https://www.card-gorilla.com/card/detail/638,모든가맹점: 모든 가맹점 0.3% 포인트 적립 | 생활: 생활가맹점 총 2% 포인트 적립 (기본 0.3%+추가 1.7%) | 쇼핑: 쇼핑가맹점 총 1% 포인트 적립(기본 0.3%+추가 0.7%) | 해외이용: 해외 가맹점 이용금액 총 1% 포인트 적립(기본 0.3%+추가 0.7%)
532,NH농협 올바른 하나로(Hanaro) 체크카드,NH농협카드,체크,Mastercard,국내전용 없음 / 해외겸용 없음,0,없음,적립: 0.2% | 모든가맹점: 1% | 공항라운지: 무제한,"모든가맹점, 무실적, 공항라운지/PP",false,,https://d1c5n4ri2guedi.cloudfront.net/card/532/card_img/21229/532card.png,https://www.card-gorilla.com/card/detail/532,적립: NH포인트 기본 적립 | 모든가맹점: 농협판매장 NH포인트 추가 적립 | OK캐쉬백: OK Cashbag 제휴서비스 | 공항라운지: 국제공항 라운지 무료이용
332,카카오페이 KB국민 체크카드,KB국민카드,체크,Mastercard,국내전용 [없음] / 해외겸용 [없음],300000,"300,000원",간편결제: 2% | 카페/디저트: 1% | 교통: 1%,"교통, 마트/편의점, 카페/디저트, 간편결제",false,,https://d1c5n4ri2guedi.cloudfront.net/card/332/card_img/20576/332card.png,https://www.card-gorilla.com/card/detail/332,"카카오페이: 카카오페이결제 2%적립 | 카페: 커피전문점 업종 1% 적립 | 베이커리: 제과/아이스크림 업종 1% 적립 | 편의점: CU편의점 1% 적립 | 대중교통: 대중교통(버스, 지하철) 1% 적립"
400,롯데포인트플러스 체크카드,롯데카드,체크,,국내전용 [없음],0,없음,멤버십포인트: 무제한,무실적,false,,https://d1c5n4ri2guedi.cloudfront.net/card/400/card_img/20899/400card.png,https://www.card-gorilla.com/card/detail/400,멤버십포인트: 더블포인트 적립 서비스 | 해외: 체크카드 해외이용 안내
2509,에어머니 체크카드,MG새마을금고,체크,VISA,해외겸용 [없음],100000,"100,000원",기타: 0.3% | 여행/숙박: 3000원 | 공항라운지: 무제한,"카페/디저트, 공항라운지/PP, 여행/숙박, 해외",false,,https://d1c5n4ri2guedi.cloudfront.net/card/2509/card_img/28715/2509card.png,https://www.card-gorilla.com/card/detail/2509,멤버십포인트: 국내 가맹점 이용금액의 0.3% Air Money 적립 | 여행/숙박: 여행&middot;관광업종 Air Money 특별적립 | 카페: 커피전문점 Air Money 특별적립 | 공항라운지: 국내 국제선 공항라운지 본인 무료이용 | 해외이용: 해외 이용금액 1% Air Money 적립 | 수수료우대: 해외이용 수수료 면제
2817,iM K-패스 체크카드,iM뱅크,체크,BC,국내전용 [없음],200000,"200,000원",교통: 10% | 배달앱: 2% | 통신: 2%,"교통, 통신, 마트/편의점, 푸드, 카페/디저트, 뷰티/피트니스, OTT/영화/문화",false,,https://d1c5n4ri2guedi.cloudfront.net/card/2817/card_img/39840/2817card.png,https://www.card-gorilla.com/card/detail/2817,교통: 대중교통 요금 10% 할인 | 배달앱: 배달앱 2% 할인 | 통신: 이동통신 2% 할인 | 생활: 커피&middot;생활용품&middot;편의점 2% 할인 | 영화: 영화 2% 할인 | 디지털구독: OTT 2% 할인
748,이지캐시백,IBK기업은행,체크,"BC, Mastercard",국내전용 [없음] / 해외겸용 [없음],0,없음,할인: 0.2% | 할인: 무제한,"모든가맹점, 푸드, 무실적",false,,https://d1c5n4ri2guedi.cloudfront.net/card/748/card_img/22222/748card.png,https://www.card-gorilla.com/card/detail/748,할인: [기본캐시백] 기본캐시백 0.2% | 금융: [금융우대서비스] 전자금융・ATM 출금 및 이체수수료 면제
2222,한국투자 the More 체크카드,한국투자증권,체크,,국내전용 [없음],0,없음,할인: 0.3%,무실적,false,,https://d1c5n4ri2guedi.cloudfront.net/card/2222/card_img/21762/2222card.jpg,https://www.card-gorilla.com/card/detail/2222,할인: 전월 실적 제한없이 국내 가맹점 이용금액의 0.3% 캐시백
756,LIKIT all 체크카드,롯데카드,체크,,국내전용 [없음],0,없음,할인: 0.2% | 할인: 0.2%,"모든가맹점, 무실적",false,,https://d1c5n4ri2guedi.cloudfront.net/card/756/card_img/22230/756card.png,https://www.card-gorilla.com/card/detail/756,할인: 국내(온&middot;오프라인) 가맹점 0.2% 캐시백
498,농부의마음 Farmers Heart 체크카드,NH농협카드,체크,Mastercard,국내전용 [없음] / 해외겸용 [없음],0,없음,적립: 1% | 적립: 1% | 적립: 1%,"모든가맹점, 마트/편의점, 카페/디저트, 무실적",false,,https://d1c5n4ri2guedi.cloudfront.net/card/498/card_img/21187/498card.png,https://www.card-gorilla.com/card/detail/498,적립: 일상생활 및 농협계통 업종 NH포인트 최대 1% 적립
2984,현대카드 체크(Apple Pay Rewards),현대카드,체크,VISA,"국내전용 [5,000]원 / 해외겸용 [5,000]원",300000,"300,000원",국내외가맹점: 10%,모든가맹점,false,2026-04-28,https://d1c5n4ri2guedi.cloudfront.net/card/2984/card_img/48703/2984card_1.png,https://www.card-gorilla.com/card/detail/2984,간편결제: 전월 이용 금액 30만원 이상 시 Apple Pay 이용 금액 10% 캐시백
294,신한카드 S-Line 체크,신한카드,체크,VISA,국내전용 [없음] / 해외겸용 [없음],300000,"300,000원",적립: 0.5% | 푸드: 5% | 교통: 5%,"교통, 주유, 쇼핑, 해외",false,,https://d1c5n4ri2guedi.cloudfront.net/card/294/card_img/20517/294card.png,https://www.card-gorilla.com/card/detail/294,"적립: 마이신한포인트 적립 서비스 | 푸드: 요식업종 이용금액의 5% 할인 | 교통: 버스, 지하철 이용금액의 5% 할인 (후불교통 카드 선택 시) | 쇼핑: 홈쇼핑 이용금액의 5% 할인 | 금융: 금융 우대 서비스 | 할인: 신한카드 S-Line 체크 할인한도"
668,go 캐시백 글로벌 체크카드,우체국,체크,Mastercard,해외겸용 [없음],300000,"300,000원",해외: 7% | 간편결제: 5% | 배달앱: 5%,"마트/편의점, 푸드, 카페/디저트, 간편결제, 해외",false,,https://d1c5n4ri2guedi.cloudfront.net/card/668/card_img/32465/668card.png,https://www.card-gorilla.com/card/detail/668,해외: 해외 전 가맹점 7% 캐시백 | 간편결제: 3대 간편결제 5% 캐시백 | 배달앱: 온라인 식품배달 5% 캐시백 | 대형마트: 대형마트 5% 캐시백 | 기타: 우체국 5% 캐시백 | 면세점: 면세점 5% 캐시백 | 공항라운지: - 인천공항 스카이허브라운지 | 카페: 커피전문점 5% 캐시백
1964,KDB Choice 하이브리드 카드,KDB산업은행,체크,,국내전용 [없음],0,없음,선택형: 5% | 대중교통: 100원,"교통, 통신, 마트/편의점, 쇼핑, 카페/디저트, 무실적, 병원/약국, 여행/숙박",false,,https://d1c5n4ri2guedi.cloudfront.net/card/1964/card_img/22034/1964card.png,https://www.card-gorilla.com/card/detail/1964,"선택형: 대형할인점, 슈퍼마켓, 온라인쇼핑, 통신, 백화점, 레져, 병의원/약국, 홈쇼핑, 숙박, 커피 | 대형마트: 전국 대형할인점 | 기타: 전국 슈퍼마켓 | 온라인쇼핑: 인터넷쇼핑몰, 모바일쇼핑몰 | 기타: 통합캐시백한도 운영 | 백화점: 전국 백화점 | 기타: 스포츠, 레저용품, 종합레져타운, 헬스클럽, 수영장, 테니스장, 볼링장, 스키장 등 | 기타: 통합캐시백한도 운영 | 홈쇼핑: TV 홈쇼핑 업종 | 호텔: 전국 호텔(특급, 1급, 2급), 콘도 여관 등 | 카페: 스타벅스, 엔제리너스, 카페베네, 커피빈, 탐앤탐스, 투썸플레이스, 파스쿠찌, 할리스 | 대중교통: 버스 또는 지하철 이용시 이용건당 100원 청구할인(월 20건 이내)"
2373,신한카드 On 체크(쥬라기),신한카드,체크,VISA,국내전용 [없음] / 해외겸용 [없음],200000,"200,000원",간편결제: 2% | 생활: 2% | 해외: 1.3%,"통신, 마트/편의점, 카페/디저트, 뷰티/피트니스, OTT/영화/문화, 해외",false,,https://d1c5n4ri2guedi.cloudfront.net/card/2373/card_img/25322/2374card.png,https://www.card-gorilla.com/card/detail/2373,간편결제: 간편결제(Pay) 이용 시 최대 2% 적립 | 생활: 생활편의영역 이용 시 최대 2% 적립 | 해외: 해외 이용금액에 대해 1.3% 적립
2814,카카오뱅크 모임 체크카드,카카오뱅크,체크,Mastercard,국내전용 [없음] / 해외겸용 [없음],0,없음,캐시백: 50000원,무실적,false,,https://d1c5n4ri2guedi.cloudfront.net/card/2814/card_img/40129/2814card.png,https://www.card-gorilla.com/card/detail/2814,캐시백: 결제하면 바로 받는 랜덤 캐시백 (기간 : 2025.01.01~2025.12.31)
2813,NH1961체크카드,NH농협카드,체크,"VISA, Mastercard",국내전용 [없음] / 해외겸용 [없음],0,없음,모든가맹점: 0.2% | 적립: 0.3% | 디지털구독: 20%,"모든가맹점, 무실적, OTT/영화/문화, 공항라운지/PP, 해외",false,,https://d1c5n4ri2guedi.cloudfront.net/card/2813/card_img/40126/2813card.png,https://www.card-gorilla.com/card/detail/2813,적립: [기본적립] 국내/해외 이용가맹점 0.2~0.4% NH포인트 적립 | 디지털구독: 언택트 라이프영역 5~20% NH포인트 적립 | 공항라운지: 국제공항 라운지 무료이용 연 1회 제공
722,국민행복 체크카드 S2,우리카드,체크,"Mastercard, BC",국내전용 [없음] / 해외겸용 [없음],300000,"300,000원",병원/약국: 3% | 교육/육아: 3% | 디지털구독: 10%,"통신, 마트/편의점, 쇼핑, 공과금/렌탈, 교육/육아, OTT/영화/문화, 해외",false,,https://d1c5n4ri2guedi.cloudfront.net/card/722/card_img/22196/722card.png,https://www.card-gorilla.com/card/detail/722,"국민행복: 쇼핑/생활 업종(백화점, 대형할인점, 온라인쇼핑, 이동통신, 생활월납, 렌탈) 2% 캐시백 | 국민행복: 의료(임신&middot;출산) / 보육(교육) 업종 3% 캐시백 | 디지털구독: 언택트 라이프 업종(영상, 음원, 전자도서, 멤버십) 10% 캐시백 | 해외: 해외가맹점(해외직구 포함) 이용금액 캐시백"
2585,신한카드 Way 체크(미니언즈 여름),신한카드,체크,VISA,국내전용 [없음] / 해외겸용 [없음],200000,"200,000원",대중교통: 5% | 생활: 2% | 해외: 1.3%,"교통, 통신, 마트/편의점, 카페/디저트, 뷰티/피트니스, OTT/영화/문화, 해외",false,,https://d1c5n4ri2guedi.cloudfront.net/card/2585/card_img/30745/2585card.png,https://www.card-gorilla.com/card/detail/2585,대중교통: 대중교통(버스/지하철) 이용 시 최대 5% 적립 | 생활: 생활편의영역 이용시 2% 적립 | 해외이용: 해외 이용금액에 대해 1.3% 적립
2665,폼 체크카드,NH농협카드,체크,UnionPay,국내전용 [없음] / 해외겸용 [없음],0,없음,푸드: 200원 | 드럭스토어: 500원 | 쇼핑: 0.2%,"교통, 마트/편의점, 푸드, 카페/디저트, 뷰티/피트니스, 무실적, 교육/육아",false,,https://d1c5n4ri2guedi.cloudfront.net/card/2665/card_img/32418/2665card.png,https://www.card-gorilla.com/card/detail/2665,할인: 외식 200원 할인・뷰티 500원 할인・대중교통 5% 할인・NH페이 0.2% 할인
497,NEW농촌사랑체크카드,NH농협카드,체크,Mastercard,해외겸용 [없음],200000,"200,000원",적립: 0.5% | 주유소: 무제한 | OTT/영화/문화: 무제한,"주유, 통신, 마트/편의점, OTT/영화/문화",false,,https://d1c5n4ri2guedi.cloudfront.net/card/497/card_img/21186/497card.png,https://www.card-gorilla.com/card/detail/497,적립: NH포인트 최대 0.5% 적립(월 1만 포인트 한도) | 주유소: GS칼텍스 L당 40원 주유할인(LPG제외) | 생활: 농협판매장 2% 할인(월간 이용액 50만원 이내) | 기타: 농촌사랑운동 기금 적립
680,쏘영 체크카드,KB국민카드,체크,UnionPay,국내전용 [없음] / 해외겸용 [없음],50000,"50,000원",디지털구독: 5% | 패스트푸드: 5% | 편의점: 5%,"교통, 마트/편의점, 푸드, OTT/영화/문화",false,,https://d1c5n4ri2guedi.cloudfront.net/card/680/card_img/21445/680card.png,https://www.card-gorilla.com/card/detail/680,"디지털구독: 멜론, YouTube Premium 5% 환급할인(#숨쉬듯스트리밍) | 기타: (#내맘대로다꾸) | 편의점: (#편스토랑한끼) | 패스트푸드: 패스트푸드점 5% 환급할인(#콜라버거레이션) | 대중교통: (#버스앤메트로)"
545,카드의정석 APT CHECK,우리카드,체크,"Mastercard, BC","국내전용 [9,000]원 / 해외겸용 [9,000]원",300000,"300,000원",공과금: 10000원 | 기타: 30%,"공과금/렌탈, OTT/영화/문화",false,,https://d1c5n4ri2guedi.cloudfront.net/card/545/card_img/21251/545card.png,https://www.card-gorilla.com/card/detail/545,공과금: 아파트관리비(공공 임대료) 3천~10천원 캐시백 | 기타: 유튜브 프리미엄 정기권 30% 캐시백
402,롯데 플래티넘 체크카드,롯데카드,체크,VISA,"해외겸용 [1,000원]",100000,"100,000원",모든가맹점: 0.2% | 프리미엄: 무제한,"모든가맹점, 프리미엄",false,,https://d1c5n4ri2guedi.cloudfront.net/card/402/card_img/20900/402card.png,https://www.card-gorilla.com/card/detail/402,모든가맹점: 이용금액의 0.2% L.POINT 적립 | 해외: 해외이용 안내 | 프리미엄 서비스: 비자 플래티넘 서비스
2456,토스뱅크 모임카드,토스뱅크,체크,Mastercard,국내전용 [없음] / 해외겸용 [없음],0,없음,마트/편의점: 500원 | 테마파크: 500원 | 푸드: 500원,"마트/편의점, 푸드, 무실적, 레저/스포츠",false,,https://d1c5n4ri2guedi.cloudfront.net/card/2456/card_img/28028/2456card.png,https://www.card-gorilla.com/card/detail/2456,생활: 우리 모임에 꼭 필요한 혜택만 담았어요 | 선택형: 4가지 색상을 준비했어요.
316,카드의정석 L.POINT CHECK,우리카드,체크,"BC, Mastercard",국내전용 [없음] / 해외겸용 [없음],300000,"300,000원",모든가맹점: 0.3% | 멤버십포인트: 0.5% | 레저/스포츠: 50%,"모든가맹점, 교통, 주유, 통신, 마트/편의점, 쇼핑, 카페/디저트, 레저/스포츠, OTT/영화/문화, 해외",false,,https://d1c5n4ri2guedi.cloudfront.net/card/316/card_img/20562/316card.png,https://www.card-gorilla.com/card/detail/316,모든가맹점: L.POINT 0.3 ~ 1% 적립 | 테마파크: 롯데월드 아쿠아리움 입장권 및 놀이공원 자유이용권 50% 현장할인
346,민 체크카드,KB국민카드,체크,"VISA, Mastercard",국내전용 [없음] / 해외겸용 [없음],300000,"300,000원",마트/편의점: 5% | 주유: 무제한 | 교통: 5%,"교통, 주유, 통신, 마트/편의점, 푸드, 자동차/하이패스",false,,https://d1c5n4ri2guedi.cloudfront.net/card/346/card_img/20591/346card.png,https://www.card-gorilla.com/card/detail/346,"대형마트: 이마트&middot;롯데마트&middot;홈플러스 5% 환급할인 | 주유소: SK에너지 리터당 60원 환급할인 | 정비: 스피드메이트 엔진오일교환 2만원 현장할인 및 정비 할인 | 패스트푸드: 패스트푸드 10% 환급할인 | 통신: 이동통신요금 2,500원 환급할인 | 대중교통: 버스&middot;지하철 5% 청구할인 | 편의점: CU편의점 3% CU포인트 적립 | 기타: 월간 통합할인한도"
296,신한 S-Choice체크카드,신한카드,체크,"VISA, Mastercard",해외겸용 [없음],200000,"200,000원",교통: 10% | 카페: 20% | 백화점: 10%,"교통, 마트/편의점, 쇼핑, 카페/디저트",false,,https://d1c5n4ri2guedi.cloudfront.net/card/296/card_img/20519/296card.gif,https://www.card-gorilla.com/card/detail/296,"교통: 신한 S-Choice 체크카드의 할인 서비스 (교통, 커피, 쇼핑 서비스 중 택 1 제공) | 카페: 신한 S-Choice 체크카드의 할인 서비스 (교통, 커피, 쇼핑 서비스 중 택 1 제공) | 백화점: 신한 S-Choice 체크카드의 할인 서비스 (교통, 커피, 쇼핑 서비스 중 택 1 제공)"
2374,신한카드 Way 체크(쥬라기),신한카드,체크,VISA,국내전용 [없음] / 해외겸용[없음],200000,"200,000원",교통: 5% | 생활: 2% | 해외: 1.3%,"교통, 통신, 마트/편의점, 카페/디저트, 뷰티/피트니스, OTT/영화/문화",false,,https://d1c5n4ri2guedi.cloudfront.net/card/2374/card_img/25323/2373card.png,https://www.card-gorilla.com/card/detail/2374,대중교통: 대중교통(버스/지하철) 이용 시 최대 5% 적립 | 생활: 생활편의영역 이용 시 최대 2% 적립 | 해외: 해외 이용금액에 대해 1.3% 적립
746,알뜰교통 비바 e 플래티늄 체크카드,하나카드,체크,VISA,국내전용 [없음] / 해외겸용 [없음],250000,"250,000원",대중교통: 15% | 온라인쇼핑: 5000원 | 해외: 20%,"교통, 쇼핑, 해외",false,,https://d1c5n4ri2guedi.cloudfront.net/card/746/card_img/27830/746card.png,https://www.card-gorilla.com/card/detail/746,대중교통: 대중교통 15% 캐시백 | 온라인쇼핑: 국내 온라인 쇼핑 최대 5천원 캐시백 | 해외: 해외 직접 구매 배송 대행료 20% 할인
2320,트래블페이 충전카드,트래블월렛,체크,VISA,해외겸용 [없음],0,없음,해외: 무제한 | 해외이용: 0% | 해외: 무제한,"무실적, 해외",false,,https://d1c5n4ri2guedi.cloudfront.net/card/2320/card_img/23848/2320card.png,https://www.card-gorilla.com/card/detail/2320,"간편결제: 트래블페이: 31개 외화를 미리 충전하고, 수수료 없이 해외결제 | 수수료우대: 카드 하나에 모든 외화 충전, 전 세계 8,000만개 VISA 가맹점에서 수수료 없이 카드 결제 가능 | 해외이용: 원하는 시점, 원하는 환율에 외화 충전 / 환전 | 해외직구: 해외직구 수수료 무료로 직구 / 현지결제"
2510,미타임 체크카드,MG새마을금고,체크,VISA,해외겸용 [없음],100000,"100,000원",쇼핑: 2000원 | 드럭스토어: 1000원 | 카페: 500원,"마트/편의점, 쇼핑, 카페/디저트, 뷰티/피트니스",false,,https://d1c5n4ri2guedi.cloudfront.net/card/2510/card_img/28716/2510card.png,https://www.card-gorilla.com/card/detail/2510,"쇼핑: 쇼핑 대상가맹점 결제 시 2,000원 할인 | 드럭스토어: H&amp;B스토어, 뷰티업종 결제 시 1,000원 할인 | 카페: 커피 500원 할인 | 수수료우대: 해외 서비스수수료, 현금인출수수료, 예금잔액조회수수료 면제 | 캐시백: 나를 위한 힐링시간 Metime! 알아두면 좋은 더블혜택 서비스"
2528,신한카드 Pick E 체크,신한카드,체크,Mastercard,국내전용 [없음] / 해외겸용 [없음],0,없음,편의점: 10% | 생활: 10% | 푸드: 3000원,"마트/편의점, 푸드, 카페/디저트, 무실적, 해외",false,,https://d1c5n4ri2guedi.cloudfront.net/card/2528/card_img/28966/2528card.png,https://www.card-gorilla.com/card/detail/2528,편의점: 4대 편의점 이용 시 10% 적립 | 카페: 커피 업종 이용 시 10% 적립 | 해외이용: 해외 이용금액 1% 적립 | 생활: 놀이 영역 이용 시 10% 적립 | 푸드: One Pick 맛집 가맹점 최대 3천 포인트 적립
2026,카카오페이 체크카드,IBK기업은행,체크,BC,국내전용 [없음],200000,"200,000원",카카오페이: 15% | 온라인쇼핑: 10% | 편의점: 5%,"마트/편의점, 쇼핑, 뷰티/피트니스, 간편결제",false,,https://d1c5n4ri2guedi.cloudfront.net/card/2026/card_img/21972/2026card.png,https://www.card-gorilla.com/card/detail/2026,카카오페이: 카카오페이 가맹점 이용금액 15% 청구할인 | 온라인쇼핑: [On-line 쇼핑] 온라인 쇼핑몰 10% 청구할인 | 편의점: [Off-line 쇼핑] 편의점 및 드럭스토어 5% 청구할인
572,포미 하이브리드 체크카드,우체국,체크,VISA,해외겸용 [없음],300000,"300,000원",편의점: 10% | 간편결제: 10% | 통신: 3000원,"통신, 마트/편의점, 쇼핑, 푸드, 간편결제",false,,https://d1c5n4ri2guedi.cloudfront.net/card/572/card_img/21305/572card.png,https://www.card-gorilla.com/card/detail/572,"마트/편의점: GS25, CU 10% 캐시백 | 간편결제: 삼성페이, 카카오페이, 네이버페이 10% 캐시백 | 온라인쇼핑: G마켓, 11번가, 쿠팡 10% 캐시백 | 통신: 통신료(SKT, KT, LG U+) 3천원 캐시백 | 배달앱: 배달의 민족 10% 캐시백"
375,올바른GLOBAL체크카드,NH농협카드,체크,Mastercard,해외겸용 [없음],200000,"200,000원",해외: 2% | 공항라운지/PP: 무제한 | 쇼핑: 0.5%,"교통, 통신, 마트/편의점, 쇼핑, 카페/디저트, 뷰티/피트니스, 교육/육아, OTT/영화/문화, 공항라운지/PP, 해외",false,,https://d1c5n4ri2guedi.cloudfront.net/card/375/card_img/20874/375card.png,https://www.card-gorilla.com/card/detail/375,해외이용: 해외 물품 구매시 2% 캐시백 | 공항라운지: 국제공항 라운지 무료이용 | 생활: 10대 업종 0.5~1.0% 캐시백
823,NEW현대백화점체크카드,iM뱅크,체크,BC Global,해외겸용 [없음],200000,"200,000원",백화점: 5% | 아울렛: 5% | 주유소: 무제한,"주유, 쇼핑, 푸드, 카페/디저트, 교육/육아, OTT/영화/문화, 항공마일리지",false,,https://d1c5n4ri2guedi.cloudfront.net/card/823/card_img/21719/823card.png,https://www.card-gorilla.com/card/detail/823,"백화점: 현대백화점 5% 현장할인 | 진에어: 진에어 항공권 구입금액 5% 캐시백할인 | 캐시백: 연간 보너스 캐시백 할인 | 주유: 현대오일뱅크 리터당 40원 캐시백할인(LPG 포함) | 카페: 스타벅스, 커피빈, 엔제리너스 10% 캐시백 할인 | 영화: CGV 3천원 ~ 6천원 캐시백 할인 | 도서: 교보문고/토익응시료 2천원 캐시백할인 | 푸드: 아웃백스테이크하우스 , TGIF 1만원 캐시백 할인"
2216,미래에셋증권 체크카드(할인 2),미래에셋증권,체크,,국내전용 [없음],300000,"300,000원",카페/디저트: 10% | 편의점: 10% | 디지털구독: 5000원,"마트/편의점, 카페/디저트, OTT/영화/문화",false,,https://d1c5n4ri2guedi.cloudfront.net/card/2216/card_img/21769/2216card.png,https://www.card-gorilla.com/card/detail/2216,카페: 커피전문점 10% 할인 | 마트/편의점: 편의점 10% 할인 | 디지털구독: 디지털구독 10% 할인
2550,노리2 체크카드(Play),KB국민카드,체크,Mastercard,국내전용 [없음] / 해외겸용 [없음],200000,"200,000원",카페: 10% | 편의점: 5% | 테마파크: 15000원,"통신, 마트/편의점, 푸드, 카페/디저트, 뷰티/피트니스, 레저/스포츠, OTT/영화/문화",false,,https://d1c5n4ri2guedi.cloudfront.net/card/2550/card_img/29586/2550card.png,https://www.card-gorilla.com/card/detail/2550,"카페: [일상] 스타벅스, 커피빈 10% 할인 | 게임: [일상] 구글플레이스토어, 앱스토어 10% 할인 | 공연/전시: [일상] 인터파크 티켓 10% 할인 | 헤어: [일상] 올리브영, 미용실 업종 5% 할인 | 편의점: [일상] GS25, CU 5% 할인 | 디지털구독: [일상] 넷플릭스, 유튜브프리미엄 1,000원 할인 | 배달앱: [일상] 배달의민족, 요기요 1,000원 할인 | 통신: [일상] SKT, KT, LG U+, Liiv M 2,500원 할인 | 영화: [일상] CGV 4,000원 할인 | 테마파크: [일상] 에버랜드, 롯데월드 15,000원 할인 | 게임: [Play] PC방 업종 10% 할인 | 패스트푸드: [Play] 패스트푸드 업종 1,000원 할인"
2907,위비트래블 J 체크카드,우리카드,체크,Mastercard,국내전용 [없음] / 해외겸용 [없음],300000,"300,000원",편의점: 50% | 푸드: 50% | 해외: 10%,"교통, 통신, 마트/편의점, 쇼핑, 푸드, 카페/디저트, 뷰티/피트니스, 간편결제, 여행/숙박, 해외",true,2025-10-13,https://d1c5n4ri2guedi.cloudfront.net/card/2907/card_img/44855/2907card_1.png,https://www.card-gorilla.com/card/detail/2907,"편의점: 세븐일레븐, 패밀리마트, 로손 | 푸드: 스타벅스/맥도날드 | 해외: 일본 오프라인 가맹점 | 쇼핑: 간편결제 | 푸드: 커피 | 생활: 대중교통 | 수수료우대: 해외 가맹점 이용수수료 면제"
2973,현대카드 하이브리드(캐시백형),현대카드,체크,VISA,"국내전용 [5,000]원 / 해외겸용 [5,000]원",0,없음,국내외가맹점: 0.3% | 푸드: 3% | 할인: 3%,"모든가맹점, 교통, 마트/편의점, 푸드, 무실적, 자동차/하이패스",false,2026-04-28,https://d1c5n4ri2guedi.cloudfront.net/card/2973/card_img/48344/2973card_1.png,https://www.card-gorilla.com/card/detail/2973,"국내외가맹점: 실적&middot;한도 제한 없이 국내외 가맹점 0.3% 캐시백 | 적립: 전월 이용 금액 30만원 이상 시 일반음식점, 배달 앱, 편의점, 대중교통 3% 캐시백 | 하이브리드: 계좌 잔액 내에서 체크카드와 동일하게 사용"
2760,카드의정석 칼퇴 CHECK,우리카드,체크,"VISA, Mastercard",국내전용 [없음] / 해외겸용 [없음],300000,"300,000원",푸드: 5% | 뷰티/피트니스: 5% | 교통: 5%,"교통, 마트/편의점, 푸드, 뷰티/피트니스, 교육/육아",false,,https://d1c5n4ri2guedi.cloudfront.net/card/2760/card_img/37304/2760card_1.png,https://www.card-gorilla.com/card/detail/2760,푸드: &middot; | 뷰티/피트니스: &middot; | 교통: &middot;
2332,KB국민 우리동네 체크카드,KB국민카드,체크,"VISA, UnionPay",국내전용 [없음] / 해외겸용 [없음],200000,"200,000원",생활: 10% | 마트/편의점: 5% | 기타: 5%,마트/편의점,false,,https://d1c5n4ri2guedi.cloudfront.net/card/2332/card_img/24588/2332card.png,https://www.card-gorilla.com/card/detail/2332,생활: 세탁소 10% 할인 | 기타: 정육점 10% 할인 | SSM: 슈퍼마켓 5% 할인 | 기타: 반찬가게 5% 할인 | 기타: 야채과일가게 5% 할인 | 기타: 번개장터(번개페이) 5% 할인 | 선택형: 카드 디자인 선택 가능
393,삼성체크카드 & POINT,삼성카드,체크,,국내전용 [없음],0,없음,모든가맹점: 0.2% | OTT/영화/문화: 3000원 | 레저/스포츠: 50%,"주유, 마트/편의점, 푸드, 무실적, 레저/스포츠, OTT/영화/문화",false,,https://d1c5n4ri2guedi.cloudfront.net/card/393/card_img/28056/393card.png,https://www.card-gorilla.com/card/detail/393,"모든가맹점: 업종 및 연간 이용금액에 따라 0.2%~0.8% 빅포인트 적립 | 영화: CGV 온라인예매 3,000원 캐시백 | 테마파크: 놀이공원 자유이용권 50%&middot;워터파크 입장권 30% 현장할인"
2673,신한카드 Point Plan 체크,신한카드,체크,VISA,국내전용 [없음] / 해외겸용 [없음],200000,"200,000원",생활: 1% | 배달앱: 1000원 | 편의점: 5%,"마트/편의점, 푸드, 해외",false,,https://d1c5n4ri2guedi.cloudfront.net/card/2673/card_img/32635/2666card_%40.png,https://www.card-gorilla.com/card/detail/2673,생활: [일상 생활비 적립 서비스] 국내 건당 결제금액별 0.2~1% 포인트 적립 | 배달앱: [필수 생활비] 주말 배달앱 적립 | 편의점: [필수 생활비] 편의점 적립
2643,MULTI Any 체크카드,하나카드,체크,VISA,국내전용 [없음] / 해외겸용 [없음],0,없음,국내외가맹점: 0.2% | 간편결제: 0.4% | 쇼핑: 0.6%,"모든가맹점, 교통, 마트/편의점, 쇼핑, 푸드, 무실적",false,,https://d1c5n4ri2guedi.cloudfront.net/card/2643/card_img/32063/2643card.png,https://www.card-gorilla.com/card/detail/2643,수수료우대: 트래블로그 스위치 서비스 | 국내외가맹점: 국내외 가맹점 적립 서비스 | 간편결제: 페이결제 적립 서비스 | 쇼핑: 쇼핑 적립 서비스 | 배달앱: 딜리버리 적립 서비스 | 대중교통: 대중교통 적립 서비스
2437,GS리테일 NH농협체크카드,NH농협카드,체크,Mastercard,국내전용 [없음] / 해외겸용 [없음],0,없음,적립: 2% | 적립: 0.2% | 적립: 1%,"모든가맹점, 무실적, 공항라운지/PP",false,,https://d1c5n4ri2guedi.cloudfront.net/card/2437/card_img/27465/2437card.png,https://www.card-gorilla.com/card/detail/2437,"적립: GS리테일 점내 이용 시 2% GS&amp;POINT 적립 | 적립: 국내 이용금액의 0.2%, 국외 이용금액의 1% NH포인트 적립 | 공항라운지: 국제공항 라운지 무료이용 연 1회 제공"
749,VIVA X 체크카드,하나카드,체크,Mastercard,국내전용 [없음] / 해외겸용 [없음],0,없음,해외이용: 무제한 | 수수료우대: 무제한 | 모든가맹점: 0.3%,"무실적, 해외",false,,https://d1c5n4ri2guedi.cloudfront.net/card/749/card_img/22223/749card.png,https://www.card-gorilla.com/card/detail/749,해외이용: 해외 가맹점 이용 수수료 면제 서비스 | 수수료우대: 해외 ATM 인출 수수료 면제 서비스 | 할인: 국내 가맹점 캐쉬백 서비스
2922,신한카드 SOL글로벌 체크,신한카드,체크,VISA,국내전용 [없음] / 해외겸용 [없음],0,없음,할인: 10% | 할인: 10% | 할인: 10%,"교통, 통신, 마트/편의점, 푸드, 무실적, 병원/약국",false,2024-09-23,https://d1c5n4ri2guedi.cloudfront.net/card/2922/card_img/45404/2922card.png,https://www.card-gorilla.com/card/detail/2922,할인: 대중교통(버스/지하철) 10% 캐시백 | 할인: 대형마트 10% 캐시백
2431,SC제일은행-현대카드 X CHECK,현대카드,체크,VISA,국내전용 [없음] / 해외겸용 [없음],0,없음,캐시백: 0.3% | 캐시백: 0.6% | 금융: 무제한,"모든가맹점, 무실적",false,,https://d1c5n4ri2guedi.cloudfront.net/card/2431/card_img/27294/2431card.png,https://www.card-gorilla.com/card/detail/2431,캐시백: X캐시백 적립 | 금융: SC제일은행 혜택 | 기타: X캐시백 사용
647,신한카드 S-Line 체크(마이펫),신한카드,체크,VISA,국내전용 [없음] / 해외겸용 [없음],300000,"300,000원",적립: 0.5% | 푸드: 5% | 대중교통: 5%,"교통, 주유, 쇼핑, 푸드, 공과금/렌탈, 해외",false,,https://d1c5n4ri2guedi.cloudfront.net/card/647/card_img/21411/647card.png,https://www.card-gorilla.com/card/detail/647,"모든가맹점: 마이신한포인트 적립 서비스 | 푸드: 요식업종 이용금액의 5% 할인 | 교통: 버스, 지하철 이용금액의 5% 할인 (후불교통 카드 선택 시) | 쇼핑: 홈쇼핑 이용금액의 5% 할인 | 금융: 금융 우대 서비스"
2628,브라보(Bravo) 체크카드,우체국,체크,Mastercard,해외겸용 [없음],300000,"300,000원",푸드: 5% | 마트/편의점: 5% | 기타: 5%,"주유, 마트/편의점, 푸드, 병원/약국, 교육/육아, 레저/스포츠, OTT/영화/문화, 여행/숙박",false,,https://d1c5n4ri2guedi.cloudfront.net/card/2628/card_img/31739/2628card.png,https://www.card-gorilla.com/card/detail/2628,"푸드: [생활 Life] 모든 음식점 5% 캐시백 | 대형마트: [생활 Life] 롯데마트, 이마트, 홈플러스 5% 캐시백 | 충전소: [생활 Life] 전기차 충전 5% 캐시백 | 주유소: [생활 Life] SK주유 L당 40원 캐시백 | 약국: [건강 Life] 모든 약국 10% 캐시백 | 쇼핑: [건강 Life] 정관장 10% 캐시백 | 골프: [건강 Life] 골프장, 골프연습장, 스크린골프장 10% 캐시백 | 영화: [문화 Life] CGV, 메가박스, 롯데시네마 15% 캐시백 | 도서: [문화 Life] 교보문고(온・오프라인) 15% 캐시백 | 여행/숙박: [문화 Life] 국내 숙박업종 15% 캐시백 | 기타: [안전 Life] 해외원화결제(DCC)차단 서비스 기본설정 | 해외: [글로벌 Life] 해외 ATM 현금인출 수수료(건당 $3) 면제"
2343,신한카드 On 체크,신한카드,체크,VISA,국내전용 [없음] / 해외겸용 [없음],200000,"200,000원",간편결제: 2% | 생활: 2% | 해외: 1.3%,"통신, 마트/편의점, 카페/디저트, 뷰티/피트니스, OTT/영화/문화, 간편결제, 해외",false,,https://d1c5n4ri2guedi.cloudfront.net/card/2343/card_img/24358/2343card.png,https://www.card-gorilla.com/card/detail/2343,간편결제: 간편결제(Pay) 이용 시 최대 2% 적립 | 생활: 생활편의영역 이용 시 최대 2% 적립 | 해외: 해외 이용금액에 대해 1.3% 적립 | 선택형
370,BAZIC(베이직)체크카드,NH농협카드,체크,Mastercard,국내전용 [없음] / 해외겸용 [없음],0,없음,모든가맹점: 0.2%,"모든가맹점, 무실적, 해외",false,,https://d1c5n4ri2guedi.cloudfront.net/card/370/card_img/20867/370card.png,https://www.card-gorilla.com/card/detail/370,모든가맹점: 국내&middot;외 전 가맹점 0.2~0.3% 청구할인
573,다드림 체크카드,우체국,체크,Mastercard,해외겸용 [없음],0,없음,모든가맹점: 0.3% | 기타: 5% | 통신: 10%,"모든가맹점, 무실적",false,,https://d1c5n4ri2guedi.cloudfront.net/card/573/card_img/21306/573card.png,https://www.card-gorilla.com/card/detail/573,적립: 국내 전 가맹점 이용금액의 0.3% 우체국 포인트 적립 | 통신: 우체국 알뜰폰 통신료 10% 우체국 포인트 적립 | 멤버십포인트: 전국 Oh! point 가맹점에서 적립 또는 사용 가능 | 금융: 우대서비스 1
2430,SC제일은행-현대카드 M CHECK,현대카드,체크,VISA,국내전용 [없음] / 해외겸용 [없음],0,없음,적립: 0.5% | 적립: 1% | 금융: 무제한,"모든가맹점, 무실적",false,,https://d1c5n4ri2guedi.cloudfront.net/card/2430/card_img/27293/2430card.png,https://www.card-gorilla.com/card/detail/2430,적립: M포인트 적립 | 금융: SC제일은행 혜택 | 기타: M포인트 사용
2900,오키카드 H,OK캐쉬백,체크,,국내전용 [없음],0,없음,적립: 1.5%,"모든가맹점, 무실적, 간편결제",false,2025-09-01,https://d1c5n4ri2guedi.cloudfront.net/card/2900/card_img/44372/2900card.png,https://www.card-gorilla.com/card/detail/2900,적립: 기본 혜택
2639,카드의정석 DON CHECK,우리카드,체크,Mastercard,국내전용 [없음] / 해외겸용 [없음],50000,"50,000원",푸드: 5% | 쇼핑: 5% | 게임: 5%,"마트/편의점, 푸드, 레저/스포츠",false,,https://d1c5n4ri2guedi.cloudfront.net/card/2639/card_img/31958/2639card.png,https://www.card-gorilla.com/card/detail/2639,"푸드: [DO EAT] 편의점, 배달의민족 5% 적립 | 쇼핑: [DO BUY] 쿠팡, 무신사 5% 적립 | 게임: [DO PLAY] 구글 Play스토어, 애플 APP Store 5% 적립"
2974,현대카드 하이브리드(Apple Pay Rewards),현대카드,체크,VISA,"국내전용 [5,000]원 / 해외겸용 [5,000]원",300000,"300,000원",국내외가맹점: 10%,"모든가맹점, 자동차/하이패스, 간편결제",false,2026-04-28,https://d1c5n4ri2guedi.cloudfront.net/card/2974/card_img/48346/2974card_1.png,https://www.card-gorilla.com/card/detail/2974,간편결제: 전월 이용 금액 30만원 이상 시 Apple Pay 이용 금액 10% 캐시백 | 하이브리드: 계좌 잔액 내에서 체크카드와 동일하게 사용
441,일상의 기쁨카드(체크),IBK기업은행,체크,"Mastercard, UnionPay",해외겸용 [없음],300000,"300,000원",교통: 100원 | 마트/편의점: 5% | OTT/영화/문화: 4000원,"교통, 마트/편의점, 쇼핑, 카페/디저트, 뷰티/피트니스, 레저/스포츠, OTT/영화/문화",false,,https://d1c5n4ri2guedi.cloudfront.net/card/441/card_img/20947/441card.png,https://www.card-gorilla.com/card/detail/441,"대중교통: 버스, 지하철 이용건당 100원 할인 | 편의점: GS25, CU, 세븐일레븐 5% 할인 | 드럭스토어: 올리브영 5% 할인 | 소셜커머스: 쿠팡, 티켓몬스터, 위메프 10% 할인 | 영화: CGV, 롯데시네마, 메가박스 4천원 할인 | 카페: 주요 커피전문점 10% 할인 | 은행사: IBK기업은행 전자금융 이체수수료 면제 | 테마파크: 주요 놀이공원 무료입장 또는 입장료/자유이용권 할인 (월 1회, 연 2회) | 기타: 통합할인한도"
303,GS칼텍스 신한카드 경차사랑 체크,신한카드,체크,,국내전용 [없음],0,없음,자동차: 무제한 | 주유: 무제한 | 보험: 20000원,"주유, 무실적, 공과금/렌탈, 자동차/하이패스",false,,https://d1c5n4ri2guedi.cloudfront.net/card/303/card_img/20526/303card.png,https://www.card-gorilla.com/card/detail/303,자동차: 경차사랑 유류세 환급 카드란? | 주유: GS칼텍스 주유할인 서비스 | 보험: DB손해보험 다이렉트 자동차보험 할인
2170,부자되세요 더마일리지카드,제주은행,체크,BC,없음,300000,"300,000원",온라인쇼핑: 5% | 대한항공: 무제한 | 카페: 20%,"통신, 쇼핑, 푸드, 카페/디저트, OTT/영화/문화, 항공마일리지",false,,https://d1c5n4ri2guedi.cloudfront.net/card/2170/card_img/21817/2170card.gif,https://www.card-gorilla.com/card/detail/2170,온라인쇼핑: 5개 온라인몰 5% 청구 할인 | 통신: 이동통신요금 3% 청구 할인 | 대한항공: 대한항공 스카이패스 마일리지 적립 서비스 | 영화: 영화관 최대 3천원 청구 할인 | 푸드: 패밀리레스토랑(VIPS) 20% 청구 할인
686,카카오뱅크 mini카드,카카오뱅크,체크,,국내전용 [없음],0,없음,금융: 무제한 | 대중교통: 무제한,"교통, 무실적",false,,https://d1c5n4ri2guedi.cloudfront.net/card/686/card_img/21451/686card.png,https://www.card-gorilla.com/card/detail/686,온라인쇼핑: 온라인결제 | 대중교통: 선불 티머니 이용안내 | 기타: 전국 ATM 어디서나 수수료 무료!
2826,우리 기후동행카드(체크),우리카드,체크,BC,국내전용 [없음],250000,"250,000원",쇼핑: 5% | 도서: 5% | 학원: 5%,"통신, 카페/디저트, 뷰티/피트니스, 교육/육아, OTT/영화/문화",false,,https://d1c5n4ri2guedi.cloudfront.net/card/2826/card_img/39936/2826card.png,https://www.card-gorilla.com/card/detail/2826,할인: 생활 5% 캐시백 서비스 | 대중교통: 후불 기후동행카드란?
364,국민행복체크카드(비씨),NH농협카드,체크,UnionPay,해외겸용 [없음],300000,"300,000원",병원/약국: 3% | 온라인쇼핑: 3% | 카페/디저트: 10%,"교통, 통신, 푸드, 카페/디저트, 교육/육아, 레저/스포츠",false,,https://d1c5n4ri2guedi.cloudfront.net/card/364/card_img/20605/364card.png,https://www.card-gorilla.com/card/detail/364,국민행복: 국민행복카드란? | 선택형: ※ A-Type (for Baby Service | 멤버십포인트: 친환경제품 구매 시 에코머니 적립 | 기타: 제로투세븐닷컴
436,케이뱅크 X KT멤버십더블혜택 체크카드,케이뱅크,체크,VISA,해외겸용 [없음],200000,"200,000원",KT: 5% | KT: 무제한 | 해외: 무제한,"통신, 카페/디저트, OTT/영화/문화",true,,https://d1c5n4ri2guedi.cloudfront.net/card/436/card_img/20937/436card.png,https://www.card-gorilla.com/card/detail/436,"KT: KT모바일, IPTV, 인터넷, 집전화, 인터넷전화, 와이브로 상품을 | 멤버십포인트: KT멤버십 제휴가맹점 할인 | 수수료우대: 해외 결제 및 ATM 인출수수료 무료"
2860,라이프핏 체크카드,MG새마을금고,체크,Mastercard,해외겸용 [없음],200000,"200,000원",통신: 5% | 카페: 5% | 생활: 5%,"통신, 마트/편의점, 카페/디저트, 공과금/렌탈, 교육/육아, 해외",false,2025-05-20,https://d1c5n4ri2guedi.cloudfront.net/card/2860/card_img/43777/%EB%9D%BC%EC%9D%B4%ED%94%84%ED%95%8F-%EC%B2%B4%ED%81%AC%EC%B9%B4%EB%93%9C.png,https://www.card-gorilla.com/card/detail/2860,"공과금: 도시가스, 전기요금, 아파트관리비, 사립유치원 교육경비, 초중고 학부모부담금 | 통신: 통신비 대상가맹점 자동납부 결제 시 5% 할인 캐시백 | 카페: 스타벅스, 커피빈, 투썸플레이스, 메가커피, 컴포즈커피, 빽다방, 매머드커피 | 생활: 편의/생활 대상가맹점 결제 시 5% 할인캐시백 | 생활: 인 | 해외이용: 해외 서비스수수료, 현금인출수수료, 예금잔액조회수수료 면제"
2421,카카오뱅크 개인사업자 체크카드,카카오뱅크,체크,Mastercard,국내전용 [없음] / 해외겸용 [없음],0,없음,생활: 0.3% | 비즈니스: 3%,"주유, 통신, 마트/편의점, 무실적, 공과금/렌탈, 간편결제, 해외, 비즈니스",false,,https://d1c5n4ri2guedi.cloudfront.net/card/2421/card_img/27093/2421card.png,https://www.card-gorilla.com/card/detail/2421,생활: 매일 가는 곳은 혜택 고민 없이 0.3% 캐시백 | 비즈니스: 사업운영에 꼭 필요한 곳에서 3% 캐시백
2527,신한카드 Pick I 체크,신한카드,체크,Mastercard,국내전용 [없음] / 해외겸용 [없음],0,없음,편의점: 10% | 디지털구독: 10% | 온라인쇼핑: 3000원,"마트/편의점, 쇼핑, 카페/디저트, 무실적, OTT/영화/문화, 해외",false,,https://d1c5n4ri2guedi.cloudfront.net/card/2527/card_img/28967/2527card.png,https://www.card-gorilla.com/card/detail/2527,편의점: 4대 편의점 이용 시 10% 적립 | 카페: 커피 업종 이용 시 10% 적립 | 해외이용: 해외 이용금액 1% 적립 | 디지털구독: 디지털 구독 영역 이용 시 10% 적립 | 온라인쇼핑: One Pick 온라인 쇼핑몰 가맹점 최대 3천 포인트 적립
2921,신한카드 SOL글로벌U 체크,신한카드,체크,VISA,국내전용 [없음] / 해외겸용 [없음],300000,"300,000원",교통: 10% | 편의점: 10% | 배달앱: 10%,"교통, 통신, 쇼핑, 푸드, 카페/디저트, 뷰티/피트니스",false,2024-09-23,https://d1c5n4ri2guedi.cloudfront.net/card/2921/card_img/45411/2921card.png,https://www.card-gorilla.com/card/detail/2921,"캐시백: [필수 생활비 캐시백 영역] 대중교통, 이동통신요금 10% 캐시백 | 캐시백: [일상 생활비 영역 캐시백] 커피/편의점 10% 캐시백, 배달앱 10% 캐시백"
2770,KB국민 기후동행체크카드,KB국민카드,체크,,국내전용 [없음],0,없음,생활: 2% | 쇼핑: 5% | OTT/영화/문화: 5%,"마트/편의점, 카페/디저트, 뷰티/피트니스, 무실적, 레저/스포츠, OTT/영화/문화",false,,https://d1c5n4ri2guedi.cloudfront.net/card/2770/card_img/38060/2770card.png,https://www.card-gorilla.com/card/detail/2770,교통: 후불 기후동행카드 안내 | 할인: 할인 서비스
1490,IBK 무직타이거 카드(체크),IBK기업은행,체크,"BC, UnionPay",국내전용 [없음] / 해외겸용 [없음],300000,"300,000원",대중교통: 100원 | 온라인쇼핑: 10% | 편의점: 5%,"교통, 마트/편의점, 쇼핑, 카페/디저트, 레저/스포츠, OTT/영화/문화",false,,https://d1c5n4ri2guedi.cloudfront.net/card/1490/card_img/20409/1490card.png,https://www.card-gorilla.com/card/detail/1490,"대중교통: 버스, 지하철 이용건당 100원 할인 | 편의점: GS25, CU, 세븐일레븐, 올리브영 5% 할인 | 온라인쇼핑: 쿠팡, 티몬, 위메프 10% 할인 | 영화: CGV, 메가박스, 롯데시네마 4천원 할인 | 카페: 주요 커피전문점 10% 할인 | 금융: 금융우대서비스(결제계좌를 IBK 기업은행 입출식 통장으로 이용 시) | 테마파크: 놀이공원 (월 1회, 연 2회 제공)"
585,행복한 체크카드,우체국,체크,Mastercard,해외겸용 [없음],300000,"300,000원",대형마트: 10% | 병원/약국: 10% | 학원: 10%,"마트/편의점, 병원/약국, 교육/육아",false,,https://d1c5n4ri2guedi.cloudfront.net/card/585/card_img/21340/585card.png,https://www.card-gorilla.com/card/detail/585,"병원/약국: 병원&middot;의원, 모든 약국 10% 캐시백 | 학원: 학원 10% 캐시백 | 대형마트: 마트 10% 캐시백 | 공연/전시: 문화 10% 캐시백 | 기타: 우체국 서비스"
574,드림플러스 아시아나 체크카드,우체국,체크,Mastercard,해외겸용 [없음],300000,"300,000원",아시아나항공: 500원 | 해외이용: 1% | 모든가맹점: 5%,"주유, 마트/편의점, 쇼핑, 카페/디저트, OTT/영화/문화, 항공마일리지, 해외",false,,https://d1c5n4ri2guedi.cloudfront.net/card/574/card_img/21307/574card.png,https://www.card-gorilla.com/card/detail/574,"아시아나항공: 할인가맹점 이용액 1,500원 당 1마일리지 적립 | 해외이용: 해외 이용 시 1% 캐시백 | 온라인쇼핑: 가맹점 할인 5% 캐시백 | 마트/편의점: 가맹점 할인 5% 캐시백 | 카페: 가맹점 할인 5% 캐시백 | 주유소: SK주유 L당 40원 할인 | 면세점: 가맹점 할인 5% 캐시백 | 영화: CGV, 롯데시네마, 메가박스 5% 캐시백 | 금융: 우체국 서비스(우편, 쇼핑) 5% 캐시백"
2197,현대카드M CHECK-경차전용카드(유류세 환급),현대카드,체크,,없음,0,없음,적립: 1% | 기타: 무제한,"주유, 마트/편의점, 푸드, 무실적, 공과금/렌탈, 레저/스포츠, OTT/영화/문화, 여행/숙박",false,,https://d1c5n4ri2guedi.cloudfront.net/card/2197/card_img/21811/2197card.png,https://www.card-gorilla.com/card/detail/2197,적립: 기본 적립 | 기타: 혜택 | 기타: 혜택 | 멤버십포인트: ※ 일상생활 속 다양한 가맹점에서 이용금액 일부를 M포인트로 사용
403,롯데체크카드,롯데카드,체크,VISA,국내전용 [없음] / 해외겸용 [없음],0,없음,모든가맹점: 0.2% | 주유: 무제한,"모든가맹점, 주유, 무실적",false,,https://d1c5n4ri2guedi.cloudfront.net/card/403/card_img/20901/403card.png,https://www.card-gorilla.com/card/detail/403,적립: 전국 가맹점에서 롯데카드 제공 L.POINT 0.2% 적립 | 해외: 해외이용 안내
586,어피치 스윗 체크카드,NH농협카드,체크,UnionPay,국내전용 [없음] / 해외겸용 [없음],300000,"300,000원",간편결제: 3% | 카페: 4% | 영화: 5%,"카페/디저트, 뷰티/피트니스, 간편결제, 공항라운지/PP",false,,https://d1c5n4ri2guedi.cloudfront.net/card/586/card_img/21342/586card.png,https://www.card-gorilla.com/card/detail/586,간편결제: [간편한 Sweet 서비스] | 카페: [다양한 Sweet 서비스] | 화장품: [다양한 Sweet 서비스] | 기타: [재밌는 Sweet 서비스] | 공항라운지: 인천공항 제1여객 터미널
2767,신한 후불 기후동행 체크카드,신한카드,체크,Mastercard,국내전용 [없음] / 해외겸용 [없음],200000,"200,000원",할인: 5% | 할인: 5%,"교통, 마트/편의점, 쇼핑, 푸드, 카페/디저트, 뷰티/피트니스, 교육/육아, OTT/영화/문화",false,,https://d1c5n4ri2guedi.cloudfront.net/card/2767/card_img/38057/2767card.png,https://www.card-gorilla.com/card/detail/2767,교통: 후불 기후동행카드 서비스 안내 | 할인: 온라인 5% 할인 | 할인: 오프라인 5% 혜택
2094,카카오페이 체크카드,MG새마을금고,체크,,국내전용 [없음],150000,"150,000원",카카오페이: 15% | 편의점: 5% | 온라인쇼핑: 10%,"마트/편의점, 쇼핑, 푸드, 카페/디저트, OTT/영화/문화, 간편결제",false,,https://d1c5n4ri2guedi.cloudfront.net/card/2094/card_img/21906/2094card.png,https://www.card-gorilla.com/card/detail/2094,"카카오페이: 카카오페이 15% 할인 | 편의점: 편의점 5% 할인 | 온라인쇼핑: 소셜커머스 10% 할인 | 기타: 어학응시료 2,000원 할인 | 영화: 영화 2,000원 할인 | 카페: 커피전문점 10% 할인 | 패스트푸드: 스타일푸드 10% 할인"
1572,탐나는전 체크카드,KB국민카드,체크,,국내전용 [없음],100000,"100,000원",적립: 0.2% | 기타: 0.2% | 교통: 0.2%,"교통, 통신, 푸드, 카페/디저트",false,,https://d1c5n4ri2guedi.cloudfront.net/card/1572/card_img/22656/1572card.png,https://www.card-gorilla.com/card/detail/1572,"적립: 국내외 가맹점 0.2% 기본 포인트리 적립 | 푸드: 음식점, 커피전문점 업종 0.2% 추가 포인트리 적립 | 대중교통: 대중교통(버스&middot;지하철), 택시 0.2% 추가 포인트리 적립 | 통신: 이동통신요금 0.2% 추가 포인트리 적립"
2740,트래블GO 체크카드,하나카드,체크,VISA,해외겸용 [없음],200000,"200,000원",수수료우대: 무제한 | 수수료우대: 무제한 | 적립: 5%,"교통, 통신, 마트/편의점, 카페/디저트, 공과금/렌탈, OTT/영화/문화, 해외",false,,https://d1c5n4ri2guedi.cloudfront.net/card/2740/card_img/36648/2740card_1.png,https://www.card-gorilla.com/card/detail/2740,해외이용: 해외 가맹점 이용 수수료 면제 &middot; 해외 ATM 인출 수수료 면제 | 적립: 국내 가맹점 하나머니 적립 서비스
2874,쿵야싱싱체크카드,NH농협카드,체크,VISA,국내전용 [없음] / 해외겸용 [없음],0,없음,전통시장: 15% | 국내외가맹점: 0.2% | 생활: 0.3%,"모든가맹점, 마트/편의점, 카페/디저트, 무실적, OTT/영화/문화, 해외",true,2025-04-14,https://d1c5n4ri2guedi.cloudfront.net/card/2874/card_img/43948/2874card_1.png,https://www.card-gorilla.com/card/detail/2874,국내외가맹점: NH포인트 적립 | 전통시장: 전통시장 15% NH포인트 적립 | 생활: 생활영역 0.3% NH포인트 적립
2682,K-패스 하나 체크카드,하나카드,체크,VISA,국내전용 [없음] / 해외겸용 [없음],300000,"300,000원",대중교통: 10% | 드럭스토어: 1% | 카페: 1%,"교통, 카페/디저트, 뷰티/피트니스",false,,https://d1c5n4ri2guedi.cloudfront.net/card/2682/card_img/33462/2682card.png,https://www.card-gorilla.com/card/detail/2682,"대중교통: 버스/지하철 10% 캐시백 (월 3천원, 월 6천원) | 드럭스토어: 다이소/올리브영 1% 캐시백 (월 1만원) | 카페: 스타벅스/커피빈 1% 캐시백 (월 5천원)"
2887,신한카드 처음 체크,신한카드,체크,Mastercard,국내전용 [없음] / 해외겸용 [없음],100000,"100,000원",도서: 5% | 푸드: 7% | 쇼핑: 1000원,"마트/편의점, 쇼핑, 푸드, 카페/디저트, 뷰티/피트니스, 교육/육아",false,2025-07-07,https://d1c5n4ri2guedi.cloudfront.net/card/2887/card_img/45318/2887card.png,https://www.card-gorilla.com/card/detail/2887,"도서: 독서실 &middot; 도서 &middot; 문구 5% 적립 | 푸드: 편의점 &middot; 푸드 &middot; 카페 기본 5% / 방과 후(오후 4~ 8시) 2% 추가 적립 | 쇼핑: 사진 1,000포인트 적립"
284,신한카드 주거래 체크,신한카드,체크,"VISA, UnionPay",해외겸용 [없음],300000,"300,000원",모든가맹점: 0.3% | 쇼핑: 0.7% | 통신: 1.7%,"모든가맹점, 교통, 마트/편의점, 쇼핑, 공과금/렌탈, 해외",true,,https://d1c5n4ri2guedi.cloudfront.net/card/284/card_img/20506/284card.png,https://www.card-gorilla.com/card/detail/284,모든가맹점: 모든 가맹점 0.3% 포인트 적립 | 쇼핑: 쇼핑 가맹점 1% 포인트 적립(기본 0.3% + 추가 0.7%) | 은행사: 신한 주거래 우대통장
315,카카오페이 체크카드,우리카드,체크,"VISA, BC",국내전용 [없음] / 해외겸용 [없음],200000,"200,000원",간편결제: 5% | 쇼핑: 5% | 마트/편의점: 5%,"마트/편의점, 쇼핑, 뷰티/피트니스, 간편결제",false,,https://d1c5n4ri2guedi.cloudfront.net/card/315/card_img/20560/315card.png,https://www.card-gorilla.com/card/detail/315,카카오페이: 카카오페이 가맹점 이용금액 5% 캐쉬백 | 온라인쇼핑: 온라인 쇼핑몰 이용금액 5% 캐쉬백 | 편의점: 오프라인 쇼핑 이용금액 5% 캐쉬백 | 기타: 월간 통합 캐쉬백 한도
2809,Young Hana+ 체크카드,하나카드,체크,Mastercard,국내전용 [없음] / 해외겸용 [없음],0,없음,간편결제: 0.5% | 편의점: 5% | 대중교통: 10%,"교통, 마트/편의점, 푸드, 카페/디저트, 무실적, 간편결제",false,,https://d1c5n4ri2guedi.cloudfront.net/card/2809/card_img/40125/2809card.png,https://www.card-gorilla.com/card/detail/2809,"간편결제: 페이결제 0.5% 캐시백 | 편의점: GS25, CU, 이마트24, 세븐일레븐 5% 캐시백 | 배달앱: 배달의 민족, 요기요 5% 캐시백 | 대중교통: 버스, 지하철 10% 캐시백 | 카페: 스타벅스, 투썸플레이스 20% 캐시백"
394,삼성체크카드 & CASHBACK,삼성카드,체크,,국내전용 [없음],0,없음,모든가맹점: 0.2% | 레저/스포츠: 50% | OTT/영화/문화: 3000원,"주유, 마트/편의점, 푸드, 무실적, 레저/스포츠, OTT/영화/문화",false,,https://d1c5n4ri2guedi.cloudfront.net/card/394/card_img/28057/394card.png,https://www.card-gorilla.com/card/detail/394,"모든가맹점: 업종 및 연간 이용금액에 따라 0.2%~0.6% 캐시백 | 영화: CGV 온라인예매 3,000원 캐시백 | 테마파크: 놀이공원 자유이용권 50%&middot;워터파크 입장권 30% 현장할인"
499,체크카드,NH농협카드,체크,Mastercard,국내전용 [없음] / 해외겸용 [없음],200000,"200,000원",적립: 5% | 주유: 무제한 | 영화: 10%,모든가맹점,false,,https://d1c5n4ri2guedi.cloudfront.net/card/499/card_img/21188/499card.png,https://www.card-gorilla.com/card/detail/499,"적립: 농협판매장 NH포인트 적립(5%) | 주유: 농협운영주유소 적립 및 할인 | OTT/영화/문화: 문화서비스(영화, 커피, 서적) 할인(10%) | 수수료우대: 외화 환전 우대 서비스(전월 실적과 관계없이 제공) | 생활: SMS 바로알림 서비스 무료 제공"
669,케이뱅크 플러스 체크카드,케이뱅크,체크,VISA,해외겸용 [없음],0,없음,모든가맹점: 0.3% | 수수료우대: 무제한 | 기타: 3%,"모든가맹점, 쇼핑, 푸드, 무실적, OTT/영화/문화",false,,https://d1c5n4ri2guedi.cloudfront.net/card/669/card_img/21434/669card.png,https://www.card-gorilla.com/card/detail/669,"모든가맹점: 모든 가맹점에서 0.3% 캐시백 | 기타: 최대 2만원 3% 특별 캐시백 | 금융: 모든 은행, GS25 ATM 수수료 무료"
614,위글위글 첵첵 체크카드,KB국민카드,체크,VISA,국내전용 [없음] / 해외겸용 [없음],300000,"300,000원",간편결제: 4000원 | 카페: 4000원 | 쇼핑: 4000원,"교통, 마트/편의점, 쇼핑, 카페/디저트, 뷰티/피트니스, 교육/육아, OTT/영화/문화, 간편결제",false,,https://d1c5n4ri2guedi.cloudfront.net/card/614/card_img/21381/614card.png,https://www.card-gorilla.com/card/detail/614,"간편결제: 네이버페이.카카오페이.SSG페이 2~4천원 환급할인(온라인만) | 대중교통: 버스.지하철 2~4천원 청구할인 | 편의점: CU편의점 2~4천원 환급할인 | 카페: 스타벅스(사이렌오더 포함) 2~4천원 환급할인 | 영화: CGV 2~4천원 환급할인 | 기타: 텐바이텐 2~4천원 환급할인 | 드럭스토어: 올리브영.안경(렌즈)점 2~4천원 환급할인 | 도서: YES24, 교보문고 2~4천원 환급할인(온라인만) | 공연/전시: 인터파크티켓 2~4천원 환급할인(온라인만)"
367,내일배움체크카드,NH농협카드,체크,,국내전용 [없음],0,없음,주유: 무제한 | OTT/영화/문화: 10% | 카페/디저트: 10%,"주유, 마트/편의점, 카페/디저트, 무실적, 교육/육아, OTT/영화/문화",false,,https://d1c5n4ri2guedi.cloudfront.net/card/367/card_img/20608/367card.png,https://www.card-gorilla.com/card/detail/367,"교육/육아: 내일배움카드제도란? | 주유소: 농협운영주유소 3% NH포인트 적립 | 대형마트: 농협판매장 5% NH포인트 적립 | 영화: 문화 서비스(영화, 커피, 서적) 10% 청구 할인 | 여행/숙박: 해외 로밍, 여행 호텔 할인(현장할인)"
325,그랑블루 체크카드,우리카드,체크,"Mastercard, BC, BC Global","해외겸용 [95,000]원",300000,"300,000원",모든가맹점: 1% | 바우처: 무제한 | 공항라운지: 무제한,"주유, 쇼핑, 푸드, 레저/스포츠, OTT/영화/문화, 항공마일리지, 공항라운지/PP, 프리미엄, 여행/숙박, 해외",false,,https://d1c5n4ri2guedi.cloudfront.net/card/325/card_img/20570/325card.png,https://www.card-gorilla.com/card/detail/325,"바우처: GIFT VOUCHER | 모든가맹점: 사용업종 또는 결제건당 금액에 따라 0.3~1% 모아포인트 적립 | 공항라운지/PP: 그랑블루 체크 브랜드 서비스 | 여행/숙박: 해외여행 시 데이터로밍 무료이용 서비스 | 푸드: 치킨, 피자 10% 청구할인 | 영화: 전국 영화관 3,000원 청구할인 | 레저/스포츠: 골프 우대 서비스 | 주유소: SK주유 및 충전 시 리터당 60원 청구할인"
2773,기후동행카드(체크),NH농협카드,체크,,국내전용 [없음],200000,"200,000원",쇼핑: 5% | 통신: 2500원 | 카페: 10%,"교통, 통신, 마트/편의점, 쇼핑, 카페/디저트, 교육/육아, 레저/스포츠, OTT/영화/문화",false,,https://d1c5n4ri2guedi.cloudfront.net/card/2773/card_img/38079/2773card.png,https://www.card-gorilla.com/card/detail/2773,"쇼핑: [온라인] 온라인 쇼핑몰 10% 청구할인 | 도서: [온라인] 온라인 서점 10% 청구할인 | 교육/육아: [온라인] 어학시험 10% 청구할인 | 영화: [온라인] CGV 온라인 예매(홈페이지, 모바일앱) 2,000원 청구할인 | 배달앱: [온라인] 배달앱(배달의 민족, 요기요) 3% 청구할인 | 통신: [오프라인] 이동통신 자동납부 2,500원 청구할인 | 카페: [오프라인] | 편의점: [오프라인] | 테마파크: [보너스 서비스] 놀이공원 할인 서비스 | 교통: 후불 기후동행카드 이용 관련"
2562,K-패스(체크),IBK기업은행,체크,Mastercard,국내전용 [없음] / 해외겸용 [없음],300000,"300,000원",대중교통: 100원 | 카페: 10% | 쇼핑: 10%,"교통, 마트/편의점, 쇼핑, 카페/디저트, 뷰티/피트니스, 레저/스포츠, OTT/영화/문화",false,,https://d1c5n4ri2guedi.cloudfront.net/card/2562/card_img/33444/2526card.png,https://www.card-gorilla.com/card/detail/2562,대중교통: 대중교통 건당 100원 할인 | 카페: 커피 10% 할인 | 온라인쇼핑: 쇼핑 10% 할인 | 편의점: 편의점 5% 할인 | 영화: 영화 4천원 할인 | 테마파크: 놀이공원 본인 무료입장 또는 자유이용권 최대 50% 할인 | 금융: 금융우대서비스
404,롯데 국민행복 체크카드,롯데카드,체크,,국내전용 [없음],300000,"300,000원",쇼핑: 5% | 병원/약국: 5% | 교육/육아: 10%,"쇼핑, 병원/약국, 교육/육아, 레저/스포츠",false,,https://d1c5n4ri2guedi.cloudfront.net/card/404/card_img/20902/404card.png,https://www.card-gorilla.com/card/detail/404,국민행복: 국민행복카드란? | 교육/육아: 행복 맞춤 서비스 | 기타: 출산육아 특별서비스
690,모두의 일상 체크카드,하나카드,체크,Mastercard,국내전용 [없음] / 해외겸용 [없음],0,없음,모든가맹점: 0.3% | APP: 0.4% | 해외: 0.4%,"모든가맹점, 무실적, 간편결제, 해외",false,,https://d1c5n4ri2guedi.cloudfront.net/card/690/card_img/22163/690card.png,https://www.card-gorilla.com/card/detail/690,모든가맹점: 국내 전 가맹점 하나머니 적립 서비스 | 해외: 해외에서도 전월 실적 및 횟수 제한 없는 하나머니 적립 서비스
2588,스타플러스 체크카드,KB국민카드,체크,Mastercard,국내전용 [없음] / 해외겸용 [없음],0,없음,카페: 10% | 편의점: 5% | 공항라운지/PP: 무제한,"통신, 마트/편의점, 푸드, 카페/디저트, 뷰티/피트니스, 무실적, 레저/스포츠, OTT/영화/문화, 공항라운지/PP, 해외",false,,https://d1c5n4ri2guedi.cloudfront.net/card/2588/card_img/30834/2588card.png,https://www.card-gorilla.com/card/detail/2588,"카페: 스타벅스, 커피빈 10% 할인 | 게임: 구글플레이스토어, 앱스토어 10% 할인 | 공연/전시: 인터파크 티켓 10% 할인 | 드럭스토어: 올리브영, 미용실 5% 할인 | 편의점: GS25, CU 5% 할인 | 디지털구독: 넷플릭스, 유튜브프리미엄 1,000원 할인 | 배달앱: 배달의 민족, 요기요 1,000원 할인 | 통신: SKT, KT, LG U+, Liiv M 2,500원 할인 | 영화: CGV 4,000원 할인 | 테마파크: 에버랜드, 롯데월드 15,000원 할인 | 해외이용: 해외 가맹점 2% 할인 | 공항라운지: 공항라운지 더라운지멤버스"
2866,I-Travel(체크),IBK기업은행,체크,"Mastercard, BC",국내전용 [없음] / 해외겸용 [없음],0,없음,대한항공: 3000원 | 해외이용: 무제한 | 수수료우대: 무제한,"모든가맹점, 무실적, 항공마일리지, 해외",false,2025-05-20,https://d1c5n4ri2guedi.cloudfront.net/card/2866/card_img/43877/2866card.png,https://www.card-gorilla.com/card/detail/2866,해외: 우대 환율(매매기준율) 적용 | 해외이용: 국제브랜드수수료(1%) 및 해외이용 수수료(0.18%) 면제 | 수수료우대: 국제브랜드수수료(1%) 및 해외ATM 이용 수수료(USD 3.0) 월 3회 면제 | 대한항공: 건당 3만원 이상 결제 시 3천원당 1마일리지 적립
336,가온체크카드,KB국민카드,체크,Mastercard,국내전용 [없음],100000,"100,000원",모든가맹점: 0.2% | 모든가맹점: 0.2% | 대중교통: 0.2%,"모든가맹점, 교통, 통신, 푸드, 카페/디저트",false,,https://d1c5n4ri2guedi.cloudfront.net/card/336/card_img/20580/336card.png,https://www.card-gorilla.com/card/detail/336,"모든가맹점: 모든 가맹점 0.2% 기본 포인트리 적립 | 푸드: 음식점, 커피전문점 업종 0.2% 추가 포인트리 적립 | 교통: 대중교통(버스&middot;지하철), 택시 0.2% 추가 포인트리 적립 | 통신: 이동통신요금 0.2% 추가 포인트리 적립"
382,카카오페이 체크카드,하나카드,체크,VISA,해외겸용 [없음],250000,"250,000원",간편결제: 7% | 대중교통: 5% | 카페: 5%,"교통, 통신, 카페/디저트, 자동차/하이패스, 간편결제",false,,https://d1c5n4ri2guedi.cloudfront.net/card/382/card_img/20882/382card.png,https://www.card-gorilla.com/card/detail/382,캐시백: 카카오페이 7% 캐시백 | 선택형: Powered by
2620,NH 무럭이 체크카드,NH농협카드,체크,,국내전용 [없음],0,없음,적립: 0.2% | 적립: 무제한 | 공항라운지/PP: 무제한,"모든가맹점, 교통, 통신, 마트/편의점, 쇼핑, 푸드, 카페/디저트, 뷰티/피트니스, 무실적, OTT/영화/문화, 공항라운지/PP, 해외",false,,https://d1c5n4ri2guedi.cloudfront.net/card/2620/card_img/31489/2620card.png,https://www.card-gorilla.com/card/detail/2620,국내외가맹점: 국내/외 이용가맹점 0.2% NH포인트 적립 | 적립: 아래 6개 영역 중 당월(1일~말일) 이용금액 1위/2위 영역은 3배/2배 자동적용 | 공항라운지: 국제공항 라운지 무료이용
571,어디서나 체크카드,우체국,체크,VISA,해외겸용 [없음],300000,"300,000원",마트/편의점: 5% | 소셜커머스: 5% | 푸드: 5%,"주유, 통신, 마트/편의점, 쇼핑, 푸드, 카페/디저트, 교육/육아, OTT/영화/문화",false,,https://d1c5n4ri2guedi.cloudfront.net/card/571/card_img/21304/571card.png,https://www.card-gorilla.com/card/detail/571,"쇼핑: 전통시장 10% 캐시백 | 푸드: 음식점 5%포인트 적립 | 주유소: SK주유 L당 40원 포인트 적립 | OTT/영화/문화: 메가박스 현장구매, 홈페이지 예매시 5% 캐시백 | 기타: 우편, 택배, EMS, 우표구매, 우체국쇼핑 10% 포인트 적립"
351,스타체크카드,KB국민카드,체크,"VISA, Mastercard",국내전용 [없음] / 해외겸용 [없음],200000,"200,000원",주유: 무제한 | OTT/영화/문화: 3000원 | 통신: 2500원,"교통, 주유, 통신, 쇼핑, 푸드, 뷰티/피트니스, 교육/육아, 레저/스포츠, OTT/영화/문화",false,,https://d1c5n4ri2guedi.cloudfront.net/card/351/card_img/20595/351card.png,https://www.card-gorilla.com/card/detail/351,"주유소: GS칼텍스 리터당 주중 50원, 주말 60원 환급할인 | 대중교통: 버스&middot;지하철 5% 청구할인 | 통신: 이동통신요금 2,500원 환급할인 | 영화: CGV 3,000원 환급할인 | 테마파크: 에버랜드 50% 환급할인 | 온라인쇼핑: G마켓&middot;옥션 3% 환급할인 | 드럭스토어: 올리브영 5% 환급할인 | 도서: 교보문고 3% 환급할인 | 패밀리레스토랑: 아웃백&middot;VIPS 10% 환급할인 | 기타: 월간 통합할인한도"
2889,신한카드 처음 체크(냐한남자),신한카드,체크,Mastercard,국내전용 [없음] / 해외겸용 [없음],100000,"100,000원",도서: 5% | 푸드: 7% | 쇼핑: 1000원,"마트/편의점, 쇼핑, 푸드, 카페/디저트, 뷰티/피트니스, 교육/육아",false,2025-07-07,https://d1c5n4ri2guedi.cloudfront.net/card/2889/card_img/44184/2889card.png,https://www.card-gorilla.com/card/detail/2889,"도서: 독서실 &middot; 도서 &middot; 문구 5% 적립 | 푸드: 편의점 &middot; 푸드 &middot; 카페 기본 5% / 방과 후(오후 4~ 8시) 2% 추가 적립 | 쇼핑: 사진 1,000포인트 적립"
2310,PAYCO 포인트 카드,엔에이치엔페이코,체크,VISA,해외겸용 [없음],0,없음,국내외가맹점: 1% | 적립: 13% | 할인: 20%,"마트/편의점, 쇼핑, 카페/디저트, 무실적, 교육/육아, OTT/영화/문화, 간편결제, 해외",false,,https://d1c5n4ri2guedi.cloudfront.net/card/2310/card_img/37661/2310card.png,https://www.card-gorilla.com/card/detail/2310,"적립: 전월 실적 / 연회비 없이 온라인 1% &middot; 오프라인 최대 1% 적립 | 적립: 매월 바뀌는 브랜드에서 건당 최대 13% 적립 | 할인: 매월 바뀌는 브랜드에서 건당 최대 20% 할인 | 기타: 해외결제, 포인트결제 소득공제, ATM 출금 월 2회 무료, 교통카드 기능"
2001,꿀카드,MG새마을금고,체크,VISA,국내전용 [없음],0,없음,디지털구독: 2900원 | 디지털구독: 2000원 | 음원사이트: 1000원,"쇼핑, 푸드, 무실적, OTT/영화/문화, 간편결제",false,,https://d1c5n4ri2guedi.cloudfront.net/card/2001/card_img/21997/2001card.png,https://www.card-gorilla.com/card/detail/2001,"디지털구독: 쿠팡 로켓와우 멤버십 자동납부 정기결제 시 최대 2,900원 할인 | 디지털구독: NETFLIX, YouTube Premium 자동납부 정기결제 시 2천원 할인 | 음원사이트: 멜론, 지니뮤직, 벅스뮤직 자동납부 정기결제 시 1천원 할인 | 간편결제: &lt;간편결제&gt;, &lt;쇼핑&gt;, &lt;배달앱&gt; 결제 시 1천원 할인 | 온라인쇼핑: &lt;간편결제&gt;, &lt;쇼핑&gt;, &lt;배달앱&gt; 결제 시 1천원 할인 | 배달앱: &lt;간편결제&gt;, &lt;쇼핑&gt;, &lt;배달앱&gt; 결제 시 1천원 할인 | 수수료우대: 해외 서비스수수료, 현금인출수수료, 예금잔액조회수수료 면제"
335,청춘대로 싱글 체크카드,KB국민카드,체크,"Mastercard, UnionPay",해외겸용 [없음],300000,"300,000원",마트/편의점: 5% | 쇼핑: 5% | 병원/약국: 10%,"교통, 마트/편의점, 쇼핑, 뷰티/피트니스, 애완동물, 해외",false,,https://d1c5n4ri2guedi.cloudfront.net/card/335/card_img/20579/335card.png,https://www.card-gorilla.com/card/detail/335,편의점: 편의점 업종 5~10% 환급할인 (기본 5% + 싱글데이 추가 5%) | 소셜커머스: 다이소/소셜커머스 5~10% 환급할인 (기본 5% + 싱글데이 추가 5%) | 교통: 택시 5% 환급할인 | 애완동물: 올리브영&middot;박승철헤어스투디오/동물병원 10% 환급할인 | 해외이용: 해외이용/해외직구 할인캐시백 | 여행/숙박: 라이프샵 여행 해외패키지 3% 현장할인
408,현대카드X CHECK,현대카드,체크,,"국내전용 [2,000원]",0,없음,모든가맹점: 0.3%,무실적,false,,https://d1c5n4ri2guedi.cloudfront.net/card/408/card_img/28395/408card.png,https://www.card-gorilla.com/card/detail/408,모든가맹점: 사용금액별 X캐시백 적립
1765,올바른 NEW HAVE체크카드,NH농협카드,체크,Mastercard,국내전용 [없음] / 해외겸용 [없음],0,없음,적립: 0.2% | 적립: 무제한 | 공항라운지: 무제한,"교통, 통신, 마트/편의점, 쇼핑, 카페/디저트, 무실적, OTT/영화/문화, 공항라운지/PP, 해외",false,,https://d1c5n4ri2guedi.cloudfront.net/card/1765/card_img/22348/1765card.png,https://www.card-gorilla.com/card/detail/1765,적립: 국내/외 이용가맹점 0.2% NH포인트 적립 | 적립: 6개 영역 중 당월(1일~말일) 이용금액 1위/2위 영역은 기본적립의 3배/2배 자동적용 | 공항라운지: 국제공항 라운지 무료이용 | 금융: 농협 인터넷&middot;모바일&middot;스마트&middot;텔레뱅킹 이체수수료 통합 월 5회 면제
368,NH올원체크카드,NH농협카드,체크,Mastercard,해외겸용 [없음],0,없음,모든가맹점: 0.2% | 해외: 0.4% | 멤버십포인트: 무제한,"모든가맹점, 무실적, 해외",false,,https://d1c5n4ri2guedi.cloudfront.net/card/368/card_img/20609/368card.jpg,https://www.card-gorilla.com/card/detail/368,적립: 전월실적에 상관없이 0.2 ~ 0.4% 적립 | OK캐쉬백: OK Cashbag | 기타: SMS 휴대폰 바로알림 서비스
2227,영리한 PLUS 체크카드,우체국,체크,Mastercard,해외겸용 [없음],300000,"300,000원",디지털구독: 20% | 온라인쇼핑: 15% | 배달앱: 15%,"마트/편의점, 쇼핑, 푸드, 카페/디저트, 뷰티/피트니스, OTT/영화/문화",false,,https://d1c5n4ri2guedi.cloudfront.net/card/2227/card_img/21354/2227card.png,https://www.card-gorilla.com/card/detail/2227,"디지털구독: 유튜브프리미엄, 넷플릭스, 웨이브, 티빙, 멜론, 지니 20% 캐시백 | 온라인쇼핑: 11번가, G마켓, 옥션, 쿠팡, 위메프, 티몬 15% 캐시백 | 배달앱: 배달의민족, 요기요, 쿠팡이츠 15% 캐시백 | 카페: 스타벅스, 투썸플레이스, 이디야 5% 캐시백 | 생활: 올리브영, 랄라블라, 다이소, GS25, CU, 이마트24 | 기타: 우편요금, 인터넷우체국, 우체국쇼핑, EMS 5% 캐시백"
646,신한카드 Deep Dream 체크(미니언즈),신한카드,체크,VISA,해외겸용 [없음],0,없음,적립: 0.2% | 생활: 0.6% | 생활: 1%,"모든가맹점, 교통, 주유, 통신, 마트/편의점, 카페/디저트, 무실적, OTT/영화/문화, 해외",false,,https://d1c5n4ri2guedi.cloudfront.net/card/646/card_img/21410/646card.png,https://www.card-gorilla.com/card/detail/646,"적립: 전월 실적/적립 한도 없이 국내/외 일시불+할부 이용 가맹점 0.2% 기본 포인트 적립 | 생활: 자주 가는 DREAM영역은 기본의 3배 (총 0.6%) 포인트 적립 | 생활: DREAM영역 중 가장 많이 이용한 영역은 기본의 5배 (총 1.0%) 포인트 자동적립 | 주유소: 주말(토,일) 전 주유소 리터당 40원 적립 | 택시: 택시 3,6,9번째 1천원 할인 | 적립: 반겨드림 3천 포인트 적립"
2556,K-패스체크카드,KB국민카드,체크,VISA,국내전용 [없음] / 해외겸용 [없음],200000,"200,000원",교통: 10% | 생활: 1% | 간편결제: 1%,"교통, 통신, 마트/편의점, 푸드, 카페/디저트, 병원/약국, OTT/영화/문화",false,,https://d1c5n4ri2guedi.cloudfront.net/card/2556/card_img/33457/2556card.png,https://www.card-gorilla.com/card/detail/2556,적립: 포인트리 적립 서비스
2775,카카오페이 트래블로그 체크카드,하나카드,체크,Mastercard,국내전용 [없음] / 해외겸용 [없음],200000,"200,000원",적립: 10% | 해외: 무제한 | 해외: 무제한,"모든가맹점, 간편결제, 해외",false,,https://d1c5n4ri2guedi.cloudfront.net/card/2775/card_img/38195/2775card.png,https://www.card-gorilla.com/card/detail/2775,적립: 국내 가맹점 카카오페이 포인트 적립 서비스 | 해외이용: 해외 이용수수료 면제 서비스
676,올리 POINT 체크,NH농협카드,체크,Mastercard,국내전용 [없음] / 해외겸용 [없음],0,없음,적립: 0.2% | 적립: 무제한 | 공항라운지: 무제한,"모든가맹점, 교통, 통신, 마트/편의점, 쇼핑, 푸드, 카페/디저트, 뷰티/피트니스, 무실적, OTT/영화/문화, 공항라운지/PP, 해외",false,,https://d1c5n4ri2guedi.cloudfront.net/card/676/card_img/21441/676card.png,https://www.card-gorilla.com/card/detail/676,적립: 국내/외 이용가맹점 0.2% NH포인트 적립 | 적립: 아래 6개 영역 중 당월(1일~말일) 이용금액 1위/2위 영역은 기본적립의 3배/2배 자동적용 | 공항라운지: 국제공항 라운지 무료이용
2847,신한카드 SOL트래블 J체크,신한카드,체크,Mastercard,국내전용 [없음] / 해외겸용 [없음],300000,"300,000원",해외: 무제한 | 쇼핑: 50% | 편의점: 5%,"교통, 마트/편의점, 여행/숙박, 해외",false,2025-05-02,https://d1c5n4ri2guedi.cloudfront.net/card/2847/card_img/42436/2847card_1.png,https://www.card-gorilla.com/card/detail/2847,해외이용: 해외 이용금액 현지통화 결제 서비스 | 해외이용: [해외 이용 서비스] | 해외이용: [해외 이용 서비스] 해외 ATM 이용 인출 수수료(건당 $3) 및 국제 브랜드 수수료(1%) 면제 | 해외이용: [해외 서비스 이용] 해외 대중교통 컨택리스 방식으로 이용 시 1% 결제일 할인 | 해외: [일본 여행 서비스] 돈키호테/스타벅스 50% 할인 | 편의점: [국내 이용 서비스] 국내 4대 편의점 5% 결제일 할인 | 대중교통: [국내 이용 서비스] 국내 대중교통 1% 결제일 할인
391,신한카드 하이패스(전용) 체크,신한카드,체크,,국내전용 [없음],100000,"100,000원",교통: 0.1% | 교통: 20%,자동차/하이패스,false,,https://d1c5n4ri2guedi.cloudfront.net/card/391/card_img/20890/391card.png,https://www.card-gorilla.com/card/detail/391,하이패스: 하이패스 이용요금의 0.1% 포인트 적립
2910,카카오뱅크 스마트 하이패스카드,카카오뱅크,체크,,국내전용 [없음],0,없음,하이패스: 50% | 할인: 무제한,"무실적, 자동차/하이패스",false,,https://d1c5n4ri2guedi.cloudfront.net/card/2910/card_img/44943/2910card.png,https://www.card-gorilla.com/card/detail/2910,하이패스: 카카오뱅크 스마트 하이패스카드 소개 | 하이패스: 하이패스 할인 안내
2563,K-패스 삼성체크카드,삼성카드,체크,,국내전용 [없음] / 해외겸용 [없음],300000,"300,000원",교통: 10% | 통신: 10% | 편의점: 1000원,"교통, 통신, 마트/편의점, 카페/디저트, OTT/영화/문화",false,,https://d1c5n4ri2guedi.cloudfront.net/card/2563/card_img/29688/2563card.png,https://www.card-gorilla.com/card/detail/2563,"대중교통: 대중교통 10% 캐시백 | 통신: 이동통신 10% 캐시백 | 편의점: 편의점/커피전문점/제과 1,000원 캐시백 | 영화: CGV 3,000원 할인 | 대중교통: K-패스 마일리지"
528,라이언 치즈 체크카드,NH농협카드,체크,UnionPay,국내전용 [없음] / 해외겸용 [없음],200000,"200,000원",카페: 1% | 대중교통: 1.5% | 기타: 5%,"교통, 마트/편의점, 쇼핑, 뷰티/피트니스, 교육/육아, OTT/영화/문화, 공항라운지/PP, 해외",false,,https://d1c5n4ri2guedi.cloudfront.net/card/528/card_img/21216/528card.png,https://www.card-gorilla.com/card/detail/528,"카페: 커피 | 편의점: 편의점 | 영화: 영화 | 온라인쇼핑: 온라인쇼핑 | APP: 배달앱 | 교통: 교통 | 해외: 해외 | 도서: 서점 | 생활: 자기계발 | 기타: 유튜브, 넷플릭스, 유료 어플리케이션 결제 5% NH포인트 적립 | 공항라운지: 국제공항 라운지 무료이용 서비스"
2890,신한카드 Point Plan 체크 캐릭터형(짱구),신한카드,체크,VISA,국내전용 [없음] / 해외겸용 [없음],200000,"200,000원",생활: 1% | 배달앱: 무제한 | 편의점: 무제한,"모든가맹점, 마트/편의점, 푸드, 해외",false,,https://d1c5n4ri2guedi.cloudfront.net/card/2890/card_img/44185/2890card.png,https://www.card-gorilla.com/card/detail/2890,"생활: 국내 건당 결제금액별 0.2~1% 포인트 적립 | 해외이용: 해외 결제금액 1% 포인트 적립 | 생활: 가족행사월(5월, 12월) 적립 한도 5천 포인트 추가 제공 | 배달앱: 주말 배달앱 포인트 적립 | 편의점: 편의점 포인트 적립"
618,신한카드 Hey Young 체크,신한카드,체크,VISA,국내전용 [없음] / 해외겸용 [없음],200000,"200,000원",대중교통: 5% | 영화: 5000원 | 간편결제: 1%,"교통, 통신, 마트/편의점, 쇼핑, 카페/디저트, OTT/영화/문화, 간편결제, 해외",false,,https://d1c5n4ri2guedi.cloudfront.net/card/618/card_img/21385/618card.png,https://www.card-gorilla.com/card/detail/618,선택형: 카드플레이트 | 대중교통: [일상 서비스] | 통신: [일상 서비스] | 영화: [일상 서비스] | 편의점: [일상 서비스] | 카페: [일상 서비스] | 패스트푸드: [일상 서비스] | 배달앱: [일상 서비스] | 생활: [일상 서비스] | 디지털구독: [일상 서비스] | 온라인쇼핑: [일상 서비스] | 간편결제: [간편결제(Pay) 서비스] | 해외: [해외 이용서비스]
2727,NH트래블리체크카드,NH농협카드,체크,Mastercard,국내전용 [없음] / 해외겸용 [없음],0,없음,수수료우대: 무제한 | 캐시백: 0.3% | 캐시백: 0.6%,"교통, 마트/편의점, 카페/디저트, 무실적, 해외",false,,https://d1c5n4ri2guedi.cloudfront.net/card/2727/card_img/36095/2727_1card.png,https://www.card-gorilla.com/card/detail/2727,캐시백: [국내 서비스] 국내 가맹점 0.2~0.3% 캐시백 | 캐시백: [국내 서비스] 일상 가맹점 0.6% 캐시백 | 해외: [해외 서비스] 외화 결제/인출 서비스 | 해외: [해외 서비스] 자동충전 서비스 | 수수료우대: [해외 서비스] 해외 이용 수수료 면제 | 공항라운지: [해외 서비스] 전 세계 공항라운지 본인 무료 입장 (The lounge / 더 라운지)
2742,카드의정석 EVERYDAY CHECK,우리카드,체크,Mastercard,국내전용 [없음] / 해외겸용 [없음],0,없음,국내외가맹점: 0.2% | 적립: 0.5% | 적립: 1%,"모든가맹점, 교통, 주유, 마트/편의점, 카페/디저트, 무실적",false,,https://d1c5n4ri2guedi.cloudfront.net/card/2742/card_img/36729/2742card.png,https://www.card-gorilla.com/card/detail/2742,국내외가맹점: [기본 적립] 국내/해외 가맹점 0.2% 적립 | 적립: [추가 적립] 우리페이 0.5% 추가 적립 | 적립: [특별 적립] 생활소비 1% 특별 적립
454,가온 올포인트 체크카드,KB국민카드,체크,Mastercard,국내전용 [없음] / 해외겸용 [없음],100000,"100,000원",적립: 0.2% | 마트/편의점: 0.8% | 주유: 0.8%,"모든가맹점, 교통, 주유, 통신, 마트/편의점, 카페/디저트",false,,https://d1c5n4ri2guedi.cloudfront.net/card/454/card_img/20970/454card.png,https://www.card-gorilla.com/card/detail/454,"모든가맹점: 국내외 가맹점 0.2% 포인트리 기본 적립 | 카페/디저트: 커피/제과아이스크림 업종 0.2% 포인트리 추가 적립 | 통신: 이동통신요금 자동이체 시 0.2% 포인트리 추가 적립 | 편의점: GS25 편의점 0.2% 포인트리 추가 적립 | 교통: 대중교통(버스, 지하철), 택시 0.2% 포인트리 추가 적립 | 대형마트: 대형마트 0.8% 포인트리 추가 적립 | 주유: GS칼텍스 주유소 0.8% 포인트리 추가 적립"
2893,신한카드 Pick I 체크 캐릭터형(한교동),신한카드,체크,Mastercard,국내전용 [없음] / 해외겸용 [없음],200000,"200,000원",생활: 10% | 디지털구독: 10% | 온라인쇼핑: 3000원,"마트/편의점, 쇼핑, 카페/디저트, 교육/육아, OTT/영화/문화, 해외",false,2023-10-06,https://d1c5n4ri2guedi.cloudfront.net/card/2893/card_img/44188/2893card.png,https://www.card-gorilla.com/card/detail/2893,편의점: 4대 편의점 10% 적립 | 카페: 커피 업종 10% 적립 | 해외이용: 해외이용 1% 적립 | 디지털구독: 디지털 구독 10% 적립 | 온라인쇼핑: One Pick 온라인 쇼핑몰 가맹점이란?
2750,달달 하나 체크카드,하나카드,체크,"VISA, Mastercard",국내전용 [없음] / 해외겸용 [없음],0,없음,간편결제: 0.3% | 쇼핑: 5% | 디지털구독: 10%,"교통, 주유, 통신, 마트/편의점, 쇼핑, 푸드, 카페/디저트, 무실적, 공과금/렌탈, OTT/영화/문화, 간편결제",false,,https://d1c5n4ri2guedi.cloudfront.net/card/2750/card_img/36851/2750card_1.png,https://www.card-gorilla.com/card/detail/2750,수수료우대: 트래블로그 스위치 서비스 | 적립: 하나머니 적립 서비스
407,현대카드M CHECK,현대카드,체크,,"국내전용 [2,000원]",0,없음,모든가맹점: 0.5%,무실적,false,,https://d1c5n4ri2guedi.cloudfront.net/card/407/card_img/28394/407card.png,https://www.card-gorilla.com/card/detail/407,적립: 업종&middot;이용금액별 기본 M포인트 적립에 추가 M포인트 적립
2871,우체국 LUCK-KEY 체크카드,우체국,체크,Mastercard,국내전용 [없음] / 해외겸용 [없음],100000,"100,000원",편의점: 10% | 할인: 7% | 보험사: 무제한,"교통, 마트/편의점, 푸드, 카페/디저트, 공과금/렌탈, 교육/육아, 간편결제",false,2025-06-18,https://d1c5n4ri2guedi.cloudfront.net/card/2871/card_img/43922/2871card_1.png,https://www.card-gorilla.com/card/detail/2871,편의점: 편의점 10% 캐시백 | 간편결제: 간편결제 7% 캐시백 | 패스트푸드: 간편식 7% 캐시백 | 카페: 커피 7% 캐시백 | 생활: 힐링 7% 캐시백 | 학원: 열공 7% 캐시백 | 보험사: 우체국예금 제휴보우체국예금 제휴보험3종(청년우대형) 무료가입(1년)
2758,춘식이달달체크카드,NH농협카드,체크,Mastercard,국내전용 [없음] / 해외겸용 [없음],200000,"200,000원",적립: 1% | 디지털구독: 5% | 공항라운지/PP: 무제한,"교통, 마트/편의점, 쇼핑, 푸드, 카페/디저트, 뷰티/피트니스, 교육/육아, OTT/영화/문화, 공항라운지/PP, 해외",false,,https://d1c5n4ri2guedi.cloudfront.net/card/2758/card_img/37140/2758card_1.png,https://www.card-gorilla.com/card/detail/2758,"적립: Single Point (월~금 0.5% NH포인트 적립), | 적립: Triple Point (요일 관계없이 1.5% NH포인트 적립) | 디지털구독: Bonus Point (유튜브, 넷플릭스, 유료 어플리케이션 결제 5% NH포인트 적립) | 공항라운지: 국제공항 라운지 무료이용 서비스"
2552,카드의정석 EVERY CHECK,우리카드,체크,Mastercard,국내전용 [없음] / 해외겸용 [없음],0,없음,무실적: 0.2% | 적립: 3000원 | 적립: 10000원,"모든가맹점, 무실적, 레저/스포츠, OTT/영화/문화",false,,https://d1c5n4ri2guedi.cloudfront.net/card/2552/card_img/29589/2552card.png,https://www.card-gorilla.com/card/detail/2552,무실적: [기본 적립] 국내외 가맹점 이용금액 0.2% 적립 | 적립: [추가 적립] 전월실적에 따라 최대 3천원 추가 적립 | 적립: [특별 적립] 4대 일상영역 중 한 곳 1만원 적립 | 선택형
2977,신한카드 SOL트립앤J 체크,신한카드,체크,JCB,국내전용 [없음] / 해외겸용 [없음],0,없음,수수료우대: 무제한 | 해외: 50% | 할인: 5%,"모든가맹점, 교통, 마트/편의점, 무실적, 여행/숙박, 해외",false,2026-03-30,https://d1c5n4ri2guedi.cloudfront.net/card/2977/card_img/48338/2977card_1.png,https://www.card-gorilla.com/card/detail/2977,해외이용: 현지통화 결제 서비스란? | 해외이용: 국제 브랜드 수수료(1.0%) / 해외 서비스 수수료(0.2%) 면제 | 해외: 돈키호테 50% 결제일 할인 | 할인: 국내 편의점 5% 결제일 할인
360,올바른POINT체크카드,NH농협카드,체크,VISA,해외겸용 [없음],0,없음,모든가맹점: 0.2% | 해외: 0.3% | 공항라운지/PP: 무제한,"모든가맹점, 마트/편의점, 쇼핑, 카페/디저트, 무실적, OTT/영화/문화, 공항라운지/PP, 해외",false,,https://d1c5n4ri2guedi.cloudfront.net/card/360/card_img/25852/360card.png,https://www.card-gorilla.com/card/detail/360,모든가맹점: 적립한도 없이 0.2% ~ 0.7% NH포인트 적립 | 공항라운지: 국제공항 라운지 무료이용 | 은행사: 농협 인터넷&middot;모바일&middot;스마트&middot;텔레뱅킹 이체수수료 통합 월 5회 면제
2941,IBK나라사랑카드,IBK기업은행,체크,Mastercard,국내전용 [없음] / 해외겸용 [없음],0,없음,마트/편의점: 50% | 교통: 20% | 패밀리레스토랑: 20%,"교통, 통신, 마트/편의점, 쇼핑, 푸드, 카페/디저트, 무실적, 병원/약국, 교육/육아, 레저/스포츠, OTT/영화/문화, 여행/숙박",false,2025-12-21,https://d1c5n4ri2guedi.cloudfront.net/card/2941/card_img/46628/2941card.png,https://www.card-gorilla.com/card/detail/2941,"할인: 항목별 10~20% 청구 할인 | 할인: Npay에 등록된 IBK나라사랑카드로 결제 시 결제 금액의 10% Npay 포인트 적립 | 할인: PX 최대 50% 할인 | 할인: GS25, Emart24, CU 10% 청구할인 | 할인: 아웃백스테이크하우스 20% 현장할인 | 멤버십포인트: GS ALL 멤버십 (GS ALL 멤버십홈페이지 : www.gsall.com) | 수수료우대: 국외 이용 시 IBK나라사랑카드 결제계좌에서 인출되며, 환율 및 수수료 우대"
2700,위비트래블 체크카드,우리카드,체크,Mastercard,국내전용 [없음] / 해외겸용 [없음],0,없음,해외: 5% | 푸드: 5% | 수수료우대: 무제한,"교통, 통신, 쇼핑, 푸드, 카페/디저트, 뷰티/피트니스, 무실적, 간편결제, 해외",false,,https://d1c5n4ri2guedi.cloudfront.net/card/2700/card_img/34201/2700card.png,https://www.card-gorilla.com/card/detail/2700,수수료우대: 해외 수수료 면제 서비스 | 해외: 해외 5% 캐시백 | 쇼핑: 쇼핑 5% 캐시백 | 푸드: 푸드 5% 캐시백 | 생활: 일상 5% 캐시백
2905,트래블러스 체크카드,KB국민카드,체크,Mastercard,국내전용 [없음] / 해외겸용 [없음],200000,"200,000원",수수료우대: 무제한 | 기차: 5000원 | 푸드: 5000원,"교통, 푸드, 카페/디저트, 자동차/하이패스, 해외",false,,https://d1c5n4ri2guedi.cloudfront.net/card/2905/card_img/44879/2905card_3.png,https://www.card-gorilla.com/card/detail/2905,"해외: [해외 혜택] 해외 가맹점, ATM 이용 수수료 면제 | 할인: [국내 혜택] KB Pay 200원 추가 할인 | 카페: [국내 혜택] 카페 1,000원 할인 | 베이커리: [국내 혜택] 빵집 2,000원 할인 | 기차: [국내 혜택] 철도 5,000원 할인 | 고속버스: [국내 혜택] 고속버스 2,000원 할인 | 자동차: [국내 혜택] 주차장 500원 할인 | 푸드: [국내 혜택] 전국맛집 5,000원 할인"
350,직장인보너스체크카드,KB국민카드,체크,"VISA, Mastercard",국내전용 [없음] / 해외겸용 [없음],200000,"200,000원",공과금/렌탈: 7000원 | 주유: 무제한 | 쇼핑: 5%,"교통, 주유, 통신, 쇼핑, 푸드, 공과금/렌탈, 자동차/하이패스, 레저/스포츠, 여행/숙박",false,,https://d1c5n4ri2guedi.cloudfront.net/card/350/card_img/20594/350card.png,https://www.card-gorilla.com/card/detail/350,"공과금/렌탈: 국세&middot;지방세 7천원 환급할인 | 주유소: GS칼텍스 리터당 주중 50원, 주말 60원 환급할인 | 정비: 스피드메이트 엔진오일교환 2만원 현장할인 및 정비 할인 | 렌터카: SK렌터카 할인 (연 2회) | 백화점: 롯데&middot;현대&middot;신세계백화점 5% 환급할인 | 패밀리레스토랑: 아웃백 10% 환급할인 | 대중교통: 버스&middot;지하철 5% 청구할인 | 통신: 이동통신요금 1,000원 환급할인 (월 1회) | 테마파크: 에버랜드 50% 환급할인 | 해피포인트: 해피포인트 5% 현장적립 | 기타: 월간 통합할인한도"
2976,우체국 MY-TYPE 체크카드,우체국,체크,VISA,해외겸용 [없음],300000,"300,000원",생활: 3000원 | 선택형: 7% | 선택형: 10%,"통신, 마트/편의점, 푸드, 카페/디저트, 뷰티/피트니스, 공과금/렌탈, 병원/약국, 레저/스포츠, OTT/영화/문화, 여행/숙박",false,,https://d1c5n4ri2guedi.cloudfront.net/card/2976/card_img/48424/2976card_2.png,https://www.card-gorilla.com/card/detail/2976,"캐시백: 한눈에 보는 주요 서비스 | 생활: 통신료 자동납부 3천원 캐시백 | 선택형: 음식점, 패밀리레스토랑 7% 캐시백 | 선택형: 배달앱 7% 캐시백 | 선택형: 멤버십, OTT 10% 캐시백 | 선택형: 여행 7% 캐시백"
2693,K-패스 신한카드 체크,신한카드,체크,Mastercard,국내전용 [없음] / 해외겸용 [없음],200000,"200,000원",교통: 10% | 간편결제: 2% | 생활: 2%,"교통, 마트/편의점, 푸드, 카페/디저트, 뷰티/피트니스, 병원/약국, OTT/영화/문화, 간편결제",false,,https://d1c5n4ri2guedi.cloudfront.net/card/2693/card_img/33495/2692card.png,https://www.card-gorilla.com/card/detail/2693,"대중교통: 대중교통(버스, 지하철) 이용 시 10% 결제일 할인 | 간편결제: 간편결제로 결제 시 2% 결제일 할인 | 생활: 생활서비스 2% 결제일 할인"
348,노리체크카드,KB국민카드,체크,"VISA, Mastercard, UnionPay",국내전용 [없음] / 해외겸용 [없음],200000,"200,000원",교통: 10% | 통신: 2500원 | OTT/영화/문화: 35%,"교통, 통신, 마트/편의점, 푸드, 카페/디저트, 교육/육아, 레저/스포츠, OTT/영화/문화",false,,https://d1c5n4ri2guedi.cloudfront.net/card/348/card_img/20581/348card.png,https://www.card-gorilla.com/card/detail/348,"대중교통: 대중교통(전국 버스&middot;지하철) 10% 청구할인 | 통신: 이동통신요금 자동납부시 | 영화: CGV 35% 환급할인 | 푸드: 아웃백, VIPS 20% 환급할인 | 테마파크: 에버랜드&middot;롯데월드 50% 환급할인 | 금융: - 인터넷 모바일 폰뱅킹 타행이체 수수료 면제(KB국민은행 계좌에서 타행계좌로 이체 시) | 편의점: GS25 5% 환급할인 | 도서: 교보문고 5% 환급할인"
362,NH20해봄체크카드,NH농협카드,체크,Mastercard,국내전용 [없음] / 해외겸용 [없음],200000,"200,000원",쇼핑: 5% | 푸드: 5% | 카페/디저트: 20%,"교통, 통신, 마트/편의점, 쇼핑, 푸드, 카페/디저트, 교육/육아, 레저/스포츠, OTT/영화/문화, 공항라운지/PP, 해외",false,,https://d1c5n4ri2guedi.cloudfront.net/card/362/card_img/45717/362card.png,https://www.card-gorilla.com/card/detail/362,"선택형: 해봄 선택 서비스_여행해봄/놀이해봄 Type 중 택1 | 온라인쇼핑: 온라인 쇼핑몰 5% 할인 | 생활: 이동통신 자동납부 2,500원 할인 | 멤버십포인트: GS리테일 POP 서비스 | 기타: 주요서비스 통합 월 할인한도"
2933,신한카드 나라사랑카드 체크,신한카드,체크,VISA,국내전용 [없음] / 해외겸용 [없음],100000,"100,000원",캐시백: 20% | 캐시백: 20% | 교통: 20%,"교통, 통신, 마트/편의점, 쇼핑, 푸드, 카페/디저트, 교육/육아, 레저/스포츠, OTT/영화/문화, 해외",false,2026-01-01,https://d1c5n4ri2guedi.cloudfront.net/card/2933/card_img/46578/2933card.png,https://www.card-gorilla.com/card/detail/2933,캐시백: P.X. 20% 캐시백 | 캐시백: 전월 이용금액별 통합 캐시백 한도 | 할인: CGV 관람권 6천원 정액 제공 | 멤버십포인트: GS POP 서비스
2561,K-패스카드(체크),NH농협카드,체크,VISA,국내전용 [없음] / 해외겸용 [없음],200000,"200,000원",대중교통: 10% | 자동차: 5% | 충전소: 5%,"교통, 통신, 마트/편의점, 카페/디저트, 여행/숙박",false,,https://d1c5n4ri2guedi.cloudfront.net/card/2561/card_img/33460/2561card.png,https://www.card-gorilla.com/card/detail/2561,"교통: 버스/지하철 10% 캐시백 | 통신: 이동통신요금 5% 캐시백(월 3천원, 1회 한)"
2492,신한카드 플리 체크(산리오캐릭터즈),신한카드,체크,Mastercard,국내전용 [없음] / 해외겸용 [없음],0,없음,모든가맹점: 0.3% | 해외: 0.2% | 기타: 무제한,"모든가맹점, 무실적, 해외",false,,https://d1c5n4ri2guedi.cloudfront.net/card/2492/card_img/28476/2492card.png,https://www.card-gorilla.com/card/detail/2492,"국내외가맹점: 국내 이용금액 최대 0.3% 할인 | 기타: 매월 2회 국내 이용 할인 쿠폰 제공 | 적립: My Pick 가맹점 월 3, 6, 9번째 이용 건에 대해 마이신한포인트 1,000포인트 적립 | 선택형"
286,카카오페이 신한 체크카드,신한카드,체크,Mastercard,해외겸용 [없음],0,없음,간편결제: 2% | 교통: 3% | OTT/영화/문화: 3000원,"마트/편의점, 카페/디저트, 무실적, 간편결제, 해외",false,,https://d1c5n4ri2guedi.cloudfront.net/card/286/card_img/20508/286card.png,https://www.card-gorilla.com/card/detail/286,선택형: 카드플레이트 | 카카오페이: 카카오페이 결제 시 2% 적립 | 대중교통: 대중교통 3% 적립(버스/지하철) | 통신: 이동통신요금 자동 이체 시 3% 적립 | 영화: CGV 영화 이용 시 최대 3천원 적립 | 해외: 해외 전가맹점(온라인 포함) 이용금액에 1% 적립 | 프리미엄 서비스: Master 플래티늄 서비스
2394,트래블로그 체크카드,하나카드,체크,"Mastercard, UnionPay",해외겸용 [없음],0,없음,수수료우대: 무제한 | 해외이용: 무제한 | 모든가맹점: 0.3%,"무실적, 해외",false,,https://d1c5n4ri2guedi.cloudfront.net/card/2394/card_img/25975/2394card.png,https://www.card-gorilla.com/card/detail/2394,해외이용: 해외 가맹점 이용수수료 면제 | 수수료우대: 해외 ATM 인출 수수료 면제 | 적립: 국내 가맹점 하나머니 적립 서비스 | 선택형: 플레이트 3종 선택
435,카카오뱅크 프렌즈 체크카드,카카오뱅크,체크,Mastercard,해외겸용 [없음],0,없음,국내외가맹점: 0.2% | 캐시백: 0.4% | 혜택 프로모션: 무제한,"모든가맹점, 교통, 주유, 통신, 마트/편의점, 쇼핑, 푸드, 카페/디저트, 무실적, 병원/약국, 교육/육아",false,,https://d1c5n4ri2guedi.cloudfront.net/card/435/card_img/46143/435card_2.png,https://www.card-gorilla.com/card/detail/435,"국내외가맹점: 조건 없이 캐시백, 평일 0.2% 주말/공휴일 0.4% | 혜택 프로모션: 프렌즈 체크카드 캐시백 프로모션 2026 | 대중교통: 부릉부릉 K-패스 혜택 카드 | 선택형: 내 마음에 드는 디자인 선택의 즐거움"
281,신한카드 Deep Dream 체크,신한카드,체크,"VISA, UnionPay",해외겸용 [없음],0,없음,적립: 0.2% | 생활: 0.6% | 생활: 1%,"모든가맹점, 통신, 마트/편의점, 카페/디저트, 뷰티/피트니스, 무실적, OTT/영화/문화, 해외",false,,https://d1c5n4ri2guedi.cloudfront.net/card/281/card_img/20503/281card.png,https://www.card-gorilla.com/card/detail/281,"적립: 전월 실적/적립 한도 없이 국내/외 일시불+할부 이용 가맹점 0.2% 기본 포인트 적립 | 생활: 자주 가는 DREAM영역은 기본의 3배 (총 0.6%) 포인트 적립 | 생활: DREAM영역 중 가장 많이 이용한 영역은 기본의 5배 (총 1.0%) 포인트 자동적립 | 주유소: 주말(토,일) 전 주유소 리터당 40원 적립 | 택시: 택시 3,6,9번째 1천원 할인 | 적립: 반겨드림 3천 포인트 적립 | 금융: 수수료 우대"
2423,노리2 체크카드(Global),KB국민카드,체크,Mastercard,국내전용 [없음] / 해외겸용 [없음],200000,"200,000원",생활: 10% | 해외: 2% | 공항라운지: 무제한,"통신, 마트/편의점, 푸드, 카페/디저트, 뷰티/피트니스, 레저/스포츠, OTT/영화/문화, 공항라운지/PP, 해외",false,,https://d1c5n4ri2guedi.cloudfront.net/card/2423/card_img/27142/2423card.png,https://www.card-gorilla.com/card/detail/2423,"카페: [일상] 스타벅스, 커피빈 10% 할인 | 게임: [일상] 구글플레이스토어, 앱스토어 10% 할인 | 공연/전시: [일상] 인터파크 티켓 10% 할인 | 드럭스토어: [일상] 올리브영, 미용실 업종 5% 할인 | 편의점: [일상] GS25, CU 5% 할인 | 디지털구독: [일상]넷플릭스, 유튜브프리미엄 1,000원 할인 | 배달앱: [일상] 배달의 민족, 요기요 1,000원 할인 | 통신: [일상] SKT, KT, LG U+, Liiv M 2,500원 할인 | OTT/영화/문화: [일상] CGV 4,000원 할인 | 테마파크: [일상] 에버랜드, 롯데월드 15,000원 할인 | 해외이용: [Global] 해외 가맹점 2% 추가 할인 | 공항라운지: [Global] 공항라운지 더라운지멤버스"
2604,토심이 첵첵 체크카드,KB국민카드,체크,Mastercard,국내전용 [없음] / 해외겸용 [없음],300000,"300,000원",대중교통: 4000원 | 간편결제: 4000원 | 카페: 4000원,"교통, 마트/편의점, 쇼핑, 카페/디저트, 뷰티/피트니스, 교육/육아, OTT/영화/문화, 간편결제",false,,https://d1c5n4ri2guedi.cloudfront.net/card/2604/card_img/31223/2604card.png,https://www.card-gorilla.com/card/detail/2604,"대중교통: 후불교통(시내버스, 지하철) 청구할인, 고속/시외버스 환급할인 (최대 4천원) | 편의점: CU편의점 최대 4천원 환급할인 | 카페: 스타벅스(사이렌오더 포함) 최대 4천원 환급할인 | 영화: CGV 최대 4천원 환급할인 | 쇼핑: 텐바이텐 최대 4천원 환급할인 | 간편결제: 네이버페이&middot;카카오페이&middot;SSG페이 최대 4천원 환급할인 (온라인만) | 뷰티/피트니스: 올리브영, 안경(렌즈)점 최대 4천원 환급할인 | 도서: YES24, 교보문고 최대 4천원 환급할인 (온라인만) | 공연/전시: 인터파크티켓 최대 4천원 환급할인 (온라인만)"
2432,네이버페이 머니 하나 체크카드,하나카드,체크,Mastercard,국내전용 [없음] / 해외겸용 [없음],250000,"250,000원",적립: 1.2%,"모든가맹점, 간편결제",false,,https://d1c5n4ri2guedi.cloudfront.net/card/2432/card_img/27295/2432card.png,https://www.card-gorilla.com/card/detail/2432,적립: 국내/외 전가맹점 1.2% 네이버페이포인트 적립 | 선택형
2852,KB 틴업 체크카드,KB국민카드,체크,Mastercard,국내전용 [없음] / 해외겸용 [없음],0,없음,편의점: 5% | 쇼핑: 5% | 유의사항: 무제한,"마트/편의점, 푸드, 무실적, 교육/육아, 레저/스포츠",false,2025-05-29,https://d1c5n4ri2guedi.cloudfront.net/card/2852/card_img/46803/2852card_1.png,https://www.card-gorilla.com/card/detail/2852,"APP: [공통] KB Pay 오프라인 결제 2% 할인 | 편의점: [공통] CU, 세븐일레븐 5% 할인 | 쇼핑: [공통] 다이소, 올리브영, KB Pay 쇼핑 5% 할인 | 할인: [공통] 독서실 업종 5% 할인 | 도서: [공통] 서점 업종, 문구점 업종 5% 할인 | 게임: [놀이] PC방 5% 할인 | 할인: [놀이] 구글 플레이스토어, 애플 앱스토어 5% 할인 | 패밀리레스토랑: [외식] 패밀리레스토랑 업종 10% 할인"
2570,카드의정석 오하CHECK,우리카드,체크,Mastercard,국내전용 [없음] / 해외겸용 [없음],200000,"200,000원",온라인쇼핑: 5% | 간편결제: 5% | 카페: 5%,"교통, 통신, 쇼핑, 푸드, 카페/디저트, OTT/영화/문화, 간편결제, 해외",false,,https://d1c5n4ri2guedi.cloudfront.net/card/2570/card_img/46005/2570_card.png,https://www.card-gorilla.com/card/detail/2570,온라인쇼핑: [오늘 하루 SHOPPING] 온라인 쇼핑 5% 캐시백 | 간편결제: [오늘 하루 SHOPPING] 간편결제 5% 캐시백 | 생활: [오늘 하루 SHOPPING] 안경/렌즈 5% 캐시백 | 카페: [오늘 하루 EAT] 커피 5% 캐시백 | 배달앱: [오늘 하루 EAT] 배달/주문 5% 캐시백 | 대중교통: [오늘 하루 LIFE] 대중교통(버스/지하철) 5% 캐시백 | 통신: [오늘 하루 LIFE] 이동통신 5% 캐시백 | 해외: [오늘 하루 LIFE] 해외 5% 캐시백 | 생활: [오늘 하루 LIFE] 어학시험 5% 캐시백 | 디지털구독: [오늘 하루 PLAY] OTT 5% 캐시백 | 공연/전시: [오늘 하루 PLAY] 공연티켓 5% 캐시백
2321,모빌카드,KG 파이낸셜,체크,,국내전용 [없음],0,없음,적립: 1% | 적립: 7.5% | 패스트푸드: 10%,"마트/편의점, 쇼핑, 푸드, 카페/디저트, 무실적, OTT/영화/문화",false,,https://d1c5n4ri2guedi.cloudfront.net/card/2321/card_img/23849/2321card.png,https://www.card-gorilla.com/card/detail/2321,"모든가맹점: 온라인 1% / 오프라인 0.5% 무제한 적립 | 온라인쇼핑: 모빌마켓 이용 시 2% 무제한 적립 | 편의점: CU, | 카페/디저트: 카페/베이커리 브랜드 최대 7.5% 적립 | 생활: 대형마트/쇼핑/여가 브랜드 최대 7.5% 적립 | 푸드: 외식 브랜드 최대 6.5.% 적립 | 푸드: KFC 10% 즉시할인 | 통신: KG모바일 알뜰폰 결합 시 최대 4.5% 혜택 | 기타: 다양한 충전수단 | 기타: 이런 분들에게 좋아요! | 기타: - 페이북 및 간편결제에 등록하여 사용 가능"
2269,토스뱅크 체크카드,토스뱅크,체크,Mastercard,국내전용 [없음] / 해외겸용 [없음],0,없음,캐시백: 35000원 | 캐시백: 14000원 | 캐시백: 0.3%,"교통, 마트/편의점, 쇼핑, 푸드, 카페/디저트, 무실적, 교육/육아, OTT/영화/문화, 간편결제, 여행/숙박",false,,https://d1c5n4ri2guedi.cloudfront.net/card/2269/card_img/40299/2269card_1.png,https://www.card-gorilla.com/card/detail/2269,오프라인 캐시백: 토스뱅크 체크카드 스위치 캐시백 시즌 6 : 오프라인 캐시백 (기간 | 2026.04.01~2026.09.30) | 온라인 캐시백: 토스뱅크 체크카드 스위치 캐시백 시즌 6 : 온라인 캐시백 (기간 | 2026.04.01~2026.09.30) | 어디서나 캐시백: 토스뱅크 체크카드 스위치 캐시백 시즌 6 : 어디서나 캐시백 (기간 | 2026.04.01~2026.09.30) | 기부 캐시백: 토스뱅크 체크카드 스위치 캐시백 시즌 6 : 기부 캐시백 (기간 | 2026.04.01~2026.09.30) | 공통 혜택: 해외 이용 혜택
2519,개이득 체크카드,우체국,체크,VISA,해외겸용 [없음],0,없음,할인: 0.3% | 디지털구독: 30% | 온라인쇼핑: 30%,"쇼핑, 무실적, OTT/영화/문화",false,,https://d1c5n4ri2guedi.cloudfront.net/card/2519/card_img/28824/2519card.png,https://www.card-gorilla.com/card/detail/2519,할인: 국내 전 가맹점 0.3% 캐시백 | 디지털구독: OTT 30% 캐시백 | 온라인쇼핑: 패션 30% 캐시백 | 디지털구독: 멤버십 30% 캐시백
2626,네이버페이 머니카드,네이버페이,체크,VISA,국내전용 [없음] / 해외겸용 [없음],0,없음,해외: 2% | 네이버페이: 1.5% | 적립: 0.3%,"무실적, 간편결제, 해외",false,,https://d1c5n4ri2guedi.cloudfront.net/card/2626/card_img/31677/2625card_1.png,https://www.card-gorilla.com/card/detail/2626,해외: 해외 온/오프라인 2% 적립 | 여행/숙박: N트래블클럽 업그레이드 | 적립: 네이버 쇼핑 간편결제 최대 1.5% 적립 | 적립: 플러스 멤버십 스튜던트 정기결제 10% 적립
2667,신한카드 SOL트래블 체크,신한카드,체크,Mastercard,국내전용 [없음] / 해외겸용 [없음],0,없음,해외이용: 무제한 | 공항라운지/PP: 무제한 | 할인: 1%,"교통, 마트/편의점, 무실적, 공항라운지/PP, 여행/숙박, 해외",false,,https://d1c5n4ri2guedi.cloudfront.net/card/2667/card_img/32473/2660card.png,https://www.card-gorilla.com/card/detail/2667,해외이용: 해외 이용금액 현지 통화 결제 서비스 | 수수료우대: 국제 브랜드 수수료(1%)/해외 서비스 수수료(0.2%) 면제 | 공항라운지: 더라운지 공항라운지 본인 무료 입장 | 해외: 해외 대중교통 컨택리스 방식으로 이용 시 1% 결제일 할인 | 할인: 국내 4대 편의점 5% 결제일 할인 | 해외이용: 마스터 트래블 리워드(Master Travel Rewards) 서비스
2934,하나 나라사랑카드,하나카드,체크,VISA,국내전용 [없음] / 해외겸용 [없음],0,없음,캐시백: 30% | 온라인쇼핑: 20% | 편의점: 30%,"교통, 마트/편의점, 쇼핑, 푸드, 카페/디저트, 무실적, 공과금/렌탈, 교육/육아, 레저/스포츠, OTT/영화/문화, 여행/숙박",false,2025-12-15,https://d1c5n4ri2guedi.cloudfront.net/card/2934/card_img/46852/2934card_2.png,https://www.card-gorilla.com/card/detail/2934,무실적: 실적조건 없음 | Easy (실적 조건 없는 서비스) | 은행사: 급여이체 | Desire (군 급여이체 시 받는 서비스) | 할인: Basic (지난달 실적 10만원 이상 시 받는 서비스) | 금융: 금융 서비스 | 혜택 프로모션: 하나 나라사랑카드 26년 특별 혜택
2691,트래블러스 체크카드(토심이),KB국민카드,체크,Mastercard,국내전용 [없음] / 해외겸용 [없음],200000,"200,000원",수수료우대: 무제한 | 기차: 5000원 | 푸드: 5000원,"교통, 푸드, 카페/디저트, 해외",false,,https://d1c5n4ri2guedi.cloudfront.net/card/2691/card_img/33455/2691card_2.png,https://www.card-gorilla.com/card/detail/2691,"해외: [해외 혜택] 해외 가맹점, ATM 이용 수수료 면제 | 할인: [국내 혜택] KB Pay 200원 추가 할인 | 카페: [국내 혜택] 카페 1,000원 할인 | 베이커리: [국내 혜택] 빵집 2,000원 할인 | 기차: [국내 혜택] 철도 5,000원 할인 | 고속버스: [국내 혜택] 고속버스 2,000원 할인 | 자동차: [국내 혜택] 주차장 500원 할인 | 푸드: [국내 혜택] 전국맛집 5,000원 할인"
2422,노리2 체크카드(KB Pay),KB국민카드,체크,"VISA, Mastercard",국내전용 [없음] / 해외겸용 [없음],200000,"200,000원",카페: 10% | 편의점: 5% | 간편결제: 2%,"모든가맹점, 통신, 마트/편의점, 푸드, 카페/디저트, 뷰티/피트니스, 레저/스포츠, OTT/영화/문화",false,,https://d1c5n4ri2guedi.cloudfront.net/card/2422/card_img/27141/2422card.png,https://www.card-gorilla.com/card/detail/2422,"카페: [일상] 스타벅스, 커피빈 10% 할인 | 게임: [일상] 구글플레이스토어, 앱스토어 10% 할인 | 공연/전시: [일상] 인터파크 티켓 10% 할인 | 드럭스토어: [일상] 올리브영, 미용실 업종 5% 할인 | 편의점: [일상] GS25, CU 5% 할인 | 디지털구독: [일상]넷플릭스, 유튜브프리미엄 1,000원 할인 | 배달앱: [일상] 배달의 민족, 요기요 1,000원 할인 | 통신: [일상] SKT, KT, LG U+, Liiv M 2,500원 할인 | 영화: [일상] CGV 4,000원 할인 | 테마파크: [일상] 에버랜드, 롯데월드 15,000원 할인 | 간편결제: [KB Pay] 오프라인 가맹점 2% 추가 할인 | 간편결제: ["
2749,ONE 체크카드,케이뱅크,체크,VISA,해외겸용 [없음],0,없음,캐시백: 1% | 선택형: 5% | 캐시백: 1000원,"교통, 무실적",false,,https://d1c5n4ri2guedi.cloudfront.net/card/2749/card_img/48762/2749card_1.png,https://www.card-gorilla.com/card/detail/2749,대중교통: K-패스 카드란? | 대중교통: 대중교통 혜택 추가 3천원 캐시백 | 캐시백: * 모두 다 캐시백 / 여기서 더 캐시백 / 369 캐시백 중 1개 선택 가능 * | 캐시백: * 모두 다 캐시백 / 여기서 더 캐시백 / 369캐시백 중 1개 선택 가능 * | 캐시백: * 모두 다 캐시백 / 여기서 더 캐시백 / 369캐시백 중 1개 선택 가능 * | 캐시백: 15일 | 캐시백: 전월 상품/서비스 가입여부 확인 기준 | 기타: 기본 혜택
2929,KB Youth Club 체크카드,KB국민카드,체크,Mastercard,국내전용 [없음] / 해외겸용 [없음],200000,"200,000원",선택형: 50% | 선택형: 50% | 프리미엄: 무제한,"교통, 통신, 마트/편의점, 쇼핑, 푸드, 뷰티/피트니스, 레저/스포츠, OTT/영화/문화",false,2025-12-08,https://d1c5n4ri2guedi.cloudfront.net/card/2929/card_img/45849/2929card_1.png,https://www.card-gorilla.com/card/detail/2929,"선택형: 두 가지 혜택, 취향대로 Pick! | 선택형: 두 가지 혜택, 취향대로 Pick! | 혜택 프로모션: KB유스클럽 체크카드 X 유스클럽프로모션"